ФИО,Год поступления,Форма обучения,Средний балл аттестата,Общий балл,Специальность,Адрес регистрации,Телефон,Математика,Физика,Химия,Биология,История,Обществоведение,Русский язык,Иностранный язык,Информатика
Федоров Олег Викторович,2021,бюджет,8.151072052303158,305.4004751820826,Физика,"г. Гродно, ул. Кирова, д. 14",+375292458591,79.96714153011233,73.61735698828815,69.71532807151038,82.84544784612038,56.48769937914996,56.487945645762295,83.68819223261087,71.51152093729362,70.30525614065049
Сидоров Алексей Васильевич,2021,бюджет,5.8052355583976505,253.6625009168642,Психология,"г. Борисов, ул. Гагарина, д. 78",+375291445199,70.36582307187538,53.01405369644615,63.629434073490515,55.86719755342202,34.12623251230451,69.37712470759027,44.80753319498364,64.71370998892911,46.37963886718184
Егоров Наталья Викторовна,2021,бюджет,7.149967500248068,283.3028921664625,Лингвистика,"г. Молодечно, ул. Гагарина, д. 36",+375291109031,81.98473153382331,56.61335549270196,61.012923070318855,38.62877720679815,69.55617275474818,61.663838845647994,63.490064225776976,78.75698018345672,50.99041965121793
Морозов Юрий Борисович,2021,платное,7.736233483042948,295.27134931442714,Математика,"г. Барановичи, ул. Фрунзе, д. 44",+375292714803,68.98293387770603,93.52278184508938,59.79754162893099,44.13433606566149,72.33817368154783,41.68734525043467,63.132953925071334,55.403298761202244,40.07720926652354
Романов Анастасия Ивановна,2021,бюджет,5.384351813564719,291.3780496431856,Физика,"г. Пинск, ул. Фрунзе, д. 6",+375298707870,82.3846657999541,76.7136828118997,58.265275764176394,55.48344456616067,37.82217014448859,49.20233687407937,53.09041843560319,75.85683339328374,78.43618289568461
Сидоров Валерия Олеговна,2021,бюджет,8.670654152546831,310.5322377596893,Лингвистика,"г. Орша, ул. Фрунзе, д. 81",+375297067228,64.86125954092192,54.22376579375525,49.84616999541062,69.17514433261302,85.30999522495951,73.96920178674299,66.60782476777362,71.90787624148786,64.96895147105346
Петров Борис Юрьевич,2021,бюджет,6.725856294473851,289.06715461118716,Психология,"г. Борисов, ул. Фрунзе, д. 38",+375292338687,70.2082576215471,57.215115350042744,43.40497538990958,63.037933759193294,72.18788733591298,88.56240028570824,58.91984817629499,75.05299346838036,65.42454037571451
Морозов Валерия Максимовна,2021,платное,5.114917302478929,295.051305246914,Химия,"г. Солигорск, ул. Советская, д. 48",+375296960453,78.61395605508415,83.07054849698955,74.64173960890048,90.64643655814007,20.703823438653835,72.32853756562835,61.30570602357257,55.51488974301199,61.37641164803254
Андреев Борис Сергеевич,2021,платное,8.115920919736027,313.5587285836638,Химия,"г. Брест, ул. Гагарина, д. 94",+375295107245,72.80328112162488,65.35668857267619,89.77894044741517,69.81729781726352,47.87259595660218,52.47364434623195,73.73103176553111,64.93126664489526,52.05359694349442
Макаров Олег Олегович,2021,бюджет,7.218495439949824,310.4527325201064,Математика,"г. Борисов, ул. Кирова, д. 42",+375291938483,75.9707754934804,84.68644990532889,49.469203591839715,55.085067801033475,54.118377703017636,38.04727577801822,64.44180415596864,77.6105527217989,60.07670184963691
Семенов Сергей Владимирович,2021,платное,7.410664901080599,273.50302373281795,Химия,"г. Могилев, ул. Советская, д. 73",+375296279418,60.84629257949586,53.69032015851961,71.57285483473231,66.9772273077838,57.580714325009865,66.06076285221808,88.29278851815795,62.61866719247759,63.86325586084146
Макаров Вероника Максимовна,2021,платное,8.402319639224128,315.070207463514,Химия,"г. Гродно, ул. Победы, д. 18",+375295137722,55.812287847009586,59.602291868261744,75.60230209941027,99.63242112485287,57.114585528283165,64.52321013500419,59.47932345442135,42.46982943570702,77.14234221772531
Егоров Татьяна Павловна,2021,платное,6.895829215060561,284.2585225412737,Лингвистика,"г. Новополоцк, ул. Победы, д. 29",+375293320821,71.8654792056457,46.35918817807892,81.04191466404149,38.97223405811579,80.8685709380027,92.85683438714968,65.09463674869312,69.33702270397228,61.49477047631462
Романов Артем Артемович,2021,бюджет,6.022962820279254,264.98223777503534,Лингвистика,"г. Гродно, ул. Кирова, д. 21",+375298082668,36.74004853400801,61.02844462209041,44.06544429410843,67.10388645952773,65.80575765766197,83.24901607526309,67.16746707663764,71.77938483794324,72.20275826054504
Андреев Валерия Максимовна,2021,бюджет,7.856381607879824,315.50298272793566,Психология,"г. Жлобин, ул. Победы, д. 71",+375291192619,77.2745993460413,79.60714131423643,35.88775148158159,76.84633858532304,63.89824191372635,82.81822871777311,41.44573933682877,40.193150803735854,67.82912348425347
Борисов Наталья Владимировна,2021,платное,8.287864330360595,301.93501893000797,Физика,"г. Мозырь, ул. Ленина, д. 38",+375298294150,77.50492850345877,78.46448209496975,49.79962917632264,63.48380545741505,64.39608709948021,49.28472872960448,87.98661766717134,67.10749381367681,63.08696502797351
Степанов Никита Вадимович,2021,бюджет,6.595516602771013,308.0471251894009,Математика,"г. Жлобин, ул. Ленина, д. 81",+375296007072,65.25318329772679,82.87084603742451,77.37893368511106,47.68976522472434,74.45064193866483,66.19171390404748,72.33090239991735,93.96792982653947,56.31917825995694
Лебедев Дмитрий Вадимович,2021,платное,10.0,342.43226768365247,Лингвистика,"г. Речица, ул. Фрунзе, д. 68",+375291009594,46.65728355561715,47.762845725518424,58.843474358788434,65.11727962224965,77.7669079933002,72.40774873554035,75.13001891877907,89.53534077157317,56.03014750143066
Смирнов Алексей Иванович,2021,бюджет,5.682183330376962,300.04323587477245,Психология,"г. Орша, ул. Советская, д. 8",+375295041154,81.25667347765007,47.14263665375576,43.93661252908332,79.82472415243186,56.64805822011223,82.14000494092092,67.09856436860318,58.90756631014691,47.29809422897392
Соловьев Вадим Михайлович,2021,целевое,6.128435642603252,273.2149929155308,Психология,"г. Могилев, ул. Фрунзе, д. 69",+375293109911,70.53485047932979,72.84598191485209,63.21140616195306,62.542612212880115,62.59771388776773,78.85317379728836,46.74213845698301,62.305876589182915,60.87313077669
Попов Ольга Владимировна,2021,платное,10.0,339.3235783762873,Математика,"г. Жлобин, ул. Фрунзе, д. 78",+375298099076,78.57787360348283,80.60784526368235,76.24576864762915,75.80703078052355,39.33495948064363,45.93262440127316,67.7255290081299,80.1378595091221,67.72571529459071
Зайцев Игорь Дмитриевич,2021,целевое,7.598248967263587,322.74532492755753,Химия,"г. Новополоцк, ул. Кирова, д. 84",+375297264956,80.70890510693167,77.03348460270898,84.54001763493203,81.51391251305797,55.27096133039482,71.38453830739901,48.40762178193643,56.44772089889987,52.71954678256345
Смирнов Дарья Викторовна,2021,платное,8.31551729872161,322.0372018457998,Медицина,"г. Борисов, ул. Ленина, д. 44",+375291352896,98.14658566673509,31.99102211112378,81.86260190374513,58.87284128810349,52.9210220131585,76.33425895451049,60.96420028643194,43.83382833106041,49.27044436110047
Федоров Татьяна Александровна,2021,платное,8.52292000175547,302.74872044750526,Психология,"г. Могилев, ул. Кирова, д. 81",+375291987737,67.69633368282864,63.246878843729625,60.68357759855721,68.48399652394183,92.15916133987989,81.33919022318011,29.622861200135894,62.796814721541416,50.07320302847418
Романов Андрей Евгеньевич,2021,бюджет,7.985978053153147,310.6419978787103,Химия,"г. Могилев, ул. Гагарина, д. 31",+375295672073,67.07479261567299,58.278953377996515,80.04987278980457,83.65755194170121,41.99555389416336,54.98248146238578,52.87582033258566,50.200061511394324,86.48181360421646
Соловьев Владимир Павлович,2021,бюджет,8.429560864115205,328.2329836734394,Медицина,"г. Полоцк, ул. Советская, д. 61",+375297829332,62.391160456649544,73.76792920582164,96.22156197012633,85.32465260551147,37.2094505106898,52.73648890700623,79.00366723779933,49.38495801571829,66.65729142219342
Лебедев Галина Кирилловна,2021,бюджет,7.656888692743309,249.64303239761864,Химия,"г. Лида, ул. Мира, д. 94",+375291908841,65.73069528421917,59.107119659073,42.58732659930927,64.7561235866571,56.2114777291026,41.28325227052726,84.48616955897452,38.54787933059051,53.39933269954524
Яковлев Юрий Артемович,2021,бюджет,7.037623683765887,296.1283690664258,Физика,"г. Борисов, ул. Советская, д. 25",+375299997381,89.41273289066116,60.6413784882056,77.4474562823244,60.1534959152938,45.27737023428074,66.93155211394907,62.98589543360205,50.99674684261808,75.69802084990019
Морозов Иван Максимович,2021,бюджет,6.752760576215287,297.1447923878504,Медицина,"г. Борисов, ул. Фрунзе, д. 10",+375298434500,76.13517345251248,69.9319601178157,90.86016816145352,62.62184501173151,91.995500619844,30.718683007162472,57.72322357446625,68.82475809726864,64.2148780160255
Григорьев Наталья Александровна,2021,бюджет,8.255554610308335,323.19469492583244,Лингвистика,"г. Могилев, ул. Фрунзе, д. 31",+375293790237,56.87816624464087,52.604985980117505,51.15952864583683,72.74403145531537,78.57015485965047,49.60635607109019,83.9959987543325,78.07299520876609,72.1929317825844
Романов Кирилл Игоревич,2021,бюджет,7.257368817079327,292.6222321758813,Юриспруденция,"г. Гомель, ул. Советская, д. 49",+375291036161,47.56507483616892,51.597284397045456,71.20940407684893,69.15555398150197,74.79098406035853,76.17327383308782,79.16497343682637,69.0842861116417,68.20646071755057
Волков Екатерина Кирилловна,2021,бюджет,7.343828334758778,308.60044226952414,Юриспруденция,"г. Речица, ул. Кирова, д. 92",+375299164991,56.73478195159169,76.48165277980786,72.38124523482045,72.20264454000957,88.05478807154329,75.21003841632759,70.22929456942445,71.89733243406543,64.86249528732664
Петров Кирилл Павлович,2021,бюджет,8.254014611117135,322.378302955097,Математика,"г. Речица, ул. Ленина, д. 96",+375296261415,75.96995964992718,80.95157025436913,47.726689751497915,91.3858091352819,44.90973927750447,41.787170808184015,77.37166310250102,82.91662693962935,69.36179725578234
Степанов Елена Никитична,2021,бюджет,6.82353053663523,288.2696084657811,Информатика,"г. Брест, ул. Ленина, д. 66",+375292344047,74.87753227153085,66.02745628514168,61.137068372905894,49.842574327318324,74.62679600126627,57.79413927746792,47.61754204811233,55.1792123752051,79.12931454275625
Захаров Борис Викторович,2021,бюджет,7.243863417945783,277.5786645949471,Математика,"г. Новополоцк, ул. Ленина, д. 73",+375295130808,66.77779604433569,77.43687211491913,63.674498566630845,52.39585236943305,52.93442541572516,63.480749060364545,38.27873487754014,60.92536225623445,49.22333668121346
Егоров Вадим Юрьевич,2021,платное,6.507322867737212,281.55762538733984,Психология,"г. Жлобин, ул. Победы, д. 34",+375294426900,78.10907565598005,82.13034325424329,72.86489434803029,73.40061470036574,59.71475688145967,64.97470635362191,59.72230296011415,55.670120416197925,64.84077840507135
Кузнецов Вероника Юрьевна,2021,бюджет,6.57238825937344,292.0310670251057,Экономика,"г. Орша, ул. Мира, д. 41",+375292217071,80.19346514241172,82.99108369503867,58.36859777314714,66.02567583148412,70.35215987566669,70.98779528114164,63.36138722715625,75.12592400781794,61.465141478232475
Смирнов Светлана Андреевна,2021,бюджет,6.5300420575738185,317.4235345629588,Информатика,"г. Речица, ул. Советская, д. 65",+375295449324,75.24510174258943,79.9799829124545,81.76715411692562,74.3890623912781,92.29773686267335,48.489786556679256,73.08480955081018,62.75013008607527,96.89802933217672
Федоров Борис Иванович,2021,целевое,6.807715613205116,297.447719647962,Математика,"г. Орша, ул. Советская, д. 57",+375296075395,66.60278157819224,69.00607354555977,28.141564135352898,52.113674674788584,48.61301007669453,62.25590679714311,65.12633963665739,93.76170839215887,74.25635757279075
Иванов Мария Юрьевна,2021,целевое,8.985379574368155,319.4924801676944,Психология,"г. Речица, ул. Победы, д. 85",+375292737893,66.01585328651642,67.37878757259759,40.19650189469037,93.31458765854353,77.69160181081931,70.30824347895295,34.30298206363683,80.3080856124812,58.28190232121073
Соловьев Василий Олегович,2021,бюджет,8.117326600870499,282.81144434101066,Математика,"г. Гродно, ул. Победы, д. 37",+375294533779,59.05572341205633,69.00624977046228,60.07865549577275,60.70470890647113,53.249017927811344,69.34274898521248,43.98569355926108,73.57620514978707,61.804434475678484
Степанов Никита Михайлович,2021,бюджет,7.581022177692131,301.59825153517323,Экономика,"г. Пинск, ул. Фрунзе, д. 7",+375292548511,82.11614878088889,43.13036862243196,36.98828743896567,79.16515232847763,64.98471017969388,67.51513463443446,83.26727963283784,76.15674634292859,77.6894577609574
Иванов Андрей Евгеньевич,2021,платное,5.389512616292263,305.895715834082,Юриспруденция,"г. Гродно, ул. Кирова, д. 34",+375293710895,90.91121887322981,86.33011263664807,56.2655377728139,74.57356426431534,81.45375949585147,88.68631557532349,45.52614809129843,81.8605145999844,75.87636730274382
Николаев Галина Александровна,2021,платное,7.433342761324058,291.9821967000969,Медицина,"г. Витебск, ул. Ленина, д. 89",+375293500715,63.16741487334225,29.411517333598493,72.30593165555442,82.17542255795962,82.53535578144042,61.111421706296625,84.42923318356938,39.29847812677663,34.44926340967268
Орлов Анна Олеговна,2021,бюджет,6.228943773733258,268.51192732997896,Лингвистика,"г. Гродно, ул. Мира, д. 17",+375291701771,65.76098173408961,59.509578778588605,28.98836849940185,58.66319940730818,61.95530499495147,70.04508823245058,78.66598246096848,65.60120213672644,52.2919962399496
Лебедев Андрей Васильевич,2021,бюджет,6.062546528893382,280.1818790080251,Биология,"г. Борисов, ул. Кирова, д. 14",+375296933742,74.37320902726829,74.32713480751858,65.14273953664457,80.04046515517844,52.04613572441339,48.10690751606484,58.394544600681634,44.47136516370939,51.69526041979227
Андреев Виктория Борисовна,2021,платное,6.809018111226384,305.68364471626285,Лингвистика,"г. Борисов, ул. Фрунзе, д. 21",+375293970445,89.47087699374583,60.52895327957593,49.50411738011122,63.20969866101333,73.8767195030917,56.685456007001655,81.14166700043425,82.57507710047305,52.04248278584209
Яковлев Юрий Кириллович,2021,бюджет,8.843489893721491,330.50671722209927,Юриспруденция,"г. Борисов, ул. Победы, д. 21",+375292813543,55.874224542725344,25.471182528966224,37.27213406702172,80.50311401166786,91.44967713501283,72.50963960443622,68.6483544458365,78.11250154543536,100.0
Федоров Елена Васильевна,2021,платное,8.55796770833934,277.97815249842967,Юриспруденция,"г. Молодечно, ул. Победы, д. 40",+375294818418,58.0812361277885,45.666893390993614,35.903305196136415,63.051954538008346,67.43649254715697,60.77746290402326,50.301406736362104,64.18451996385605,85.30712452608847
Семенов Игорь Евгеньевич,2021,бюджет,5.8406403228427966,275.4875178784554,Химия,"г. Пинск, ул. Фрунзе, д. 9",+375295682940,74.92027358683383,82.19916208335039,75.77368307647619,66.38715798671737,82.84686115904486,68.08365065526988,44.441307685103155,57.14491982874588,46.86572619922865
Захаров Вероника Олеговна,2021,платное,6.502859860306755,285.77921254393885,Экономика,"г. Мозырь, ул. Ленина, д. 15",+375295382463,84.26177547531641,88.64124960705196,39.02148639271288,68.44453855035856,50.2403614631726,70.12874616235304,51.11409113641696,66.36009230320184,60.72782441917241
Петров Никита Артемович,2021,платное,8.401664548046147,301.443280195783,Математика,"г. Лида, ул. Победы, д. 94",+375296262632,77.70456825779839,74.49761890550863,56.41577929700385,46.386545069376034,51.34843004147501,71.33086838738635,67.5137578143657,65.22444755201448,61.489984581438385
Смирнов Ксения Игоревна,2021,платное,6.414820049874709,263.9476373932905,Юриспруденция,"г. Барановичи, ул. Победы, д. 6",+375298315831,34.95892078317942,68.15040288569902,50.060643615812296,68.5589800288974,67.36740843457483,56.95117899335481,35.58686343175256,75.48084946661382,63.89583752582223
Захаров Наталья Юрьевна,2021,платное,6.807729756572222,292.91094962295074,Информатика,"г. Барановичи, ул. Победы, д. 56",+375292173965,81.38592458777374,58.3847993773104,59.00880302029025,41.834757003563155,50.222458382967616,60.71098006974621,47.09379952074072,54.23166683655262,85.0629280921444
Соловьев Виктор Дмитриевич,2021,платное,6.775217775941015,291.10969246492687,Экономика,"г. Жлобин, ул. Победы, д. 86",+375297851696,83.35692112065142,43.05439718013573,67.94706266872925,81.6235293098685,22.92533249809066,67.03104744529523,68.6560819077081,72.96954613957007,65.56718810056964
Николаев Павел Борисович,2021,бюджет,6.994818623015685,287.369732565465,Экономика,"г. Барановичи, ул. Мира, д. 86",+375297361002,75.865897874729,57.664841469118805,77.5167309248971,63.816312649518196,65.06403993112804,70.88123033877532,52.6859066389126,70.6744181218038,65.91678213567445
Семенов Роман Олегович,2021,платное,7.078183819150429,309.3527316377487,Математика,"г. Минск, ул. Победы, д. 37",+375294526280,77.89774856896413,95.75400798645438,73.06687055147539,55.10964701748238,78.01820883245918,53.87886940467673,29.428131972332192,64.91913689082595,31.938121184612164
Макаров Юлия Евгеньевна,2021,платное,8.872504851848316,307.6164031791089,Юриспруденция,"г. Молодечно, ул. Мира, д. 57",+375294585314,60.276275687843274,85.14655968412924,64.90391060646245,56.71349206786704,83.2940558118349,52.88864690992115,63.53421837162849,82.70865193886966,37.821206313302376
Захаров Евгений Андреевич,2021,бюджет,6.472699408909359,278.4536039496282,Лингвистика,"г. Орша, ул. Гагарина, д. 85",+375296623525,65.07744611241621,53.77068129148798,69.49172799159427,94.06039286706593,76.81866255058495,63.723308794505044,70.40639100459757,66.50155630535208,72.45503724816368
Захаров Михаил Дмитриевич,2021,платное,7.952760591653822,296.0237612203199,Физика,"г. Борисов, ул. Фрунзе, д. 26",+375293472189,75.71566237219392,70.22342553234883,67.18469738619588,65.00493157930423,75.56309916386849,52.349754017178796,55.95187597059943,45.31854426326539,70.55706739923889
Андреев Елена Андреевна,2021,бюджет,9.29525317378702,298.5135621735047,Информатика,"г. Молодечно, ул. Мира, д. 81",+375294262081,82.56988616645351,65.77834675822375,73.0440888015849,80.33456788207427,66.20152354835551,88.151937188371,48.39316201344641,41.33017945032874,57.212797510957216
Кузнецов Михаил Сергеевич,2021,бюджет,7.768660829134958,335.69400614625704,Юриспруденция,"г. Минск, ул. Фрунзе, д. 99",+375292788238,69.81548484531086,59.16622993634317,64.19952939479731,43.11766429052435,99.45751979616827,76.29221181975228,61.64092191907339,82.25766623898691,67.2151384760507
Павлов Мария Алексеевна,2021,бюджет,8.813029822165138,322.69213852273697,Юриспруденция,"г. Речица, ул. Советская, д. 16",+375298658158,48.142883168320324,67.07202535703993,88.2303674471255,80.18130069232467,90.93186626639397,69.88784323568815,45.15592769612129,73.74213079900352,60.835873684330416
Николаев Мария Романовна,2021,платное,5.945905473523661,283.5630913045786,Математика,"г. Мозырь, ул. Фрунзе, д. 57",+375299468772,58.07535370285181,90.29550319460614,57.629881521315156,53.5967839507887,44.81843437109749,35.177149922013456,72.34755875942872,75.73317967188405,40.65058650388419
Павлов Ольга Вадимовна,2021,платное,8.335447637776102,302.6268613742468,Юриспруденция,"г. Полоцк, ул. Мира, д. 34",+375295147994,54.96322951064808,85.0353228793409,56.10612972954593,37.45285570322841,72.54256935914056,72.2727643025233,19.546700355876425,74.45705133482188,56.53598204686983
Козлов Мария Сергеевна,2021,платное,7.326767505691269,303.0030900134011,Биология,"г. Борисов, ул. Победы, д. 57",+375292299954,93.48956094945345,76.89847544321637,72.3111130944517,63.934740912583294,98.60039704874791,60.888276510217324,60.20893937869419,59.638123693349954,62.971271411517826
Алексеев Юрий Олегович,2021,бюджет,8.809808222306954,301.59968174076954,Биология,"г. Могилев, ул. Советская, д. 20",+375294879923,69.26337993119763,51.79711588139412,74.67246729784002,69.56575228866235,49.30731325984253,61.596453415378456,56.17534173868717,82.55989482874033,20.235452874104823
Сидоров Кирилл Кириллович,2021,платное,9.02586611399299,310.92808175107916,Юриспруденция,"г. Лида, ул. Победы, д. 70",+375298816912,78.69127788746444,28.89914651387776,54.85968608879477,54.428387010063126,60.924883052821784,67.22183312409125,43.34136231801257,92.52270443423623,74.03517589721191
Семенов Виктория Павловна,2021,бюджет,8.033115973783248,296.4916578751409,Юриспруденция,"г. Минск, ул. Фрунзе, д. 98",+375297381734,70.82508096064853,43.06422343174156,52.132196005803394,67.34061841841877,62.778721911080545,82.12998430172388,56.39511902762798,71.25179192450402,70.66439952305237
Волков Анастасия Игоревна,2021,бюджет,7.278117436268413,289.52023549793694,Медицина,"г. Лида, ул. Гагарина, д. 96",+375294700025,71.3903383418092,77.38994705046372,64.18936672400102,81.15935606944264,68.89651886952575,55.35680341029015,64.89199533363177,41.23329635422046,73.86040528810352
Козлов Галина Александровна,2021,бюджет,9.535747641948046,294.0021963452269,Медицина,"г. Новополоцк, ул. Победы, д. 86",+375297783308,69.7727697948096,75.73513838755333,67.9565630945724,60.91538703636441,36.65056239714144,69.0901492701846,40.793559712555755,86.32191272976547,28.771058881744167
Андреев Владимир Олегович,2021,платное,7.431665251534719,301.96271368328826,Математика,"г. Минск, ул. Мира, д. 76",+375291454696,77.11017467202619,74.03286888129608,51.826213697865754,65.98704171528107,59.435479463627274,76.54952823024783,61.7134147299306,76.50301761461877,54.54581681679216
Романов Владимир Максимович,2021,платное,6.566034329517225,271.23908025443296,Физика,"г. Брест, ул. Ленина, д. 34",+375297360307,78.0780176889206,57.89831607343375,39.77721866841431,71.14896141034072,62.562981571919124,57.24024995470981,60.2765089959809,65.21372558042506,69.60240319690638
Алексеев Сергей Игоревич,2021,бюджет,8.717244078021757,328.68377799478,Экономика,"г. Пинск, ул. Фрунзе, д. 54",+375295232413,76.95845255097682,45.32440833577452,66.12379133571707,34.46124593643239,75.43733455988465,79.72597482413043,63.840446014708135,84.82690983945514,84.98211666693865
Петров Наталья Ивановна,2021,бюджет,5.812006683782133,245.8003768272284,Физика,"г. Борисов, ул. Кирова, д. 9",+375291675419,56.59125768668355,62.204230332642986,50.62772133456482,60.3913657531625,67.76488530703685,49.11384280269802,62.80150146715617,48.66925601470016,68.88482197008052
Григорьев Игорь Александрович,2021,целевое,8.34037185529079,277.07096223382337,Информатика,"г. Гродно, ул. Советская, д. 17",+375298945036,65.76766753889096,61.48315394383666,45.36190120534001,75.80462694911759,45.759016667520854,99.48573097256086,67.39976851321333,62.77254185542311,66.41642219818786
Павлов Кирилл Владимирович,2021,платное,9.674938269596314,310.94343200216133,Физика,"г. Солигорск, ул. Советская, д. 78",+375292921542,69.24362173762226,76.22009814645361,98.40126807403192,58.559101504130254,77.23909989428513,49.45235362311169,59.47517264254557,86.56200953453265,68.73032942212232
Орлов Василий Александрович,2021,целевое,8.244806517060814,306.4257304107051,Математика,"г. Орша, ул. Гагарина, д. 87",+375297296605,82.07751935455475,69.37533224105732,69.48611608583282,74.58831674440094,69.32714943325794,36.446629201643155,49.09294236262697,72.52481364448495,58.88349856349931
Сидоров Игорь Павлович,2021,целевое,5.50684687978081,301.0659813249491,Юриспруденция,"г. Борисов, ул. Ленина, д. 90",+375296059717,62.66551501399881,39.96983461934848,65.70296776508945,69.15878617925735,80.5979044793104,85.80780725554622,72.50883231823356,79.59180079228437,58.94751432812029
Яковлев Светлана Алексеевна,2021,платное,7.535707367394894,302.41729864040076,Психология,"г. Солигорск, ул. Гагарина, д. 55",+375297217147,79.29618219132585,63.115315307446664,64.0736825579306,62.232514241796906,43.784151893876064,85.53152853332904,59.406672692150174,70.22251046058936,60.42477564195692
Иванов Юрий Кириллович,2021,платное,6.426471237336595,306.0446644066874,Физика,"г. Полоцк, ул. Ленина, д. 56",+375297076506,84.38283805975998,69.83955271782627,61.44181165411475,53.06587066942436,53.482556588515266,55.36241814797041,63.33200657450569,52.818770675047844,87.55756125573521
Попов Галина Никитична,2021,платное,8.778576450078422,327.3523746678237,Медицина,"г. Пинск, ул. Гагарина, д. 69",+375299111742,73.13128355838641,53.40403412588738,89.46977884353733,76.96554776511574,75.47766809202952,37.716594404445416,64.00575398803889,73.34446193435156,61.23425983913136
Морозов Татьяна Евгеньевна,2021,бюджет,7.161858469367392,310.80629582446613,Медицина,"г. Борисов, ул. Фрунзе, д. 12",+375295679639,69.82711549899628,81.1402116027837,97.9889812361925,71.37161439560342,53.31746217898842,81.80076715676552,83.69358218596068,52.15709959270097,53.69719774356214
Орлов Екатерина Романовна,2021,бюджет,7.243213386929389,266.26824544038914,Медицина,"г. Новополоцк, ул. Победы, д. 4",+375299293086,61.555494889657226,46.220220802737025,64.95859233247933,67.32202434895872,59.47972668919828,63.51322098804781,83.25750739221115,45.024689388918134,74.76483597714875
Лебедев Кирилл Владимирович,2021,бюджет,6.862803653997819,322.61091348264426,Экономика,"г. Мозырь, ул. Победы, д. 77",+375295635017,74.50536290347567,70.12229238249905,43.159169676565526,65.73614619276076,62.49678312319584,79.92451264008149,64.33752965861727,99.55300139910895,50.43390023623026
Сидоров Игорь Викторович,2021,бюджет,8.259518181306612,318.19082412578643,Лингвистика,"г. Лида, ул. Мира, д. 72",+375295031966,50.65289210362853,51.66784321259618,50.439193090402235,77.83524796661328,89.20504247989855,51.438805593757856,66.67644426895771,79.71415556386404,51.716654335785435
Павлов Ирина Александровна,2021,платное,9.91224544651962,359.58551341796505,Медицина,"г. Могилев, ул. Победы, д. 29",+375297784725,77.029230208513,37.26383827504152,90.47505201330061,92.95877673095522,50.80816964273421,54.18447660096024,64.28798086087357,65.01685184980538,69.87816409009245
Лебедев Татьяна Михайловна,2021,бюджет,8.9260719281377,291.38875432687206,Химия,"г. Речица, ул. Гагарина, д. 45",+375298138769,73.2305277250595,48.02554133192319,61.20680771985473,67.69069960058081,59.503095406893046,86.91836795276681,52.235830514457426,63.35681927458348,59.753656558908716
Морозов Екатерина Дмитриевна,2021,бюджет,8.83044429669949,322.369718808647,Лингвистика,"г. Пинск, ул. Советская, д. 16",+375294231028,97.90398638810433,52.03696840619519,52.658408362226666,75.66241315603608,81.81891489626311,87.7006098860405,80.83928185325964,71.40707909212941,68.85982246038463
Борисов Наталья Вадимовна,2021,бюджет,6.5196771948153165,306.3558295003565,Экономика,"г. Барановичи, ул. Советская, д. 95",+375299123504,83.20482181197364,67.60911046660947,76.00012034383731,77.5394338566851,80.7323848655629,81.48709887589642,57.493228795247184,76.46713686433323,78.09763449762535
Андреев Мария Дмитриевна,2021,платное,10.0,341.7586999441502,Биология,"г. Витебск, ул. Фрунзе, д. 25",+375295970190,78.68673308872901,54.09991781508959,75.28744822934817,87.78451862607298,62.86648602029855,60.69654822234223,39.60215788530121,71.19380349040831,69.68226271711613
Иванов Роман Олегович,2021,бюджет,7.732907991477969,317.519667199992,Химия,"г. Гродно, ул. Победы, д. 6",+375291914794,71.92221765046999,63.287254914959085,77.49383683710755,90.77453279763475,58.57056701419572,64.18532288655508,69.11844764574809,62.79913684734537,53.30349578174208
Макаров Владимир Михайлович,2021,бюджет,7.421099686712415,309.3443634343019,Лингвистика,"г. Витебск, ул. Фрунзе, д. 2",+375295770422,76.10447624789659,44.602270508834096,61.99454511220314,49.4981877759124,86.95046628924842,37.15219642824338,69.41078152728412,78.7721187506452,83.4828604385151
Попов Юрий Алексеевич,2021,бюджет,6.823105643115926,251.21086259386402,Медицина,"г. Пинск, ул. Фрунзе, д. 62",+375292914064,69.44800473306802,88.21735604160885,60.51986099583756,53.01194043379918,66.60021675079999,52.46918663471083,44.681507743039305,70.6253467094903,63.65701070656798
Орлов Борис Сергеевич,2021,бюджет,7.79200733918723,298.3857425244098,Физика,"г. Гомель, ул. Советская, д. 20",+375296097514,62.19695601329106,83.72457328280144,69.75301766937991,58.51236204330926,87.69955494071499,43.94872850510771,37.117122436128916,49.62137895178133,74.54413983644503
Николаев Виктор Кириллович,2021,целевое,8.037250272020778,312.1783689091095,Физика,"г. Борисов, ул. Фрунзе, д. 67",+375297381684,72.5876394214367,78.52055396514297,41.22690863714334,81.65646906109889,58.76773232411147,76.75943747382192,65.14088019566556,66.85129828730676,80.69767280232205
Романов Роман Павлович,2021,целевое,5.783069877458342,298.31317564615864,Медицина,"г. Лида, ул. Победы, д. 73",+375292010496,81.42722759867544,79.93728795198646,76.9652116970147,82.09003757588512,58.6539645856916,81.6017582317421,49.85411546911095,87.01410649366224,59.39763074033485
Борисов Василий Васильевич,2021,целевое,8.412497587373156,284.9843729203602,Психология,"г. Барановичи, ул. Победы, д. 85",+375292362099,76.2810441491079,49.78422513787679,72.60965323483086,68.4737602069761,53.307248501778304,56.10459269054469,53.21540521126385,23.64181010056565,36.24145764771415
Сидоров Ольга Вадимовна,2021,бюджет,7.532263006793437,321.2088301780491,Математика,"г. Минск, ул. Мира, д. 58",+375298883823,82.85800158650832,79.25457561784965,45.495357853061805,59.2843296578703,59.945961913641476,42.624529662111854,82.55097452650726,83.77362290575671,56.68553739255504
Зайцев Павел Дмитриевич,2021,бюджет,8.18709933762739,299.6632051505655,Биология,"г. Молодечно, ул. Ленина, д. 88",+375294916201,77.08382807947552,29.373976973635642,72.52822617479403,68.18015752002202,44.975699851576266,55.78349560671067,86.96529790274283,69.61264291900514,51.432315153258045
Захаров Татьяна Васильевна,2021,платное,6.857717746127318,301.69766774927916,Биология,"г. Лида, ул. Ленина, д. 70",+375294771676,88.99355436586002,73.86950524369153,75.59630369920174,68.53063222294426,70.47334970420386,65.90228078132624,73.42789830041599,69.52757702522955,75.74329072979003
Сидоров Дмитрий Алексеевич,2021,целевое,8.0089991356823,315.4010697195471,Математика,"г. Брест, ул. Фрунзе, д. 40",+375295842082,88.17394065634326,76.975996046924,91.12891308937898,49.66218272865648,86.03945704747875,62.96866175193972,50.22872994578327,70.16114165945679,55.1947903770852
Зайцев Роман Игоревич,2021,бюджет,6.272648921761913,314.134001761483,Медицина,"г. Пинск, ул. Гагарина, д. 70",+375299284509,80.228354880355,51.394499940921314,74.75645407739017,96.42270358611864,85.91314755151066,66.54485504511048,60.570052172523006,61.80046990077392,69.20276959095625
Егоров Андрей Евгеньевич,2021,бюджет,8.756517963134586,320.4556048801926,Медицина,"г. Пинск, ул. Ленина, д. 12",+375294840714,72.42623462576655,34.97123889183616,78.9922312260528,81.4719593970274,52.75220306550939,83.6098014493505,41.61351505496488,38.0343767968527,63.36677727839958
Борисов Алексей Юрьевич,2021,платное,9.156109624976942,341.85188784420774,Психология,"г. Пинск, ул. Гагарина, д. 6",+375293939212,91.83927691457869,53.1167360569659,76.18021250146944,74.61491530499293,57.41059050088771,83.83659937486672,69.78484317620129,36.35411764523626,82.14810524588844
Морозов Дарья Вадимовна,2021,платное,7.0552628014966725,296.8440405209379,Медицина,"г. Лида, ул. Кирова, д. 63",+375292530793,68.7443729849047,65.93705300156114,79.94030186282738,77.60673765823907,51.7454226923187,49.92564948092922,59.61668893512832,77.59093528889048,68.15400231891648
Алексеев Юрий Юрьевич,2021,бюджет,7.915804658076859,305.9655529031921,Медицина,"г. Витебск, ул. Фрунзе, д. 21",+375296533187,82.71698710648344,17.27186069054887,86.48765700372104,57.60286221221901,54.563385878953014,43.20495158060784,40.57977786418641,77.41240181067779,52.98448198032163
Захаров Павел Игоревич,2021,платное,8.520266090536191,310.9466116585611,Юриспруденция,"г. Речица, ул. Ленина, д. 59",+375292477398,59.29619131681224,67.15561240834683,61.15232836590383,40.755116637171454,84.9626681944714,70.06243416838687,36.651271520103734,70.71884839034088,82.51139685951466
Борисов Виктор Игоревич,2021,бюджет,7.264380181098026,300.84558852907753,Экономика,"г. Жлобин, ул. Фрунзе, д. 1",+375298750676,71.5134786559214,54.76113443522357,55.17547423173926,91.15121975341262,65.7290317834733,79.3004164719107,75.45425181047763,77.38789159026514,56.11436781268945
Лебедев Мария Романовна,2021,бюджет,7.915786171077591,290.6950898365248,Юриспруденция,"г. Полоцк, ул. Кирова, д. 57",+375291865901,58.92598110878904,59.44166645235238,70.9144431545547,60.77918828710949,82.3264007721558,74.19283419891417,61.17952785474136,55.01799315467892,73.74491512053723
Волков Владимир Максимович,2021,бюджет,9.796837624640144,352.4363281112535,Химия,"г. Полоцк, ул. Ленина, д. 4",+375295014745,84.98010109859652,16.556169327094658,95.88374704780728,73.60410371844826,76.62274225106275,44.401411093117034,69.19160857593855,44.198766552395156,50.64346558956292
Николаев Александр Кириллович,2021,бюджет,8.760785275209134,312.2991695059192,Математика,"г. Могилев, ул. Советская, д. 15",+375298741810,73.09317599236654,77.17432873179723,73.05101596033131,67.43522831958907,62.256283577153646,65.47441503699338,96.05123377857413,74.42381202966415,63.016485700724516
Козлов Дмитрий Дмитриевич,2021,платное,7.894514892364176,326.2293278428955,Физика,"г. Жлобин, ул. Кирова, д. 35",+375297970771,86.05525932957984,86.8703030556038,69.58095333043777,42.854926309042746,84.50147298451644,42.804819104719684,64.5395319785855,48.68586224970963,74.35861653407008
Павлов Михаил Олегович,2021,целевое,8.341407290773079,332.30010076795975,Медицина,"г. Гродно, ул. Мира, д. 25",+375299526867,78.21357215450273,66.32881131352927,91.13711269058646,79.5353430151398,56.33765047064027,74.46130752432536,77.8420573338696,41.58588277294511,68.96100104774787
Борисов Олег Кириллович,2021,платное,6.483646382018007,286.2173880937534,Математика,"г. Мозырь, ул. Фрунзе, д. 65",+375295482413,72.02436496640009,88.75706813311619,57.7491661945121,61.88364680207313,57.40392263574196,60.23368571372201,43.55587369657197,60.59949117405706,83.91757594837458
Григорьев Роман Павлович,2021,бюджет,7.110202339789653,274.47185363721223,Информатика,"г. Полоцк, ул. Фрунзе, д. 20",+375298491822,65.08607650543692,53.466098863962856,50.41557378465747,40.153653098887524,84.63022740204553,75.1472563401395,49.67774482233414,93.78653708016463,84.81765486991594
Николаев Юрий Олегович,2021,бюджет,8.52409867053637,339.9485104110889,Лингвистика,"г. Новополоцк, ул. Мира, д. 42",+375294165061,22.508914276896405,94.36413858886112,39.15641299854606,35.31901879564663,85.2257043200964,96.59628609508908,88.84272818510519,80.6390912005236,68.92131512497929
Романов Максим Кириллович,2021,платное,6.175692819341075,294.7622938518019,Химия,"г. Гомель, ул. Победы, д. 96",+375298935224,82.58928589786765,64.21787135954064,76.04201103951875,74.37406872100478,48.690531166999854,55.78987384699839,34.605647787069216,58.52490559807875,45.17113339273624
Козлов Дмитрий Алексеевич,2021,бюджет,6.337986654163638,285.6449655558449,Юриспруденция,"г. Гродно, ул. Гагарина, д. 76",+375296569946,62.698412267302174,80.880034295169,73.7747490900347,36.442490945652345,65.10371863429663,84.40771187988216,45.26268909692536,72.75366850002976,68.25078148536828
Смирнов Дарья Никитична,2021,платное,9.136968515968613,306.3223266126103,Физика,"г. Молодечно, ул. Ленина, д. 93",+375293418526,76.0537550614596,61.65974505081795,50.9794853407318,64.79672901213806,36.105093997024966,66.60712106940599,59.70543301609978,68.28734931625722,77.23914134064661
Сидоров Дмитрий Михайлович,2021,платное,9.599492091824327,315.2604293580297,Юриспруденция,"г. Пинск, ул. Победы, д. 80",+375297668663,61.87836753971861,53.558916883121206,61.83446254548426,68.14947043554582,75.48860070325705,75.40591691203882,49.47012468289867,68.37099082449052,38.96092092300459
Семенов Наталья Евгеньевна,2021,платное,10.0,297.2788451355305,Физика,"г. Полоцк, ул. Фрунзе, д. 70",+375291602286,62.56136764608715,68.07094802204092,49.22389101646204,73.42386565416662,55.57575482561958,78.716131090106,49.897640636341976,64.18491243335703,66.64652946740243
Федоров Павел Андреевич,2021,бюджет,10.0,315.9637997868856,Психология,"г. Лида, ул. Ленина, д. 98",+375292686231,63.12401580970487,64.64731065340541,69.50665321398148,79.13799097451498,57.220685116834375,73.70179300266574,60.657172079686646,57.79496997557267,74.45818675192365
Иванов Роман Алексеевич,2021,бюджет,9.454075947754246,338.08302114395156,Медицина,"г. Мозырь, ул. Фрунзе, д. 8",+375295921894,69.42508214992166,39.45295530631383,74.11717951648745,100.0,47.944881480454036,84.58675208166102,85.1655122111466,51.69617637438008,68.53474618777913
Федоров Дмитрий Никитич,2021,бюджет,5.632925224555647,257.5988398574726,Экономика,"г. Лида, ул. Гагарина, д. 88",+375294020853,71.20872259012513,56.946294598464576,51.274786290770344,44.778649039607,50.26083682400989,62.760597332377436,60.51125202388839,67.30026768941359,63.50678867686121
Андреев Валерия Юрьевна,2021,бюджет,7.433077106810753,315.16505310000184,Математика,"г. Борисов, ул. Мира, д. 75",+375293401116,78.30880232214457,83.33528961608924,30.093965361428168,65.61084854771359,78.41503488709938,41.855384719631914,85.08858580256555,79.19019009366045,49.424822163623865
Павлов Никита Владимирович,2021,бюджет,8.983311810252525,316.5972112214125,Химия,"г. Минск, ул. Фрунзе, д. 60",+375295825658,80.58326912521723,61.14008087118617,80.38755992446369,65.79326406920634,62.54041236054117,38.79428254642529,58.33160907976949,46.44138537802815,48.9670508611535
Лебедев Дарья Павловна,2021,бюджет,7.1290602429569985,335.54805322312245,Лингвистика,"г. Орша, ул. Кирова, д. 55",+375295195951,76.36965180891403,69.13707181360766,43.61530852991132,55.25387325457797,87.13097699979184,62.12575370459857,98.19329539981695,78.93317839394372,62.880736747350475
Семенов Игорь Михайлович,2021,платное,4.916531288457021,292.14883186722477,Медицина,"г. Витебск, ул. Советская, д. 49",+375297022335,76.33540904782282,57.712952454291845,82.0810867668859,84.56702316794585,48.21015809238076,40.03150569663333,32.456919403450556,67.61986990368815,43.449500907391894
Иванов Павел Юрьевич,2021,бюджет,7.886037367435216,315.1421709322668,Психология,"г. Новополоцк, ул. Победы, д. 2",+375291822825,78.88578604530964,97.39499276149186,59.9089363269016,83.38490774451643,61.22744037821347,74.01110346808858,73.78614724481653,55.64588183717023,64.01088471107855
Борисов Павел Викторович,2021,платное,8.069637879455943,282.47334284529006,Психология,"г. Солигорск, ул. Советская, д. 82",+375294189885,68.31909546356951,74.88063524304785,57.37560364956887,67.44254840507155,68.04764765355606,66.01532018208962,60.42271736053692,59.86321505033695,76.28843348747367
Макаров Владимир Артемович,2021,бюджет,7.275634436417465,289.96581551674024,Психология,"г. Гомель, ул. Победы, д. 57",+375291559763,74.74973041254856,72.26649448800431,80.8531132352597,80.57810306351863,60.15528929765071,61.8816376764984,44.02329505386941,55.421629434679986,50.85731696761076
Сидоров Владимир Дмитриевич,2021,бюджет,8.219914475995445,292.8759947836488,Психология,"г. Мозырь, ул. Кирова, д. 54",+375293946751,75.56649924897107,67.94539131535096,58.94251832911363,79.86501643826202,60.9671162221518,55.24533433646128,45.90996909271868,57.83868666417577,41.85457885738339
Лебедев Наталья Никитична,2021,бюджет,7.704499466850585,330.1253356511403,Химия,"г. Жлобин, ул. Победы, д. 22",+375295311242,90.30750832343698,78.28142777545975,72.86557129069791,89.90726136849952,62.23001185803167,54.94371043322941,50.7989600468859,55.462954702678076,54.17734772188157
Соловьев Павел Евгеньевич,2021,целевое,7.23028151772878,315.18439943311336,Медицина,"г. Витебск, ул. Мира, д. 10",+375293361510,76.60573981049865,60.04569030230122,79.3693816974635,86.90646274786342,74.24331203161985,37.726530473251444,21.691182976470678,74.01479866858911,39.49681952376868
Романов Вероника Олеговна,2021,платное,7.720031903734987,303.50536766183063,Химия,"г. Солигорск, ул. Ленина, д. 51",+375291233516,63.298869739406406,32.970293436299706,80.41462728204787,82.59155160302647,51.35234398909921,21.134365617826354,51.806333276212754,65.8770600810382,37.81632646838807
Лебедев Екатерина Юрьевна,2021,платное,6.438236743167719,280.69438321527326,Биология,"г. Пинск, ул. Гагарина, д. 49",+375297232293,74.84690150827005,68.68937249401633,76.19580368414154,65.26931059118445,77.94857252496737,57.62205640459545,59.590431907351025,46.00098061390206,53.35076623212734
Иванов Елена Романовна,2021,платное,9.691211656256323,331.24358536738384,Физика,"г. Речица, ул. Победы, д. 79",+375294713925,73.27053940076577,92.11708480142343,39.421482856029655,35.79657903184888,82.06755491240412,56.86014484272201,49.963908920101254,75.59857031094114,68.94384460263136
Зайцев Екатерина Дмитриевна,2021,платное,6.59589855558458,293.17917167843916,Физика,"г. Лида, ул. Ленина, д. 18",+375291760793,81.7792587133927,70.12088591854297,92.35962319898255,50.914276154949924,71.13143058013961,64.48938870609737,79.52611934098198,83.42266795090279,75.32004149065767
Смирнов Ирина Артемовна,2021,бюджет,6.711726865234326,301.9439754636576,Информатика,"г. Борисов, ул. Гагарина, д. 18",+375297520395,79.59972142939117,68.22284630247894,90.20080871289935,62.04802996624106,54.52017673031837,62.77020458797362,39.793105657054554,45.42578942234023,87.00413907944426
Егоров Наталья Павловна,2021,бюджет,7.199000380253943,305.5674686290007,Медицина,"г. Гродно, ул. Мира, д. 84",+375292661307,64.53089017318061,68.04979128790929,86.85704154662997,82.18953310665067,74.94071528708724,48.64807367145809,38.67283999887235,82.5200047793323,55.15980241736796
Петров Олег Иванович,2021,платное,8.109402907547548,345.58487166379297,Медицина,"г. Барановичи, ул. Мира, д. 57",+375294961312,88.28194141849058,68.3434501410099,79.55887772081607,96.65002344901083,50.347226544297854,73.91760192121856,60.855196873456265,64.02888418294886,82.92702639618798
Николаев Анна Сергеевна,2021,бюджет,7.167824040133295,271.3655516408524,Экономика,"г. Солигорск, ул. Ленина, д. 51",+375295628522,80.38296079049633,76.08761005964703,54.52570905685672,47.4118549899149,44.327862089684494,55.33643410623998,90.84310694910484,63.96791634278317,56.68119564621342
Сидоров Екатерина Юрьевна,2021,целевое,8.381853343259781,314.6665609085969,Химия,"г. Барановичи, ул. Кирова, д. 82",+375291358318,78.07406697809101,72.23605818808946,83.60473488359746,69.16922561431062,57.49317429320383,64.2386992573245,56.2696331072468,84.1101836402999,67.36462427457377
Кузнецов Михаил Павлович,2021,платное,7.525525892083274,331.0016408966965,Информатика,"г. Барановичи, ул. Ленина, д. 98",+375294475523,81.62881268667412,86.73473857485325,62.7153233805556,40.5475207806623,65.99531927628962,50.22964659312257,52.07074977375365,68.7954602813264,87.38283071433636
Алексеев Максим Борисович,2021,бюджет,8.30781762152395,318.55887874967095,Психология,"г. Минск, ул. Победы, д. 19",+375293180906,78.08833012598964,85.53322416952857,63.61129769232853,100.0,68.48264468447316,57.39237240844182,71.30012431656799,65.71737577324167,79.34629131124119
Смирнов Иван Юрьевич,2021,бюджет,8.033523201864169,320.17575786233834,Лингвистика,"г. Минск, ул. Советская, д. 2",+375297010308,57.92316024024339,41.635526455659516,56.86465114070962,47.2421931868605,69.19476550195277,68.82867606630914,91.69904504351406,78.9467152982298,42.06175406947224
Попов Алексей Владимирович,2021,платное,6.975050039611908,305.5235255431384,Химия,"г. Гомель, ул. Советская, д. 95",+375298062546,86.96631486645651,50.85325643520927,73.65982833327082,75.14688194729197,48.2265253037664,69.72420650765788,58.18577777088328,66.29298665860541,46.6876173329685
Козлов Борис Максимович,2021,бюджет,9.015100924112618,285.606111049507,Лингвистика,"г. Солигорск, ул. Гагарина, д. 76",+375292829622,70.83572036741657,54.4075027186235,85.90445776850108,54.005457215780964,77.24684725751887,73.98886247809635,60.816342670669684,57.39191188019224,37.11515528144858
Соловьев Андрей Юрьевич,2021,платное,8.21103233904142,297.7947789768862,Медицина,"г. Жлобин, ул. Победы, д. 59",+375291522621,69.48141854107553,98.37298928502378,69.35752401342612,76.84551303197037,83.13164928851813,90.09139332238684,90.92255364954596,78.12549345889714,75.36093788717193
Егоров Вероника Юрьевна,2021,целевое,9.273036097266314,320.88618343396263,Информатика,"г. Витебск, ул. Мира, д. 92",+375298441741,82.78361076166638,69.48814283671467,47.72701674866539,59.94938313883572,57.447230662126074,53.201579260090874,70.44581171185072,74.32957812855766,75.88406886291847
Андреев Сергей Борисович,2021,платное,9.724911079601025,298.653756818586,Физика,"г. Могилев, ул. Советская, д. 36",+375296455706,63.58310885866495,73.06340540720282,49.247665190957925,32.0019507439041,58.75978971235951,58.17378737425075,82.70174614863197,69.46217526832166,64.75813175670795
Волков Мария Максимовна,2021,целевое,6.156459080053187,309.16244451958505,Юриспруденция,"г. Жлобин, ул. Гагарина, д. 56",+375292663938,78.31550543288029,68.73146555202923,56.60273851725252,45.6084114491478,71.27793223928947,85.88748619704185,88.26879458901914,90.43243528272188,52.667258673205886
Соловьев Ольга Васильевна,2021,платное,4.0532853440620205,237.55815389700086,Физика,"г. Лида, ул. Мира, д. 30",+375297942639,76.40886246911204,57.31560634437149,64.84751571277172,57.78596120551997,53.00945247197637,36.07945399099807,67.70400159854574,52.009487405071326,63.30083164289712
Егоров Вероника Артемовна,2021,платное,8.972319868661168,322.1537111950502,Экономика,"г. Мозырь, ул. Мира, д. 41",+375295276341,74.72485094949364,86.58377395004617,84.91888821821806,53.14355615120592,50.966819094573296,79.68774256075024,45.02421841217563,78.01791899819466,71.49120417577035
Сидоров Елена Андреевна,2021,целевое,7.174651678748917,291.38684158404794,Экономика,"г. Могилев, ул. Ленина, д. 56",+375292620082,73.99845923520047,56.94489374734551,46.830261198651584,47.5967946894021,56.602816621477096,78.67365506816178,73.70376939349875,66.96821049319655,82.39032853439282
Петров Ольга Павловна,2021,платное,6.865136787184446,295.78381153421896,Экономика,"г. Речица, ул. Гагарина, д. 43",+375293050700,74.78632705651565,48.79182481278265,23.636396095905873,73.26068094541574,71.0526584563865,72.18672442881787,61.00486075837308,80.159392177041,36.56181214670186
Романов Галина Алексеевна,2021,бюджет,6.527697075582743,306.23224930175957,Юриспруденция,"г. Орша, ул. Гагарина, д. 40",+375296899644,71.9139701943274,41.18565865246126,64.40336898249944,39.65127293064893,79.66429982433526,74.64358517702516,35.77302276141736,86.64739354457171,48.981126348029264
Кузнецов Кирилл Юрьевич,2021,платное,7.6033726596556495,306.2498898566659,Физика,"г. Полоцк, ул. Советская, д. 14",+375296873938,77.00569197230944,86.48637349428715,44.762672715324044,60.92519774771957,66.4322475049586,70.39658410894717,62.64662332915838,54.494582413750166,66.7240977935128
Орлов Олег Викторович,2021,бюджет,6.626396470525039,294.40113765700096,Лингвистика,"г. Лида, ул. Фрунзе, д. 72",+375291440466,43.9179148202159,16.17974274758089,66.54839706236501,73.55902261629294,51.37067564458162,44.854039429350934,81.19154261005198,95.574954697117,60.31190561513112
Иванов Олег Вадимович,2021,целевое,7.1971757974484545,277.61758741434653,Психология,"г. Пинск, ул. Кирова, д. 98",+375296183902,73.1710355889516,80.62314628722277,50.310537313131974,67.00807993349747,52.758847167269515,65.46671391741287,61.84005473992193,84.3701768770434,64.84618909674043
Романов Иван Борисович,2021,бюджет,8.878134851036105,328.3453253202538,Экономика,"г. Новополоцк, ул. Ленина, д. 19",+375291514340,72.08188731084456,36.552137869550144,73.24664665720738,58.83244204480797,57.29280129614062,100.0,64.48129362548529,67.48208949904816,53.60463605691685
Семенов Кирилл Кириллович,2021,платное,8.523328410146663,297.6617635289446,Физика,"г. Молодечно, ул. Победы, д. 21",+375297208460,76.13270410537764,60.61722021682633,73.78843401862805,49.97783871691509,88.09946664326318,76.20072098571973,53.29017156511873,79.2152454260267,75.67855510527403
Андреев Светлана Андреевна,2021,платное,6.2189605028948725,295.9010430545305,Биология,"г. Гомель, ул. Советская, д. 21",+375291834876,79.84732817294474,47.3046501751369,68.56450167682539,85.29960817581161,54.97837001840189,53.94527305137005,45.673161309759706,66.35398598390192,90.93787378864718
Козлов Галина Романовна,2021,бюджет,10.0,351.2382606365294,Физика,"г. Молодечно, ул. Мира, д. 35",+375294616647,75.24219456672758,89.12220555415429,58.805379131314275,66.78557694374601,44.0640970777968,66.42460645811472,57.192836024931765,74.78594993519795,86.87386051564751
Смирнов Галина Дмитриевна,2021,бюджет,8.867854273354855,331.9239662869412,Лингвистика,"г. Полоцк, ул. Гагарина, д. 86",+375296174418,68.69449759820364,64.8869447487325,62.91576452366004,54.702505607839676,78.38483843461691,55.56897884791456,76.68460976269614,88.17597535607959,44.90186152080538
Петров Юлия Александровна,2021,бюджет,8.156080281841655,326.95746848694995,Информатика,"г. Барановичи, ул. Победы, д. 28",+375293302417,88.17115067339866,73.81931473008922,28.172176514871083,50.882670193583515,79.45491819841664,59.656979065516765,45.01046651557634,52.42837618157674,83.40620026504553
Иванов Виктор Михайлович,2021,бюджет,6.982055624738342,279.28955192026325,Биология,"г. Лида, ул. Советская, д. 17",+375297378822,72.61067900830305,54.49763382277969,71.08241850956178,65.77589815501497,84.23063534204162,55.1651929618299,78.25737781238244,82.81974077883677,74.9746634722194
Николаев Ксения Юрьевна,2021,платное,7.189314031555107,282.4681659896975,Лингвистика,"г. Солигорск, ул. Ленина, д. 51",+375291709714,66.05595135504915,59.63706590413626,46.44447208904808,64.86538922582405,63.20960208840198,77.81519082692346,70.35382702701607,77.0115965587284,64.24931807319213
Романов Борис Евгеньевич,2021,бюджет,7.715498138327518,316.03061746407366,Юриспруденция,"г. Лида, ул. Гагарина, д. 52",+375298007741,68.80040702212912,52.876445150662136,73.06945946185866,39.81030479629877,76.26379579546412,94.38928999058285,44.995030130916376,68.22255029475149,67.70861774488372
Алексеев Алексей Вадимович,2021,бюджет,6.33056483439523,309.2561624418678,Биология,"г. Молодечно, ул. Фрунзе, д. 89",+375297070880,78.50630099273559,67.33780695221495,81.3472146856177,86.09699841956223,66.14727985392769,56.38113518072186,70.08860551804096,88.49822902342824,58.010493804261394
Федоров Василий Кириллович,2021,бюджет,6.977416355316188,311.735676777886,Физика,"г. Новополоцк, ул. Гагарина, д. 11",+375297639863,86.07080669286972,73.79618836046401,27.409956809789456,72.71132515725633,51.97007721069116,58.64200076543759,64.97970495853522,62.857495196685996,82.09451817139039
Алексеев Максим Вадимович,2021,платное,9.705820412154146,340.7310417523078,Биология,"г. Могилев, ул. Гагарина, д. 82",+375292913049,80.13105798176083,56.106799836241244,82.38810480887503,81.15367484013053,45.96841946933107,76.28973174262549,51.96054832328928,72.12086697421718,65.50930970102011
Лебедев Анастасия Сергеевна,2021,платное,9.55273604709831,307.31192608314814,Лингвистика,"г. Гродно, ул. Советская, д. 14",+375293456926,56.64801026442222,54.760248058227035,59.708705911684014,55.452303257485866,82.9994190194205,35.75534087345118,64.46317580853646,64.32197078420808,74.25461387960364
Кузнецов Юлия Сергеевна,2021,бюджет,8.701255311080569,323.28736558264467,Биология,"г. Могилев, ул. Советская, д. 99",+375299289908,73.95550781462528,57.46767415214984,75.70052163113182,86.6187830260819,46.089702987141386,63.57553474102178,74.62796444673644,67.51641254909768,62.843724248981154
Павлов Татьяна Юрьевна,2021,платное,9.077897344300856,263.89956471317737,Медицина,"г. Мозырь, ул. Фрунзе, д. 81",+375296303930,47.967677070007625,70.16812979296361,68.45924316872576,56.69367103143543,67.66803899287471,80.60487817744436,57.93827228058462,74.29311820804408,84.18417386982968
Павлов Елена Сергеевна,2021,бюджет,8.16178245124856,328.67988659259515,Математика,"г. Орша, ул. Фрунзе, д. 36",+375291942411,91.39964529371393,82.42127491071892,61.13150458352389,35.97051282154247,56.30906267805077,47.35130107025712,92.5641407624672,73.24114187567663,61.848072101767286
Павлов Роман Максимович,2021,платное,6.669094824151373,278.55637962254707,Экономика,"г. Гомель, ул. Ленина, д. 48",+375295816353,75.43602446372454,85.4257656064613,50.66025957398322,62.91911182855864,48.86294121452927,61.79977488779294,50.82346363642072,74.62963202951588,53.5604666322411
Андреев Вадим Романович,2021,платное,9.108540535227773,304.3829200934643,Физика,"г. Жлобин, ул. Мира, д. 60",+375291688246,60.93682536328166,74.16894427371305,37.42919438953497,71.40083945534404,61.23659629401755,38.13672750802604,55.36186384425205,48.71765391614125,78.19174510419181
Макаров Светлана Васильевна,2021,целевое,7.525573978406331,286.6160878964441,Медицина,"г. Мозырь, ул. Гагарина, д. 61",+375299411547,56.248275303542556,61.72539118721126,73.3986720443336,81.71340076450466,63.19794942356533,48.72046002391771,55.214190965000725,48.05961214794766,76.14010707897897
Смирнов Дарья Евгеньевна,2021,целевое,8.574045976891338,334.23300872059656,Математика,"г. Могилев, ул. Гагарина, д. 83",+375293895058,94.01190685753008,74.39339186185379,49.37389849634306,37.294284110807595,32.95290485616083,36.23796085491765,64.00689976517225,80.08725023229934,36.282139469518
Павлов Дарья Никитична,2021,бюджет,6.31538456741858,282.67986288892996,Информатика,"г. Жлобин, ул. Гагарина, д. 21",+375297105194,70.1693894831656,76.4679301198555,84.18330942383136,73.45258973798298,55.97204028141252,46.63211661877069,27.722768980060422,49.212700211363696,72.88869761172306
Егоров Валерия Евгеньевна,2021,целевое,7.522619547533817,317.4423560975719,Экономика,"г. Гомель, ул. Фрунзе, д. 81",+375296614484,73.68743032907695,61.15277824438152,56.627160272878825,50.249961287648105,62.529820079500915,79.41940649569409,43.64401383835731,89.10932379746271,58.521178015736076
Захаров Ольга Игоревна,2021,бюджет,7.250259771272952,306.5846033514855,Физика,"г. Орша, ул. Победы, д. 93",+375293522845,82.08214423256557,77.33216131263502,74.29704950869868,64.30686247802737,50.81343938039343,65.42255287809152,42.844106890190076,61.62839558664785,74.6677000935554
Лебедев Дмитрий Дмитриевич,2021,бюджет,8.012633234246021,284.9024573366663,Экономика,"г. Новополоцк, ул. Советская, д. 77",+375292421349,73.71462488561069,31.772264317535413,51.76912638388558,61.39267351711672,62.397845879961004,64.72324859074041,78.98561761297051,66.33825151785499,74.54185800790106
Григорьев Юрий Борисович,2021,платное,7.812386206525465,293.91676238535183,Биология,"г. Жлобин, ул. Ленина, д. 83",+375298103580,68.53772690156197,86.62966338914268,63.0636316824352,84.19154173610002,75.00873477064468,49.94069686385033,80.88697950096493,56.24930228101571,64.33040443919785
Волков Анна Вадимовна,2021,бюджет,7.007022854454498,329.7061443850189,Лингвистика,"г. Барановичи, ул. Победы, д. 99",+375299158272,57.98536887794178,72.16212409739673,71.9023308082832,33.772020401427284,88.04340242878152,35.062620179464886,85.32546204341658,86.26705136827583,43.63550354677203
Кузнецов Владимир Андреевич,2021,бюджет,6.532955920204573,283.98877499802234,Химия,"г. Орша, ул. Фрунзе, д. 13",+375299517619,63.94295331514064,56.77618454566897,71.91965715814258,82.7966053226934,79.65463119179412,80.93525716184934,51.567479601325466,56.86167189383208,34.74842711668575
Петров Мария Юрьевна,2021,платное,7.482657274946065,295.7070904252958,Лингвистика,"г. Мозырь, ул. Фрунзе, д. 80",+375293198638,74.47277449646187,84.23374235322348,41.48476692180117,51.11303611270659,74.73594243041073,64.2024173822941,66.90396480078354,79.2406104446409,52.89240979393626
Попов Евгений Романович,2021,бюджет,7.145423618365007,297.1208703256075,Психология,"г. Брест, ул. Кирова, д. 57",+375291733037,80.462842480037,60.09633404716407,53.45421164210147,73.90390196074169,58.67455561191997,71.29988970117873,56.11805905999346,83.97970755757075,68.41379171911858
Павлов Михаил Романович,2021,бюджет,7.6715317137164485,293.85179026612695,Юриспруденция,"г. Орша, ул. Фрунзе, д. 96",+375298531761,70.45431606766104,54.99270765365985,77.59686956379961,65.54463288297141,73.92697855995772,79.47716925810278,36.43685771897251,63.73232531090195,42.091124904014166
Яковлев Роман Михайлович,2021,платное,6.933491306763447,323.0490188263375,Химия,"г. Барановичи, ул. Победы, д. 87",+375298391997,92.32514999485092,93.46950219288948,81.38051101440757,80.00844474944456,32.984133987708915,51.859893003989676,48.183243721376414,50.68728602623326,57.47784272122816
Степанов Валерия Никитична,2021,платное,9.850016945064713,295.37220973060266,Медицина,"г. Лида, ул. Советская, д. 26",+375293321942,55.20700189624212,71.218653841763,64.27256974260193,77.39246864111149,91.1112400462496,46.20923112620365,22.045687158805052,55.70993667179834,76.51439452497857
Романов Елена Ивановна,2021,бюджет,7.617579784165074,283.1677137862847,Биология,"г. Речица, ул. Ленина, д. 92",+375299655523,62.70450405547583,67.45048834854782,70.34689543219946,73.94051645695865,99.66515020525551,37.4554450740727,63.8060949224186,67.01539757648149,76.2867948740902
Морозов Евгений Максимович,2021,бюджет,7.438327531693816,309.80779754548297,Физика,"г. Жлобин, ул. Советская, д. 56",+375292538698,78.08050539504103,71.08351432578209,64.0369041186766,54.85211586753884,69.32357834784077,54.45584495934549,65.6565059085328,59.56105779472532,86.26050250772168
Иванов Анастасия Кирилловна,2021,платное,7.767886696954991,269.3535558923667,Химия,"г. Гомель, ул. Мира, д. 65",+375297274032,57.26967531793119,78.92882251070988,65.94267699137382,68.46233661351181,51.065080589347616,80.61657139756227,27.964886790319568,100.0,75.84085213599077
Лебедев Вадим Викторович,2021,бюджет,8.860524116240477,324.71968129953586,Химия,"г. Минск, ул. Победы, д. 13",+375296625238,74.45105999383713,64.28331112286486,80.21122428379338,81.45215585950056,68.33406699005172,61.34371021882873,57.03992369539011,57.730900745197324,57.07637579470978
Григорьев Павел Михайлович,2021,бюджет,7.988462744549442,290.8915729428888,Математика,"г. Гродно, ул. Фрунзе, д. 91",+375298870361,80.93556722280861,45.59611365335719,69.83851164794642,62.92104292078162,59.71936865331154,54.17222320366671,76.86169079979021,84.47526462122858,48.40683498264586
Иванов Вадим Владимирович,2021,платное,8.018307053608728,297.8232656686024,Медицина,"г. Барановичи, ул. Фрунзе, д. 20",+375299854536,65.28343265458714,39.305727528166045,68.73282775410036,83.62393472382759,74.2968756806413,67.6962813014594,70.87643680271995,67.74267430672438,50.37777607165572
Федоров Павел Дмитриевич,2021,бюджет,6.606116826232261,296.45840620862555,Юриспруденция,"г. Витебск, ул. Ленина, д. 31",+375298043503,72.00614287841523,71.31436994720362,77.83370057211964,70.62455770801596,78.51448207541583,85.70150238316427,59.6021811112641,66.18125348772283,57.553995540843545
Григорьев Виктор Михайлович,2022,бюджет,8.62508416515187,303.55238067911387,Психология,"г. Речица, ул. Ленина, д. 81",+375299646569,68.24821725025619,57.83221993926723,48.11370118500058,71.9203847036096,31.595779995693213,77.13293707372938,60.01808213043336,47.74367053397714,69.88868502648607
Волков Дмитрий Кириллович,2022,бюджет,6.012889926175833,257.7160082192519,Психология,"г. Минск, ул. Гагарина, д. 46",+375295035998,58.924401356310256,48.55912832150679,48.46286475319053,65.60096898891135,72.44212262897622,73.06173861227197,56.03227738034084,29.942064533898698,69.53127045313839
Степанов Вадим Иванович,2022,бюджет,6.910036577241543,283.44998353142455,Психология,"г. Могилев, ул. Гагарина, д. 70",+375299511546,75.59932630266329,64.16065406937288,80.40987893757976,61.91179600880888,14.707317662687622,76.83849544753694,87.0076677226628,78.58419529409156,63.14489122911939
Романов Валерия Михайловна,2022,платное,5.377108914133059,288.2077116310321,Лингвистика,"г. Гомель, ул. Кирова, д. 50",+375297262974,72.10683894955966,45.39680700443297,67.14536654034329,67.5820523874994,85.6020990749888,100.0,78.92415967178766,69.91036374292501,59.616385317120084
Яковлев Анастасия Андреевна,2022,платное,7.686228820630775,291.1978216364085,Биология,"г. Солигорск, ул. Советская, д. 94",+375292739191,68.05286868910942,53.86076342830344,69.75911602065408,76.52354872033722,47.66370101426699,76.81546000986707,60.00310597377295,59.860495182920786,55.081579252306234
Кузнецов Юрий Алексеевич,2022,платное,7.732307893641053,299.3442226981052,Психология,"г. Солигорск, ул. Гагарина, д. 44",+375293937508,83.25098264667635,46.9930467643365,50.12825266387115,71.96273971223336,39.811936147901775,66.80742140278502,52.85668689683011,73.11583771069091,63.938419935028875
Макаров Елена Вадимовна,2022,целевое,8.61145848268991,322.49599541854275,Медицина,"г. Гродно, ул. Ленина, д. 92",+375298678589,83.50897962167971,57.93942317400905,78.9046484992889,73.96778247067503,63.980435240994424,51.25862013582627,23.417742625853563,57.985812567205436,81.3412220414991
Яковлев Андрей Васильевич,2022,бюджет,6.9597728821783065,315.2185481289469,Информатика,"г. Гомель, ул. Победы, д. 40",+375299646701,84.6539748459117,87.36130721806218,61.32986386442156,62.959735611083936,50.73522156848475,55.25890715959425,69.23656724656712,78.05826655753225,73.60553724319
Козлов Наталья Владимировна,2022,целевое,9.242961041364895,298.23931447141683,Юриспруденция,"г. Гомель, ул. Фрунзе, д. 83",+375294206183,60.00791938284896,69.01810123393672,38.34217775799687,25.557285702941428,69.49463150508416,62.79287574085841,52.37789703529034,73.52219681182528,53.2012738646548
Романов Артем Сергеевич,2022,бюджет,8.481467589630034,307.9158638049499,Биология,"г. Мозырь, ул. Победы, д. 16",+375297174337,78.2674476460232,64.50711539416243,81.22207144043402,63.61166882219231,75.58667681130403,58.863535701968104,70.05720925861819,43.92214150439767,36.693618509759034
Семенов Дарья Евгеньевна,2022,платное,8.223824917298812,318.1547790329583,Юриспруденция,"г. Брест, ул. Мира, д. 89",+375299347057,65.64614289146274,46.46922668463735,46.95505378087958,76.88152176622154,63.10588107132672,91.42672953255963,46.49068898028197,81.38391925608383,55.07072286376523
Морозов Мария Андреевна,2022,целевое,7.270766684879797,277.190897416855,Экономика,"г. Лида, ул. Ленина, д. 56",+375294027557,69.55885997885807,57.558106408915584,60.61378763093582,44.96718816327791,71.11236518130188,69.86786433528415,56.571001269899725,65.05650625391488,21.564995118070343
Сидоров Василий Евгеньевич,2022,бюджет,8.36182287084952,308.17797643021595,Лингвистика,"г. Орша, ул. Победы, д. 58",+375298149041,96.18923132419374,71.76906431847036,59.71109430398408,56.05663756187599,75.22465892812046,68.20678672762816,63.19187184691155,86.14321694668872,70.73071973161866
Павлов Анастасия Алексеевна,2022,платное,5.738969681097072,302.46082229095975,Математика,"г. Солигорск, ул. Гагарина, д. 56",+375295606274,79.38475738809727,75.1961665769399,70.09291853950229,68.87721200612067,54.68938933588464,51.39597340654649,61.527844428929804,90.49020151495188,41.41339386519149
Лебедев Вероника Никитична,2022,бюджет,5.528173426614999,281.40567209558486,Информатика,"г. Брест, ул. Ленина, д. 19",+375298351320,76.64760841236517,75.50887701856018,62.60012496555612,63.659297968627506,56.65196618047792,82.34795157903123,35.98644032285227,47.57254462829631,73.96745239850952
Борисов Михаил Сергеевич,2022,бюджет,8.16922927287015,334.36488829169866,Информатика,"г. Солигорск, ул. Победы, д. 50",+375291543335,73.24145595567929,91.61470165728018,60.313297324439425,63.460513585780255,41.097528522411295,50.75457887940784,54.37205429514094,55.23427354865649,87.81643795003768
Лебедев Дарья Ивановна,2022,бюджет,8.0596300493356,295.73226939091967,Психология,"г. Молодечно, ул. Фрунзе, д. 10",+375293310140,63.88542043062968,63.697571676480074,67.47332622745178,86.40149038521267,83.70811029852561,64.84905808172131,47.83713733184493,41.136332116280755,56.48970211339528
Макаров Сергей Владимирович,2022,бюджет,7.508159813471997,277.5009646361964,Лингвистика,"г. Борисов, ул. Ленина, д. 4",+375294121368,74.81001774883653,58.86073464536216,55.202287151177345,62.27636988373111,66.64857098369977,91.3430808254216,58.923389728819416,76.84740578895725,90.35409328844459
Смирнов Ольга Владимировна,2022,платное,8.206263923724864,317.0868168163749,Медицина,"г. Пинск, ул. Кирова, д. 58",+375294599894,73.09960964998506,54.63831865784359,73.19608318237592,88.7284847467653,26.822071330057398,83.00150551944489,38.64064271324783,56.00021506148378,53.56133369552008
Васильев Ирина Артемовна,2022,бюджет,8.085446741845288,269.6216620757212,Психология,"г. Гродно, ул. Фрунзе, д. 10",+375298584017,59.01875648116253,66.93258999122914,90.36464434930278,61.368259954071895,62.84559251415593,68.3801782220339,66.38830809289554,60.28721666123628,50.37769636433536
Сидоров Дарья Юрьевна,2022,платное,7.499149686508025,319.6820735335313,Математика,"г. Мозырь, ул. Кирова, д. 45",+375292089496,93.04348109786743,73.09096208272702,70.79636913222274,40.60090563193255,45.65345434772987,67.08609416820566,82.26174042803947,78.5561334878566,55.30412954215269
Романов Роман Вадимович,2022,платное,7.203569159104804,287.30674660678886,Лингвистика,"г. Брест, ул. Фрунзе, д. 47",+375299535505,41.243883990454236,69.0677298953305,73.23499593485114,53.218645007503795,70.29957852240499,63.98817344478073,70.63280263959405,74.33867385374178,91.49582683749773
Яковлев Игорь Борисович,2022,бюджет,8.709016427804306,314.13644074064916,Химия,"г. Борисов, ул. Фрунзе, д. 64",+375291440972,71.41659847978778,50.286872915472614,82.44191971499937,73.18775826781896,50.25940442517861,79.81956048409518,81.29404506770456,50.99364651391942,32.00190072959076
Павлов Анна Олеговна,2022,платное,8.323582148348041,299.1577702225792,Экономика,"г. Гродно, ул. Гагарина, д. 12",+375292103070,68.15370174239996,71.85938398744153,30.448442734322466,73.38896007448963,41.83242106078828,82.30764119066525,60.21409601754651,65.46060580603356,53.894455306098294
Степанов Елена Кирилловна,2022,бюджет,8.605980134309352,316.2407356022902,Биология,"г. Лида, ул. Фрунзе, д. 74",+375292237331,76.05894453115235,68.76619470708727,94.76440584515485,59.357583882889486,84.25818862452937,61.565339062848196,46.51823927515308,40.04529561391515,57.163194138344494
Павлов Борис Максимович,2022,целевое,7.738737776155793,312.0158179234455,Математика,"г. Жлобин, ул. Победы, д. 17",+375294052834,73.72450879622465,90.11154930247348,38.23236464922662,59.81866578230918,41.214098333803214,65.45447823937452,73.3033108514595,70.79238206318946,20.936792150592986
Григорьев Артем Артемович,2022,бюджет,7.402172792278025,310.6285792489221,Математика,"г. Жлобин, ул. Советская, д. 39",+375293762487,79.3673855173351,79.04294754961698,78.53673287733231,43.93419480526427,70.20324158175674,77.88761268716962,33.32118623990225,78.19651825918977,52.43730253488493
Лебедев Максим Никитич,2022,бюджет,8.055109551424742,292.6676343569087,Математика,"г. Орша, ул. Фрунзе, д. 11",+375295204459,78.47676483538336,70.12771435886448,49.86437881257582,60.512286262320366,43.69131091705796,43.712623066722216,70.19059924434755,63.51205964841344,69.99468751363818
Морозов Ольга Борисовна,2022,платное,9.206843834038208,301.93980977155303,Химия,"г. Орша, ул. Гагарина, д. 69",+375292567468,57.741932712094034,49.83653021496517,86.94109403047372,65.18834468860318,53.033936065359185,66.93091339877844,71.75085763923893,56.22691670933256,51.03734707962538
Орлов Татьяна Борисовна,2022,платное,5.696303637888219,291.85856045166764,Лингвистика,"г. Брест, ул. Кирова, д. 80",+375296664316,86.08349495696368,74.68287076172693,61.27977213847536,47.8760141753861,66.69555593443435,67.83771157898636,79.18398220888683,89.01598592946429,69.75675138804209
Сидоров Алексей Алексеевич,2022,бюджет,8.565186511048603,348.67334335023213,Психология,"г. Пинск, ул. Кирова, д. 27",+375297989166,85.51947617722918,45.02909059028381,54.24043092071473,77.50200206251695,89.93501234675946,100.0,69.10084588704274,57.25205071919418,68.01758472720826
Макаров Ирина Олеговна,2022,платное,6.179814920433966,292.78476994582627,Психология,"г. Орша, ул. Кирова, д. 39",+375299102469,71.79332374442808,86.92817033868484,63.45106138787103,79.97743089091394,69.98886378081693,79.21586610614456,72.58410750704418,50.741202201796156,51.62547369080954
Волков Вероника Максимовна,2022,платное,8.518922532891773,335.9068906301143,Химия,"г. Могилев, ул. Кирова, д. 8",+375293652149,79.39501230620226,71.6840475526817,79.57772866151886,91.74492433347538,59.9160597175643,70.03112483388769,43.624486857910284,54.193504462883986,70.43306636348666
Васильев Екатерина Евгеньевна,2022,бюджет,6.707614632631864,270.3874473748026,Медицина,"г. Гродно, ул. Победы, д. 92",+375296357240,72.06033052335818,58.926011222129,59.821262533191906,71.42970799193391,73.35574745279679,68.6280752415985,67.50998582071814,60.746605307714404,60.105947379422645
Борисов Владимир Иванович,2022,целевое,7.029584832097044,304.6279020001015,Экономика,"г. Жлобин, ул. Гагарина, д. 14",+375296353876,81.98828420202534,66.31459416584084,67.380282719892,52.10947735998629,27.699856201931333,85.97152711753695,52.81743815987394,66.37224235956879,70.4021836787099
Павлов Олег Викторович,2022,бюджет,7.990383373776805,308.6793336982337,Химия,"г. Гродно, ул. Ленина, д. 7",+375295868949,85.59936384046622,69.25508924365046,81.83569323200477,61.340442887994655,78.179159780796,63.91875796850784,54.460842911306955,62.15082701013377,33.356471506525196
Федоров Виктория Вадимовна,2022,платное,8.982973944008327,306.8008030263909,Юриспруденция,"г. Мозырь, ул. Гагарина, д. 93",+375296246485,44.559427377268925,39.70994571234698,37.16461220673163,76.69032562484888,68.70736606307212,90.337277099165,51.96297805421553,57.92642042407053,43.25213340077011
Степанов Ирина Максимовна,2022,платное,7.812336607899463,308.1823939198313,Химия,"г. Полоцк, ул. Победы, д. 64",+375291388833,73.44101822063332,51.77569055264099,76.60018225852788,80.01782736167544,76.76098223853691,81.7274884483939,54.60347031316371,40.10928470876942,53.79802258315086
Павлов Ксения Викторовна,2022,целевое,8.742299201668503,302.1158777168764,Физика,"г. Барановичи, ул. Гагарина, д. 46",+375291816348,65.3624107378939,65.42849085104957,65.15681822324828,59.270214726443236,60.4919549311738,48.62256997949896,56.54398928691349,46.136502835975435,83.90198411124787
Григорьев Юлия Сергеевна,2022,бюджет,7.5832132044435,275.1478181141194,Информатика,"г. Полоцк, ул. Победы, д. 69",+375291137194,56.53812137761906,65.7048913980759,37.55206117364881,50.249640983896526,58.748430453144586,38.255321704522046,46.1721028031203,44.94063941877752,77.07267329398944
Соловьев Никита Иванович,2022,бюджет,6.122084053496858,288.88563926790596,Физика,"г. Новополоцк, ул. Победы, д. 6",+375297720644,67.78262446662747,76.76820872139398,51.79979873119102,55.9251733451092,85.10178135447805,80.10691577685522,40.506281446086035,72.44598626818762,83.11396554491591
Лебедев Игорь Олегович,2022,платное,5.908233446026701,311.55638929122256,Информатика,"г. Орша, ул. Ленина, д. 50",+375299460003,83.1877764375486,90.37931918412554,43.16182790633379,46.237457684786044,75.26492200265254,64.07242966238472,68.27214412859286,65.10883824600745,78.90695920928144
Григорьев Олег Романович,2022,платное,7.0991073228240715,303.7355733556363,Медицина,"г. Витебск, ул. Советская, д. 13",+375297608607,85.47317706621448,77.54384988641661,72.70609255931973,74.56523050186138,37.03338746166417,67.71382134026753,68.58086162571216,59.067134745010335,76.86530039805754
Николаев Юрий Иванович,2022,платное,5.572107479113585,290.9323364761533,Экономика,"г. Гродно, ул. Советская, д. 78",+375299541658,80.646059258936,44.705034919618264,59.64671773688643,57.384686131457464,63.37961883061412,71.30473071166641,58.027911064924986,83.26047171441506,53.44853644142674
Петров Андрей Борисович,2022,платное,6.6713507372204885,286.9745538168388,Юриспруденция,"г. Мозырь, ул. Фрунзе, д. 61",+375299712957,86.24375856308131,80.72181118035729,40.616059573415725,70.34561707867792,69.97025229448657,77.6348721533106,64.4133619352024,72.65592199683678,48.24351501620406
Кузнецов Ксения Евгеньевна,2022,бюджет,8.06640272510313,288.6727253046178,Медицина,"г. Мозырь, ул. Советская, д. 51",+375296020319,65.83808084518758,47.522666876543326,74.32821709950645,67.84240010889248,70.2307809856893,82.30869233003891,51.29920137944936,63.591067508030655,67.495276654544
Николаев Ксения Михайловна,2022,бюджет,7.2488234165047665,294.74407099360303,Психология,"г. Орша, ул. Мира, д. 3",+375297180018,75.75955267916088,71.14023627539584,67.23373429020985,62.62337577672702,73.03734096583909,83.87290837266742,48.550708437321276,60.56906753171403,70.24993489216604
Орлов Виктория Дмитриевна,2022,платное,8.331502347637933,340.79303563851124,Экономика,"г. Минск, ул. Гагарина, д. 61",+375295454861,85.72978047766011,95.45808741929042,48.210209510475266,39.28433095269338,64.55727893407314,82.21562505126144,56.53700439232846,89.53260663321035,39.92091300415127
Орлов Артем Михайлович,2022,платное,5.196392212562813,271.83462691000375,Психология,"г. Брест, ул. Гагарина, д. 81",+375297378535,68.94139179241107,85.79066859310944,89.88773029752177,67.33343412216652,51.7566429613713,83.59587886979801,54.19304025315728,59.318831731016424,60.38082630813615
Петров Михаил Павлович,2022,платное,7.908061553482669,294.2473586482842,Математика,"г. Витебск, ул. Советская, д. 3",+375298399399,74.86162253905762,68.10272225935826,52.60315766400342,81.65448005203221,41.152396585811154,72.19807780121965,55.81555604502287,72.20239831504166,71.85557844077567
Зайцев Виктория Васильевна,2022,бюджет,5.913050451907716,294.02932499885077,Экономика,"г. Лида, ул. Гагарина, д. 100",+375298912226,80.70612997219531,74.52276990799291,55.030374252250155,50.81644898238375,43.72274210163303,66.74589470021044,100.0,87.44679580736786,39.733884506879676
Васильев Мария Олеговна,2022,платное,6.478312278887624,297.7764350740889,Информатика,"г. Мозырь, ул. Кирова, д. 62",+375299816043,79.81866061718492,80.47264797377967,68.23325752976046,56.175663096694535,58.118186099956496,64.91819286239036,61.28839509439996,26.71049440878697,72.70200369424806
Павлов Иван Олегович,2022,бюджет,6.142933877608901,306.5427386001104,Юриспруденция,"г. Мозырь, ул. Гагарина, д. 46",+375295435261,62.62817128362768,100.0,65.51222498211456,55.297054707414034,84.21801501977252,79.82687887209212,66.30141735677762,81.06850593215671,90.84815347244312
Морозов Михаил Олегович,2022,бюджет,7.565920933199818,293.2577658428727,Психология,"г. Орша, ул. Советская, д. 39",+375295848684,79.73632076811454,46.10428305027692,68.33268969513372,65.81313488513905,53.73949779592373,72.04910085762094,74.63725079017064,73.7768166591362,41.31423935330423
Алексеев Ирина Михайловна,2022,платное,10.0,312.6492030637064,Химия,"г. Солигорск, ул. Гагарина, д. 93",+375295587856,67.90420145250827,41.12242633986998,72.8298294957563,71.9151721154418,96.40074729518284,66.49439738041045,39.33573748868644,51.52838993743587,75.32074943144097
Семенов Наталья Игоревна,2022,бюджет,8.609124167445396,317.8372020795012,Биология,"г. Солигорск, ул. Фрунзе, д. 19",+375295872986,59.140166877620416,31.801134222914325,93.70965175371782,78.89614177370903,46.9756090218545,68.01943629183653,20.463783914746834,60.050632598957414,64.91731759264628
Лебедев Вадим Максимович,2022,бюджет,7.218455316051103,296.4869764181859,Информатика,"г. Пинск, ул. Кирова, д. 62",+375294590102,64.86104047707462,75.8568716140336,46.11863060910619,63.830756335114756,46.56980516455464,53.87848741259669,45.062769078146566,69.76704362735485,83.58451116656666
Николаев Олег Владимирович,2022,платное,9.610344581034159,317.98701310945654,Химия,"г. Гродно, ул. Ленина, д. 79",+375295014486,75.38237994960028,38.27112878049684,72.00323351993212,74.49795382958256,99.31189636544963,43.320494613387545,81.96265858128656,74.95288160198712,64.20954606735205
Федоров Мария Сергеевна,2022,бюджет,7.423770510461574,314.6632421246952,Химия,"г. Борисов, ул. Ленина, д. 13",+375297934046,78.72105472606863,65.83738793501894,74.46879346982455,87.23568882418627,76.44703850716326,50.614840687556814,40.211292081018485,56.955290439065145,47.99942153403531
Захаров Василий Борисович,2022,платное,6.909717062992554,286.1154955597156,Экономика,"г. Минск, ул. Гагарина, д. 21",+375297826774,87.37438134684139,53.14047517369815,59.35764928032638,60.87034102212593,72.72646323307927,52.53110666015395,50.89949557852055,77.11283692279473,78.00118434640292
Борисов Игорь Дмитриевич,2022,бюджет,9.029850049534467,278.282682955766,Медицина,"г. Мозырь, ул. Победы, д. 83",+375291992583,56.23447293958126,69.29567168949204,68.6463761117437,63.103333409096386,50.63481915430164,57.232119635162256,50.92883003192681,26.916509143513963,73.45599295330697
Николаев Максим Алексеевич,2022,платное,9.24698678657612,317.1810351210605,Физика,"г. Брест, ул. Мира, д. 23",+375291609681,81.51521991339506,63.62314329575183,56.97762699078723,59.90218027155813,68.98191584342865,70.02510733077122,48.987393018322564,61.22993334620341,79.57280404615241
Соловьев Иван Дмитриевич,2022,платное,6.924608439120908,296.71186597445865,Юриспруденция,"г. Гомель, ул. Ленина, д. 39",+375292800206,70.56759809737085,71.83585031063278,61.257399418940416,81.15688717805256,79.09762795959497,66.3891208982643,81.05054955187786,81.97903272539028,53.354339683072766
Степанов Наталья Михайловна,2022,бюджет,7.977512459936171,327.86941738079304,Экономика,"г. Гродно, ул. Фрунзе, д. 65",+375298852085,77.96575545140762,66.94777192901377,62.9593839844681,64.66963010164328,85.49936061864571,85.71543152234887,62.85953386897536,84.41310580767484,44.512141447086904
Алексеев Виктор Вадимович,2022,бюджет,8.582732608543976,313.9231614106494,Биология,"г. Молодечно, ул. Кирова, д. 33",+375294123902,93.0930634973311,56.729311569114394,66.52366071380915,68.4791111140694,43.655504439864174,48.22857137808445,54.442378521149564,38.91649471232037,60.234275009244044
Орлов Павел Юрьевич,2022,платное,8.163901463981741,314.4726854727012,Информатика,"г. Барановичи, ул. Советская, д. 79",+375297802999,65.9224381985308,90.19283923641768,67.66188132791392,75.45870878436085,50.132481692217944,72.81787840599924,43.6209914940703,73.35371251254763,76.71839339793532
Семенов Вадим Юрьевич,2022,платное,8.250757120375201,286.1430229124557,Юриспруденция,"г. Витебск, ул. Советская, д. 18",+375299010350,42.36608091562722,46.57395236585093,68.95842327380078,45.77477993663699,79.63206292099123,61.32862193539754,72.72261319000002,62.67476685231491,68.28449906519285
Морозов Александр Игоревич,2022,целевое,7.183862140701301,254.59661859237093,Экономика,"г. Борисов, ул. Мира, д. 97",+375295479421,68.03228181570425,68.7303985062709,63.90663395000334,51.91737215710893,44.871679738856876,55.373743083274206,65.2447507094954,59.35197228637945,61.430162991619625
Иванов Светлана Владимировна,2022,бюджет,8.234962552816322,301.9468916223019,Экономика,"г. Солигорск, ул. Кирова, д. 31",+375292042273,81.79142775438196,55.469317507652036,55.05828320479363,70.97806056432444,65.02587043626177,78.16155957182778,67.03901384712789,59.64427876792894,71.35183019980472
Семенов Евгений Юрьевич,2022,бюджет,9.094719983442491,309.5602637149784,Физика,"г. Жлобин, ул. Кирова, д. 99",+375296217344,64.83316871423503,72.55919526325799,59.41039068558553,57.98254823397401,65.00789949852802,81.47050172746775,76.22650091509243,40.31671209852891,81.22069990306049
Лебедев Павел Романович,2022,платное,9.37609603059853,330.0247074075997,Физика,"г. Борисов, ул. Советская, д. 18",+375299022561,78.86808520689203,85.90980425185967,90.18405668551148,75.35564319160471,63.739628934625934,75.6763271112713,62.173317496453365,60.35854564927433,71.48585764286267
Лебедев Юлия Кирилловна,2022,бюджет,7.648257235146699,317.474277768718,Математика,"г. Речица, ул. Мира, д. 97",+375294664338,66.81571334057999,90.32367724678116,67.49796185610558,39.01040737797088,65.51473939487133,28.49960238522564,69.38262025246553,83.8523148298899,51.1146606652192
Романов Юлия Андреевна,2022,платное,6.917632997558558,317.94546246714845,Химия,"г. Жлобин, ул. Мира, д. 68",+375297069742,94.54157433750287,52.41379943607095,64.410924129434,89.81663402462598,89.43880785796192,60.05543507771771,75.17194553112535,80.12213873296321,48.86273651192424
Петров Виктор Олегович,2022,целевое,8.524771171862668,354.94820384440686,Физика,"г. Жлобин, ул. Советская, д. 74",+375293514105,87.30874513154735,91.85014278708509,68.44321290261533,46.802784697469185,89.80591667549162,52.03543653282053,54.97293328242822,65.13506751734432,90.54160420714774
Павлов Мария Артемовна,2022,бюджет,7.254634534816654,294.81774481677166,Математика,"г. Барановичи, ул. Кирова, д. 75",+375299201172,79.1486550036191,79.63288530118106,60.65272002965199,68.37209271777759,22.056598834585458,55.55088811395302,63.61982902375171,63.48985916380493,65.7948497671734
Яковлев Дарья Алексеевна,2022,платное,8.247253468680322,329.4513355727314,Физика,"г. Молодечно, ул. Советская, д. 66",+375297969667,92.5547569831549,90.73019725214857,53.012916463227555,57.73743432649957,58.89078651587411,53.22510785760566,62.9253747604219,48.625768966686145,63.693846650624735
Павлов Ольга Юрьевна,2022,платное,7.264240099886283,306.5754738570536,Медицина,"г. Орша, ул. Кирова, д. 3",+375297642917,81.29529584221811,47.93526360510012,83.95355430762599,68.68422270834668,63.797478570569716,72.30516018918684,59.4958115294443,66.82111368211702,52.25355534168642
Орлов Кирилл Андреевич,2022,платное,8.075329821703276,286.4407792884341,Биология,"г. Гомель, ул. Мира, д. 45",+375292069713,72.9414056911966,48.80132480189641,73.23225836884218,59.51381701136253,52.63269379286843,55.726867599454934,56.1573037125693,56.377538311938316,59.073537002098064
Козлов Борис Алексеевич,2022,целевое,7.717711944136766,276.64396292494484,Лингвистика,"г. Орша, ул. Мира, д. 24",+375293272119,73.11775611198783,50.25352159727599,41.951987169162834,44.36933381635345,70.12797078805073,54.72118023275236,67.30003933802543,62.038833357501055,53.15818758788718
Павлов Валерия Игоревна,2022,бюджет,7.86132880703009,276.9559451053039,Юриспруденция,"г. Новополоцк, ул. Ленина, д. 88",+375293231198,68.92544198753347,51.63865420337518,53.80503266784849,46.09952536729034,74.68560829625224,66.51571365809185,68.596917198618,57.14133508065889,54.60555491321306
Семенов Наталья Никитична,2022,бюджет,6.840551670485358,269.1508379634065,Экономика,"г. Гродно, ул. Кирова, д. 29",+375291058272,76.83834516322504,100.0,65.24700036851861,44.93918104736984,58.5680362936639,57.23753666533548,58.791003760548584,66.66943942999241,73.73085413340243
Захаров Екатерина Олеговна,2022,целевое,5.186792904785268,273.2826644580187,Информатика,"г. Лида, ул. Гагарина, д. 49",+375294853123,73.83234084204753,68.64442158595597,86.08277027779997,55.18135850823133,87.48835565218803,72.212276431774,67.23100091003079,65.5309972097628,78.93797298216252
Морозов Дмитрий Васильевич,2022,бюджет,7.0601915755583375,278.272211511299,Химия,"г. Витебск, ул. Ленина, д. 85",+375298033690,72.21116605849244,72.67736956776483,74.51102816525895,60.94810153196425,59.213933241337955,85.56158274383236,78.70337573302079,59.069939859509525,74.2717391558713
Федоров Алексей Васильевич,2022,платное,7.309145747519938,275.31442882589033,Психология,"г. Могилев, ул. Ленина, д. 77",+375291563316,57.96128413173281,46.133010178056686,83.44333152762297,72.26006918170695,56.34924030937473,72.00161803725119,88.56204884359511,84.38938373043095,93.281703501722
Федоров Артем Алексеевич,2022,платное,6.853052756221226,299.5783211981866,Медицина,"г. Новополоцк, ул. Мира, д. 30",+375294645172,77.95624488747094,37.25036175868813,89.76934426118274,63.32220448732065,63.251633456439436,43.54046208550734,51.16699759891956,47.441063534254496,50.881871089862734
Федоров Павел Павлович,2022,бюджет,7.732929157144029,316.9771948235997,Информатика,"г. Мозырь, ул. Гагарина, д. 77",+375296379867,69.51731205074923,83.33333911780306,43.4270581040622,63.308121405208006,78.26938728458337,52.30205453229906,49.23121663878597,56.542130622296234,86.7972520836071
Захаров Дмитрий Никитич,2022,бюджет,8.974776602986875,305.22629668985803,Химия,"г. Борисов, ул. Мира, д. 39",+375295616316,69.68785705392402,67.2581497678206,63.977078501635766,81.81359510442948,66.12910961552652,55.38287293291674,47.421213023291536,46.69978616574814,68.02226004518866
Соловьев Татьяна Вадимовна,2022,платное,7.27520517791235,298.8847686276141,Информатика,"г. Лида, ул. Гагарина, д. 64",+375291786584,68.62692252971205,79.58386703551484,28.69459472096897,51.23073404014201,59.53411600693647,46.354748745272495,45.95240437815606,49.983306652966704,77.92192728326373
Яковлев Валерия Никитична,2022,целевое,7.959586781689114,291.0996315042096,Экономика,"г. Мозырь, ул. Кирова, д. 54",+375297849452,52.61768766675028,28.189497710474008,50.89702233214237,66.86529879080328,18.78742735912148,70.00269823848369,52.106282152238684,88.88337778208448,54.22467282430705
Борисов Иван Олегович,2022,бюджет,7.8447946852836115,300.80181995324983,Математика,"г. Полоцк, ул. Советская, д. 29",+375296045519,76.41257140087463,53.694335201928,71.52310824947605,63.23094758184432,67.62402959511884,100.0,28.738305907521173,92.24696649761108,55.688287208994666
Николаев Артем Кириллович,2022,платное,9.008579060235087,299.08761142495445,Математика,"г. Лида, ул. Гагарина, д. 68",+375293249703,74.54487754698758,70.75763666601956,51.452506076418615,64.94263103359513,37.24239454992481,71.25868751282648,53.757083926721194,63.69930660959642,53.24980713006279
Алексеев Кирилл Сергеевич,2022,бюджет,9.055046138235618,347.57817515080137,Юриспруденция,"г. Могилев, ул. Мира, д. 48",+375292551288,51.96997369475665,65.3768042731443,49.0356558642679,71.3688277488543,81.85507738790204,93.48608833296412,57.36654081751177,81.68654804757907,61.47101309308417
Петров Игорь Владимирович,2022,платное,8.682539622738261,313.72776247235197,Лингвистика,"г. Новополоцк, ул. Кирова, д. 78",+375291663497,49.21751418586904,71.17507969315922,57.079540558249775,59.037177343372534,75.91752484448372,63.78360594640016,73.83770956878041,77.14713183170527,83.67177086343277
Соловьев Татьяна Юрьевна,2022,бюджет,7.029034672726953,283.0316557667454,Физика,"г. Речица, ул. Советская, д. 62",+375294504577,83.69154592496896,70.44460473976129,46.66138757657514,74.3295083735663,73.14070188794692,82.09006013626473,50.94029061046156,56.55677016959479,58.605158374745656
Васильев Александр Васильевич,2022,бюджет,5.5434321075418325,249.0117525740489,Экономика,"г. Витебск, ул. Кирова, д. 97",+375299034958,84.96570510579447,53.002569311577034,69.60719692801236,57.14245341003283,64.86085542332341,63.523086101843326,61.27814174450852,45.08864029099277,57.19655762757023
Семенов Кирилл Викторович,2022,платное,6.172447785106039,318.66119510778316,Химия,"г. Речица, ул. Победы, д. 100",+375295748945,87.05994516546816,71.66111029146766,79.66670981966081,90.2100622715938,45.766252187627444,86.21044796873338,73.98287346390578,56.45167069171581,77.03430220774416
Волков Анастасия Владимировна,2022,бюджет,7.824068830069707,307.17946130381523,Юриспруденция,"г. Солигорск, ул. Гагарина, д. 64",+375298818250,47.632287577084895,50.8711541514045,52.06533437903977,44.15163535859621,87.23083067095325,72.41145599630168,65.2875745253532,69.2964863358632,32.69095049177224
Борисов Елена Евгеньевна,2022,платное,7.739772520462457,288.02362877627303,Физика,"г. Барановичи, ул. Победы, д. 41",+375297944595,55.87745024580223,74.31365953914532,39.47527441750785,89.80913998846212,73.67044083262083,61.5863068690722,78.95560016482003,47.305260338013966,80.43479378670094
Соловьев Максим Борисович,2022,платное,10.0,329.06169856766513,Информатика,"г. Минск, ул. Победы, д. 71",+375298005797,77.6402008133367,87.72353500106767,70.98738154169703,64.33085494237535,35.17668845657556,45.59930557080804,58.15936599606414,61.40058561414977,63.69796275326076
Федоров Юрий Игоревич,2022,бюджет,7.313689141410301,311.8991108804647,Биология,"г. Борисов, ул. Мира, д. 71",+375296663388,90.16394055253573,69.03177480588725,75.72036861283745,72.87791030098849,45.72122309966647,61.16220777778294,63.86628810214126,41.37359136777563,65.01264625867346
Соловьев Ирина Сергеевна,2022,платное,6.9346504178185455,290.00924983859704,Биология,"г. Полоцк, ул. Мира, д. 22",+375296908535,55.921924421226095,47.09422483830747,70.86394466578356,93.8768765734019,68.34829686800637,39.96777646350163,67.29054434126455,36.79044016592452,76.2403658083061
Козлов Наталья Вадимовна,2022,бюджет,8.162088959893104,290.62093820585557,Математика,"г. Речица, ул. Кирова, д. 8",+375299790328,74.06363811260829,88.2579664754219,40.692546471236255,39.04322722330513,51.246010104809926,75.57568276528974,37.209808867847364,46.67844401889431,53.23261712386502
Григорьев Борис Юрьевич,2022,платное,7.54132921404701,302.6862290850956,Информатика,"г. Гомель, ул. Фрунзе, д. 1",+375297918793,87.00261749738829,70.36838637914602,53.82860089325996,77.30851101383621,31.95387450456869,54.17218837225486,62.856358348875865,66.73828081927552,69.90193306809117
Сидоров Максим Борисович,2022,платное,7.252066464364744,267.75954469614476,Математика,"г. Минск, ул. Советская, д. 65",+375298650572,50.1167264658701,68.41751587666151,66.80263068831701,45.265589486179806,60.88476332384396,66.70308751204047,54.86176198713353,76.70463770996571,45.55901152073082
Захаров Елена Михайловна,2022,бюджет,8.936696308374273,296.60716460704947,Экономика,"г. Минск, ул. Ленина, д. 69",+375297901115,81.10216169589222,62.35459441452652,51.202030956540966,63.363246064361896,70.71914685954927,54.50058721422522,77.38611097433846,71.63745261318928,66.38234899860345
Николаев Олег Дмитриевич,2022,бюджет,7.025183145892483,262.4191892015838,Информатика,"г. Минск, ул. Гагарина, д. 90",+375298223819,61.28326302769534,67.90558997572454,55.67176956186443,48.24369718313358,86.02404863755213,47.148418592598105,51.666798307697,63.065835474044654,62.97850473923911
Степанов Василий Борисович,2022,бюджет,8.331267306140232,308.34261793791336,Математика,"г. Борисов, ул. Советская, д. 80",+375299832465,78.17453261250175,71.67139595617489,58.599197116500775,52.06001831327444,37.282945362288494,64.82389817008858,86.32399607470862,75.18401630783438,63.378961758713245
Яковлев Олег Игоревич,2022,платное,7.201765658310661,302.6662085727587,Биология,"г. Могилев, ул. Победы, д. 52",+375298700704,62.30669503453301,85.53771987194409,77.02328796422802,91.3185689908911,49.00450506714016,87.27092883836737,71.62733241052175,68.29560128778537,63.51036681529722
Волков Максим Юрьевич,2022,бюджет,7.672305523806192,305.65649703738615,Психология,"г. Могилев, ул. Кирова, д. 84",+375291531577,87.00531658473872,62.105398047720705,30.493954446192717,63.82813538292997,57.21231371710879,78.09998983165555,59.151172666501566,78.28456184690495,30.733472039420626
Николаев Валерия Михайловна,2022,бюджет,8.19582874235416,295.0804456558773,Физика,"г. Гомель, ул. Кирова, д. 2",+375293875339,56.82020774612845,82.59712295484168,58.58311928336996,66.29414958036178,47.04175559115351,79.19197397486627,75.62586996088277,68.75316454517832,73.7048275313656
Макаров Галина Евгеньевна,2022,бюджет,5.256220392561403,283.5548689645731,Физика,"г. Витебск, ул. Гагарина, д. 6",+375294854842,67.93107432012651,83.55555659020712,84.74221341485881,76.05915839968779,49.055962952888855,65.42125975909654,40.60287684362028,68.58585466763513,79.50603412862539
Козлов Светлана Владимировна,2022,целевое,9.486488535705954,293.1436800923396,Химия,"г. Гомель, ул. Ленина, д. 88",+375295703878,63.38216156087636,55.752916548843494,71.99140252859173,62.90523064581195,65.83468094028275,63.77210413410768,57.08596302032221,48.66312749762456,75.73060689624845
Попов Андрей Евгеньевич,2022,платное,7.006208226525384,287.75757263207527,Лингвистика,"г. Минск, ул. Советская, д. 76",+375293419132,52.746577742301945,50.81749624267769,67.36811498117994,54.629559303795205,73.60602799336766,71.09479727587006,55.906439124927076,88.1830232485267,61.09020786494012
Попов Роман Павлович,2022,целевое,7.178830690921448,291.4199599607914,Юриспруденция,"г. Борисов, ул. Гагарина, д. 50",+375296565503,58.661487686678264,59.43644032530778,34.031980448326124,82.42407341179853,75.41325632270619,79.43002130447375,74.27324655861064,64.788375424397,67.10207848552842
Яковлев Владимир Андреевич,2022,платное,6.42402932722175,291.14162601048065,Юриспруденция,"г. Жлобин, ул. Кирова, д. 45",+375291900876,72.7015616282474,28.09158869472757,58.51358549638096,50.95769016324058,79.32262950634156,79.70044187368202,49.38561157766961,67.87826135823957,58.34001947164006
Алексеев Борис Романович,2022,бюджет,7.875821368637976,321.7723869189089,Физика,"г. Новополоцк, ул. Фрунзе, д. 42",+375291497036,83.41983695452127,71.30792799552555,16.395176710175377,54.37766915067291,44.421842687340416,35.53086276808582,41.43860042666141,61.64112707749455,88.28640828248231
Козлов Дарья Викторовна,2022,платное,7.00083968646317,277.40645618865295,Биология,"г. Солигорск, ул. Гагарина, д. 49",+375298245206,68.9349661178426,66.83856292756055,70.40909689781009,68.05399630836855,42.684559976505234,33.72256789872421,54.15114440160832,62.37080234880198,58.550644949776654
Сидоров Валерия Романовна,2022,платное,8.118753706132747,297.79851690235296,Математика,"г. Орша, ул. Фрунзе, д. 32",+375292233237,65.54253939303219,81.08246191684968,40.24302120080122,71.64041870765213,44.96674471609913,48.71347143970448,37.998222140764845,69.98597853114363,74.62968687716969
Зайцев Валерия Сергеевна,2022,бюджет,9.695544242059304,345.89062770130045,Физика,"г. Гродно, ул. Кирова, д. 50",+375296312979,84.78422112028035,80.22142545933936,43.44495257204446,55.03816163508664,48.29701306323806,79.95862356058561,42.04817030360533,73.40546534083666,83.9295387010877
Волков Александр Максимович,2022,бюджет,8.024775824446753,263.5192898985091,Экономика,"г. Солигорск, ул. Фрунзе, д. 35",+375292715158,70.90313407370503,70.68483239370244,94.22477754808264,50.73537484599455,36.974396287014606,56.19989966092236,70.69068043291998,56.168497919414165,54.41521420593116
Павлов Галина Олеговна,2022,бюджет,8.04147038318221,319.82282596058906,Математика,"г. Речица, ул. Гагарина, д. 53",+375292732967,76.85175536829914,79.25444864184172,63.334347837012814,79.1829871997009,45.71525428891805,49.84507292312203,48.41010832093764,83.3019181186261,73.50597882592595
Сидоров Ольга Романовна,2022,бюджет,8.365775188508811,301.3592452734041,Информатика,"г. Мозырь, ул. Фрунзе, д. 50",+375291207041,86.83493666889927,63.21959132623619,85.00836167326706,82.84857932568387,71.0343299586862,86.7269836315659,35.150651884833394,52.133277956060226,67.64696539318048
Соловьев Вадим Олегович,2022,бюджет,7.453176576746947,309.68774881225517,Биология,"г. Борисов, ул. Гагарина, д. 67",+375293845129,64.49859260397855,71.36242724006229,88.70536143996713,81.95202900084,64.25626535492252,45.181899886488765,47.29723550811953,78.74428357945,71.69023505857999
Волков Олег Владимирович,2022,бюджет,8.625498645012787,287.79600227229105,Юриспруденция,"г. Полоцк, ул. Советская, д. 9",+375293805274,53.73135681351164,29.612881903329345,43.93721371973342,88.67128630709585,62.195444289975335,76.8947982122108,75.11165959792798,62.450773319977074,62.77065712171625
Козлов Роман Андреевич,2022,бюджет,5.270518258322055,276.3648047865227,Юриспруденция,"г. Солигорск, ул. Победы, д. 32",+375299318184,60.187489828608754,100.0,34.97101111682707,75.88092794825818,73.27198262603535,82.71920154836675,66.61960727548869,67.66843802890003,63.434945886890105
Смирнов Екатерина Борисовна,2022,платное,9.223602486847174,335.33057732303996,Психология,"г. Орша, ул. Ленина, д. 51",+375296573679,81.03247500571393,64.47237698985788,69.57990252964653,85.5811832508715,65.51429760314566,76.48089419798276,46.78397495008062,49.316688545264235,77.80101930265997
Павлов Юрий Евгеньевич,2022,бюджет,8.275787445270925,336.51651290690063,Психология,"г. Лида, ул. Фрунзе, д. 84",+375293283789,72.61889563687946,60.69004120879911,46.43078437509351,86.72756845267445,69.98125235537668,94.4121743646375,46.82515384230392,54.32988151472674,63.47168883788358
Козлов Игорь Евгеньевич,2022,бюджет,8.164869325339088,320.5174457926061,Биология,"г. Брест, ул. Мира, д. 41",+375295889688,72.84332362452368,46.90558364319449,83.81407528923572,82.21135362545581,46.25588849154413,80.33164201658244,77.55298063794905,62.014447458716894,61.19396793564054
Алексеев Михаил Игоревич,2022,целевое,7.1543533512935085,275.16722381931004,Медицина,"г. Пинск, ул. Фрунзе, д. 51",+375297123944,66.38296929743741,60.45047218746123,53.4761645539082,83.76455645502935,36.57760166337211,82.55129742643499,55.04819859050325,56.82499527103235,50.583991408732416
Орлов Игорь Олегович,2022,целевое,8.864777450837675,291.42149628854673,Физика,"г. Брест, ул. Кирова, д. 99",+375291451577,89.18531345148037,50.1219134346492,79.15448079132281,65.07035221652562,41.89467528214176,43.87031410426143,85.14589540812304,45.81739680085903,63.46649489404041
Павлов Кирилл Дмитриевич,2022,целевое,7.499623592865871,295.29048760916123,Медицина,"г. Могилев, ул. Фрунзе, д. 53",+375299376917,78.38552876285914,45.93111635195402,77.16624975404619,64.74247316359723,76.51232097633908,75.920564473097,67.98009298232915,65.42491591870525,86.41782187301061
Морозов Михаил Юрьевич,2022,платное,10.0,307.8529620703419,Математика,"г. Гродно, ул. Кирова, д. 55",+375297324856,63.181258745791986,79.49473912832306,91.2907057430567,44.77860760221222,54.57805849959021,66.2466905715218,59.19142726491391,65.17696419622686,76.82786784345706
Козлов Юлия Павловна,2022,бюджет,8.501701591589859,292.0160112815968,Физика,"г. Новополоцк, ул. Гагарина, д. 65",+375298017921,76.96131459023907,65.95931710264,36.76559212419787,63.869639718317714,76.55816014974387,67.12751619743072,59.96394238621719,51.160925223160405,64.07836367281911
Зайцев Анна Олеговна,2022,бюджет,9.655632987512355,320.4043416747541,Лингвистика,"г. Могилев, ул. Ленина, д. 99",+375295164624,73.70657432078379,36.814053199639005,83.84758467271025,68.61106831341002,88.99594645145794,39.868083772723274,61.34175844584561,73.51030690232703,67.54176640342791
Орлов Андрей Сергеевич,2022,бюджет,7.33560541266905,337.6073495387435,Экономика,"г. Новополоцк, ул. Фрунзе, д. 43",+375298221845,82.06078913815132,56.3597808478195,44.60446188501162,78.45000859078725,45.52941861373928,91.28468554772321,55.73423025590236,90.9058207261785,70.18396935088917
Федоров Никита Никитич,2022,бюджет,6.324334530339832,284.2219839595632,Физика,"г. Жлобин, ул. Гагарина, д. 75",+375294708297,69.80603628173873,71.59092122653921,66.42475038562856,61.15734744326575,51.09282887896942,57.515528845235515,61.17865544578725,28.06898858377782,79.58168114788698
Борисов Екатерина Юрьевна,2022,бюджет,7.657278223459018,258.5460581927309,Медицина,"г. Жлобин, ул. Советская, д. 45",+375291412092,63.46667596794255,34.689834793339344,57.0610750213211,61.44552496887711,49.36468563554264,89.29888706289853,52.11180486157194,62.66625159402047,66.00722079759493
Сидоров Виктория Артемовна,2022,бюджет,6.626073357112064,323.06754088303165,Медицина,"г. Гродно, ул. Победы, д. 40",+375296755703,74.22556539274007,42.07059354601133,89.50927548279212,93.07196643637886,34.76011958815971,44.639571136704305,55.802844864344905,45.53193307634713,67.58948330183797
Козлов Мария Ивановна,2022,платное,7.666872478384101,335.7148884014265,Медицина,"г. Полоцк, ул. Ленина, д. 57",+375298590804,96.65056067806603,77.85822891515394,77.12574030632214,85.26986263319732,76.58850636535963,51.54078767912635,47.75674133187053,61.17214594454471,72.92454186746916
Яковлев Андрей Артемович,2022,бюджет,7.0147230921792465,280.4085177591754,Экономика,"г. Минск, ул. Фрунзе, д. 44",+375292834801,59.23003517809003,47.95763334073737,58.89040704608433,58.865015935112545,89.58813265184712,61.14012057601002,67.58383862753811,89.8911310832829,94.07174618134194
Степанов Михаил Вадимович,2022,целевое,9.956234634863469,336.4360234844428,Математика,"г. Речица, ул. Советская, д. 43",+375298153291,79.914294527202,80.69760357198646,62.93222597329936,58.51732198141041,66.53963084250069,22.016308721704718,70.23104235093948,76.26177903661967,56.66287654832602
Макаров Вероника Вадимовна,2022,бюджет,6.8613977242473725,298.459557028117,Медицина,"г. Брест, ул. Кирова, д. 85",+375298250013,68.25065981209448,53.95386016402454,94.91553302204734,66.67938695150143,51.748270755951914,57.79461864853725,72.61101723194324,63.117037610299704,40.610619792716065
Павлов Игорь Павлович,2022,бюджет,8.821587549282915,319.9404883038927,Юриспруденция,"г. Лида, ул. Мира, д. 1",+375294603680,50.88968350181683,58.84168432165431,66.38765487944744,66.27308633831959,57.23988245951598,85.63940987560856,63.78853268994935,88.84532047593906,66.66297490936007
Орлов Борис Артемович,2022,бюджет,7.851258578570224,312.4213927959523,Химия,"г. Речица, ул. Советская, д. 47",+375296469119,79.66545311450128,80.19338634304123,80.22250636017779,74.02084753557097,94.08652080670322,73.33555683419839,68.60616631506619,40.85543375192496,40.675385738046934
Захаров Никита Михайлович,2022,бюджет,7.003661201244428,313.7879202666833,Химия,"г. Жлобин, ул. Кирова, д. 41",+375297520284,76.45521197768241,50.78816152487526,76.4098269961206,90.88626928043595,70.43103711825448,42.88487235370893,58.32736759285584,47.925502787211585,54.18450125387158
Лебедев Виктор Иванович,2022,бюджет,6.094014783218926,296.08733588269274,Психология,"г. Молодечно, ул. Гагарина, д. 23",+375295990296,70.22354417395995,41.17296942039908,58.08517977722715,69.3939236315269,16.05826964996598,95.52972024501663,76.33154481325008,54.35548912612506,60.282285746108975
Алексеев Владимир Артемович,2022,платное,7.237616067077957,311.20144150198234,Психология,"г. Борисов, ул. Победы, д. 15",+375294070977,91.95722877810866,88.45933042159668,62.35040592369787,85.23530644185345,62.62930168400886,61.63274561124069,53.82264946554514,61.978919501579355,53.181784218848335
Семенов Ксения Кирилловна,2022,платное,9.163619276715412,281.81988511666003,Экономика,"г. Гродно, ул. Гагарина, д. 50",+375298097413,74.08600442490885,58.78682253201808,60.783877357462245,44.09092400405099,49.244757763080955,62.15415734300031,74.667233245293,53.943530581596754,77.30385514975389
Зайцев Наталья Сергеевна,2022,бюджет,5.582880996485482,258.42490483977303,Математика,"г. Брест, ул. Гагарина, д. 22",+375299214830,71.97819413017379,48.96862912172701,54.580341570490646,59.037237580667714,44.8410267010663,52.27172409287636,82.95292798295027,81.64927162301741,46.1315382843285
Григорьев Сергей Максимович,2022,бюджет,7.071992238984155,292.0585739617004,Биология,"г. Гомель, ул. Фрунзе, д. 46",+375291160783,71.72982682390229,56.798148309743425,79.96199187363317,69.64683287432341,67.67249363042792,89.02731060090343,72.23251533666394,59.27867239003841,57.25274293420058
Николаев Валерия Никитична,2022,бюджет,6.859679632273,306.36741155606217,Медицина,"г. Полоцк, ул. Мира, д. 88",+375299249791,86.80640912452145,50.59029831073046,75.45222708999982,75.51197901881085,52.47323710782702,39.41301678173849,64.84461755426503,59.08494042216925,67.50360704154855
Козлов Дарья Вадимовна,2022,платное,4.839817392775123,286.7441207771965,Юриспруденция,"г. Могилев, ул. Гагарина, д. 4",+375294699871,78.31231948219572,46.848393281822325,85.68060426026838,33.78545235257607,79.3477006455689,79.75430682526624,48.06664398088677,79.24393937861012,79.19278004640239
Николаев Максим Дмитриевич,2022,бюджет,6.238428106032787,299.0467447490134,Биология,"г. Брест, ул. Фрунзе, д. 59",+375299309978,80.02744807490815,22.600937695048835,65.34335196476792,91.29166364900945,51.27326949911919,42.39180053386541,57.03093406522977,91.01859507245328,32.52476629190961
Смирнов Светлана Владимировна,2022,платное,7.307567902746203,317.69956043380176,Лингвистика,"г. Речица, ул. Фрунзе, д. 47",+375291698108,82.4614752476944,87.86553515306599,58.44853163564574,41.41420946210036,95.95843501809159,83.91663587623795,81.78946987762232,66.8759765106258,59.26455988742945
Смирнов Галина Сергеевна,2022,платное,7.457009305552244,300.8990157432047,Медицина,"г. Борисов, ул. Победы, д. 5",+375298545256,78.30851304615578,81.76502157197004,83.79417041137403,64.22623923015242,80.64744675029307,64.69698210019733,70.30598693788374,81.99811288917904,43.32629625729673
Павлов Вадим Артемович,2022,бюджет,5.9409403638650105,307.5619579011071,Биология,"г. Борисов, ул. Советская, д. 95",+375296882609,69.68545448640785,36.48210861951816,78.4670997760492,100.0,32.39883383241371,59.51579083425794,69.60814402612161,61.84617302484272,58.303079212263896
Андреев Евгений Борисович,2022,платное,8.584821065713577,325.63861006018556,Психология,"г. Барановичи, ул. Фрунзе, д. 27",+375291995859,77.32786742940164,48.6485403447611,27.1511744253217,86.94592220513731,74.37578729763064,75.5166097685108,63.43612032308554,76.11477019073342,63.36509485167124
Андреев Олег Олегович,2022,бюджет,6.22051808172093,289.04043678754664,Психология,"г. Брест, ул. Победы, д. 91",+375295909595,72.0251779912615,79.6797560786092,64.81178588899026,76.94051943605874,40.94908366931952,77.86955854301709,47.52067623758323,50.42575910207259,47.769365575258185
Захаров Ксения Артемовна,2022,платное,7.024524386277888,323.4676827188355,Биология,"г. Гродно, ул. Фрунзе, д. 53",+375291994652,96.24771403016962,79.97008592982604,94.20367502144262,62.77104980444436,61.068806248663385,40.597385621938564,49.56457684204404,46.22809524875137,78.59376009662343
Зайцев Владимир Борисович,2022,платное,7.227028488055911,316.1960235071499,Биология,"г. Борисов, ул. Советская, д. 92",+375296403886,85.68379333694017,69.06181334382777,98.03638752104789,60.20555776860276,78.88849859680198,77.19661305601092,45.39931742959448,75.10700004709739,65.04217444539343
Козлов Вероника Борисовна,2022,платное,7.001743478513674,307.28302906285086,Химия,"г. Пинск, ул. Кирова, д. 54",+375297294347,66.76064513028001,49.21335822826221,95.49812095785926,75.00682818957483,71.73195002297189,48.13650927498671,48.30220580667542,76.22977213874913,39.756356826727014
Семенов Вадим Никитич,2022,бюджет,8.573576625088647,313.24330532240646,Медицина,"г. Пинск, ул. Кирова, д. 48",+375298628527,75.34027411072232,61.67058902760078,73.20906714983843,78.95819781095923,70.39283633726717,71.01956318188995,45.2129428699826,55.73767353106804,77.92144292815406
Романов Александр Андреевич,2022,бюджет,6.740693964137953,259.36544165342445,Медицина,"г. Молодечно, ул. Кирова, д. 86",+375297009980,61.27140548518936,65.27219850528303,55.2177475062519,75.4693490206037,88.46650525118966,45.78160924096521,47.48515431762627,71.4604467235929,36.85797727185531
Васильев Вероника Кирилловна,2022,платное,8.049366731910942,303.87789341703535,Физика,"г. Барановичи, ул. Мира, д. 35",+375296416778,80.96441137581752,68.65714152310596,56.46045019183543,71.16278565472552,66.32319125304842,64.00227594443103,54.91316581094942,65.55091672903433,73.76267319900244
Кузнецов Светлана Павловна,2022,бюджет,6.982649316509881,279.6075188883366,Биология,"г. Полоцк, ул. Фрунзе, д. 44",+375291812172,70.03067974882022,57.26146538430688,65.10042207447987,74.64992389993765,47.83498704556733,43.2893032475701,63.87991721783082,63.1910966378649,71.74310602422858
Иванов Екатерина Артемовна,2022,бюджет,10.0,336.193400430839,Информатика,"г. Брест, ул. Мира, д. 59",+375291011340,79.08052846836756,80.50797572273663,66.67160711747393,47.61519475796787,62.24045223406783,65.46210444081991,60.10767700361913,28.70283512443373,76.6048962397348
Макаров Владимир Дмитриевич,2022,бюджет,7.906424781506028,309.31713852265017,Юриспруденция,"г. Брест, ул. Фрунзе, д. 36",+375292565985,54.59941096864526,49.07884353217018,65.60022839567097,64.68567315699858,86.92735165416414,62.42131844091112,70.97070378862489,80.90422061251464,57.867801945891806
Захаров Анна Сергеевна,2022,бюджет,7.399538448180945,308.5162703899656,Экономика,"г. Брест, ул. Ленина, д. 51",+375296125594,85.29457481598357,73.08473070042676,42.85471031889407,72.30237280133227,59.029670924512224,75.72874098015515,61.097954865025415,73.4975701120174,77.87561245660598
Зайцев Вадим Артемович,2022,бюджет,7.3179426797073255,301.0630605243168,Химия,"г. Минск, ул. Советская, д. 62",+375292307594,63.80453871616831,54.09705216045407,76.78694716810476,87.29214784297051,69.0464202742325,47.24197081879434,97.27784875018338,63.97162966466969,79.13086106998523
Захаров Мария Максимовна,2022,платное,7.2327351590680715,314.38170418616124,Математика,"г. Минск, ул. Ленина, д. 90",+375296764217,80.3335924470545,83.39468504518405,78.27292067631384,75.86052458067337,73.08295500109466,55.27369903208837,51.42380937065908,78.32607510324198,73.99692108511604
Зайцев Галина Борисовна,2022,целевое,7.547336457888887,329.89192030607904,Физика,"г. Полоцк, ул. Ленина, д. 30",+375297426846,85.65171965714387,89.52616745486179,46.2551862138987,47.4461894430558,57.894374116419954,64.61419002283795,52.131494793494234,80.28304018300716,79.24066861518452
Смирнов Василий Евгеньевич,2022,платное,7.372395596962422,269.3922118741887,Физика,"г. Солигорск, ул. Победы, д. 18",+375297420993,60.64090476131472,61.84184183572493,64.2151387542271,28.011065607677455,75.18956114466107,57.627692334415194,100.0,94.61874375924165,73.18550930752484
Сидоров Дмитрий Никитич,2022,платное,4.720627364437348,309.89152943341264,Математика,"г. Минск, ул. Гагарина, д. 84",+375293753418,84.95581514002029,92.03172609918037,35.42956413845975,33.204368019679706,50.66947791668428,68.74106374760797,67.45310385761395,85.69771454983851,42.00453707452038
Макаров Кирилл Борисович,2022,бюджет,5.882343465671799,273.6693354254469,Медицина,"г. Лида, ул. Гагарина, д. 88",+375298421969,83.58014195302145,47.57705590552148,54.81512135611362,76.45063745959382,71.89763532328016,58.16914301818084,53.13227420726266,57.6095665178114,54.44125856398826
Кузнецов Василий Артемович,2022,бюджет,5.731041441549474,280.0609911190236,Химия,"г. Новополоцк, ул. Победы, д. 55",+375296276495,67.85319323009568,67.81919857520722,78.216785413765,76.6805980596682,45.07277277219931,57.27745256796499,27.34402430335718,62.67714995828084,81.4328656172035
Федоров Вадим Олегович,2022,бюджет,7.473265224979544,317.58520370515663,Математика,"г. Орша, ул. Фрунзе, д. 89",+375291450038,69.14072326682245,78.2910677871013,78.79263951641225,53.276630755497756,49.616245061011554,30.466152863758754,61.551571939621596,95.42076040143743,64.16037692947013
Степанов Юлия Васильевна,2022,бюджет,6.836494995159238,296.688428493438,Биология,"г. Новополоцк, ул. Победы, д. 83",+375291915518,78.22082310766986,59.833619940770966,66.8698562773987,83.23279915677705,63.38642284667632,60.26419877900486,45.369509590826254,79.55261897902139,69.97054117999664
Федоров Виктор Михайлович,2022,бюджет,7.396716368650928,293.5683461234154,Химия,"г. Могилев, ул. Гагарина, д. 2",+375297058222,85.01824853681937,52.536437424221894,67.17996507488964,67.40296882519714,33.43397170367864,67.07313570627309,32.53282682492475,41.573342531013566,28.866179863822
Егоров Светлана Ивановна,2022,бюджет,9.063933644779276,299.7781256667469,Экономика,"г. Речица, ул. Кирова, д. 23",+375298902314,73.49679539728128,55.09955680220454,44.36133457994136,42.416493698450395,66.96554795319861,69.49448068291512,64.74537482304217,66.14751313875777,62.71594114156623
Иванов Борис Владимирович,2022,бюджет,6.280945407612026,279.6133869020638,Физика,"г. Барановичи, ул. Ленина, д. 8",+375297676912,80.86165800392783,70.8758618178352,63.85798455533891,56.3900223820468,60.11820277042092,55.115834217772445,57.53497191171913,63.18140029611263,65.06641300418049
Борисов Ксения Кирилловна,2022,бюджет,8.472958374710052,281.46380394532673,Лингвистика,"г. Лида, ул. Кирова, д. 52",+375292382909,39.171861692531834,35.99593343244435,41.74075961669281,62.39193760206194,66.07212484508116,67.70421696346645,75.34713748752561,55.31495786561946,69.82463376332535
Морозов Дмитрий Андреевич,2022,платное,6.079163330132928,268.0811878729016,Лингвистика,"г. Орша, ул. Ленина, д. 66",+375294409088,45.0920598774772,66.30287314342488,47.15252643886201,61.46505565122503,62.35501593045034,33.103403211981345,71.17182810387031,73.76271053725164,54.03480459578094
Орлов Вероника Сергеевна,2022,платное,8.077089711298674,309.3404569883499,Математика,"г. Могилев, ул. Победы, д. 90",+375298339797,71.00100937868864,77.69294752580734,59.326604548161946,62.7375154589882,49.94827199318651,77.57576872074239,42.35739995167829,79.87560297086719,77.72836639439942
Егоров Вадим Артемович,2022,бюджет,7.127630753538115,290.3821925225787,Химия,"г. Молодечно, ул. Гагарина, д. 78",+375291923227,72.9747577293517,52.07554430005531,85.36087651046256,60.77025074738327,45.44813609430535,54.03663351762418,78.56480636267997,65.69651454061344,45.47931362234632
Смирнов Иван Александрович,2022,платное,5.7802178225703456,272.73041107767324,Биология,"г. Гродно, ул. Кирова, д. 2",+375293748655,68.85676855903705,49.353165116496974,84.78889558556779,61.282568707364945,84.1317128360156,72.42344535276933,76.36292505905547,53.05590731962113,57.75088921381336
Степанов Мария Владимировна,2022,целевое,7.265531578587571,294.2977541649971,Медицина,"г. Брест, ул. Победы, д. 17",+375295509119,69.75337592933197,67.40482271464727,87.96063061781396,63.92843183197549,54.517410945221016,57.73051169651217,39.06316196711272,68.87023862637601,49.14014502386087
Алексеев Алексей Кириллович,2022,платное,8.695341857893355,300.93941213100936,Физика,"г. Пинск, ул. Гагарина, д. 9",+375295411563,70.48050628088123,67.10661494280326,59.89432521779168,56.76585632147967,54.42213176582002,49.07307567479486,64.79287006174434,84.80425902738428,76.39887232839128
Павлов Ирина Никитична,2022,платное,7.264463218334476,280.89215700062687,Психология,"г. Солигорск, ул. Ленина, д. 64",+375293799805,61.097780748465375,62.36642158940654,43.539475215434,60.23075072468099,48.909428888114455,86.91899334413573,74.25023743004468,63.645070830815996,37.009491601651035
Орлов Василий Юрьевич,2022,бюджет,8.519534386219455,316.9540132915852,Экономика,"г. Витебск, ул. Советская, д. 95",+375299536665,78.01700008901736,62.63304344367897,32.343096247788814,46.64523227970192,59.03883353776925,80.3629090951719,27.058082683500807,73.37876024520142,62.14573154818429
Федоров Александр Алексеевич,2022,бюджет,7.9555675780631585,321.6033730391114,Информатика,"г. Полоцк, ул. Победы, д. 50",+375293518002,81.92857584237437,80.82571318808806,48.000892399470985,31.379967943150387,54.10420864407899,75.0244773781284,80.90181791286648,70.65823653446678,79.29340822801734
Николаев Андрей Сергеевич,2022,целевое,6.615875836862854,270.22881787050915,Математика,"г. Лида, ул. Советская, д. 42",+375295165165,69.43881253239219,73.6993970644638,85.03604288739497,45.86162991312186,84.22168186064778,55.16957768261912,79.88148163642617,60.93184990502462,68.78856301746974
Морозов Сергей Андреевич,2022,целевое,7.4287017824730075,288.8616068523415,Юриспруденция,"г. Солигорск, ул. Ленина, д. 65",+375291883692,38.77099212113718,63.27801063616418,75.14207682893954,47.325878421097556,60.00984039541599,74.08155235665045,58.68847006834228,80.48319627554498,74.24391857046733
Петров Мария Игоревна,2022,бюджет,7.706705263693245,327.48926947089655,Математика,"г. Могилев, ул. Мира, д. 37",+375296212643,93.55503314794262,77.24234744535292,54.803602409896506,35.82648961345758,56.06010719525749,54.95419581883296,74.40457194422206,79.62483624066854,42.30946317551074
Иванов Екатерина Ивановна,2022,бюджет,6.572917501492511,287.9998328116536,Экономика,"г. Барановичи, ул. Победы, д. 73",+375296098752,81.71531171729053,82.92047039081748,73.31255951121089,71.41269981467217,60.90128991922745,78.8831200542345,78.74257351059238,61.6722260252035,54.75841009174566
Орлов Анна Михайловна,2022,бюджет,5.965163116536257,273.6748559981035,Психология,"г. Барановичи, ул. Кирова, д. 70",+375295112546,78.79153118726124,78.45333263476181,51.045385699183896,51.09695632530562,53.81668882463295,84.13473732017407,68.0644485442482,66.42279371715864,55.8001004718828
Иванов Виктория Викторовна,2022,бюджет,7.723699403692856,296.65209993260953,Математика,"г. Речица, ул. Победы, д. 82",+375291160974,80.15294321624468,66.65718189965375,92.76145100070684,68.55760812531774,51.29027546169073,50.829221289170576,58.60583690079618,72.60498077978251,76.75250663294932
Романов Валерия Дмитриевна,2022,бюджет,9.048773353107057,292.906079498469,Экономика,"г. Витебск, ул. Советская, д. 68",+375294995789,67.68368261091472,88.35661027733674,60.73962497280334,71.53259513953346,50.87660238832861,78.63115627744523,64.66664986714792,56.10350707903847,90.2291266569096
Кузнецов Артем Владимирович,2022,бюджет,6.2404134013080705,307.349654454572,Юриспруденция,"г. Могилев, ул. Ленина, д. 30",+375299720112,54.04207025781019,43.465953893162165,65.21342420705328,61.300465491215945,78.55668948563229,76.9157739619409,67.5936148395889,89.47305699391806,68.52154807692969
Павлов Анна Андреевна,2022,платное,6.570462035977702,266.83045047772214,Юриспруденция,"г. Витебск, ул. Гагарина, д. 18",+375297616116,80.43844279068678,84.60921845232431,100.0,43.14758950140603,77.42882013150275,54.17901296811013,68.29723734568813,69.51799701833227,88.8516869223743
Егоров Артем Юрьевич,2022,платное,7.932777469722954,299.15708846857706,Физика,"г. Гродно, ул. Советская, д. 38",+375295378701,58.10816962032739,70.2873625929748,30.36768343174294,71.26649181760965,29.02375430615519,60.42686371774738,28.83282270215705,55.19553293195037,91.43378155804534
Зайцев Вероника Евгеньевна,2023,целевое,8.259992191285486,298.59181307804073,Экономика,"г. Мозырь, ул. Мира, д. 35",+375294919346,66.36506395035066,59.53194766591374,60.2702530806667,67.08945518765108,39.4971245507876,80.92567273847331,19.434125525958372,68.70115447636189,52.67589236322683
Борисов Владимир Павлович,2023,целевое,7.394290507165112,279.93665733116484,Физика,"г. Витебск, ул. Советская, д. 14",+375293757754,75.22630852676869,60.944369461437134,45.225103112744776,62.98020014321111,58.813989872031655,51.313138355463806,52.78749315732031,70.44251995738934,69.82307427130786
Смирнов Виктория Олеговна,2023,бюджет,8.462554150341743,320.64237671646237,Медицина,"г. Солигорск, ул. Фрунзе, д. 27",+375298581910,96.69936588080543,38.64476044674116,56.481572684253415,82.83589664798606,49.82035408058845,55.226437083860695,48.28265432803329,56.10299788848731,83.97807168144512
Сидоров Виктор Вадимович,2023,бюджет,6.673337348909513,260.45328464758194,Биология,"г. Орша, ул. Фрунзе, д. 91",+375291676621,83.62223511886977,38.75659416311032,63.488462634471304,46.60921340514573,47.859287683758694,74.35054779578488,67.75419773622556,56.67730105571814,59.665495744229204
Кузнецов Сергей Андреевич,2023,платное,7.971968460006388,293.6048824283505,Химия,"г. Борисов, ул. Победы, д. 51",+375299614423,77.04758882401784,71.48817419220921,58.84113212589527,77.99647687837349,73.98652306432001,53.773495665549454,70.51050918180876,100.0,58.43485810519662
Григорьев Никита Вадимович,2023,платное,7.215585635984847,301.2076690399735,Информатика,"г. Минск, ул. Мира, д. 58",+375295191831,67.61942916338609,76.81251162602051,66.90407437473456,62.92263510405207,44.70457020436715,63.09542656988176,81.93293908076456,66.7295364677179,84.61987189071841
Смирнов Владимир Александрович,2023,бюджет,8.764782925419452,311.0471853798256,Физика,"г. Гомель, ул. Фрунзе, д. 100",+375294729376,82.49900239423711,77.79267838216526,45.73633905469152,64.77781507198311,45.12455004839534,50.50679587672812,62.83992460938561,64.45866410070187,63.10767534922871
Лебедев Вероника Юрьевна,2023,бюджет,7.133257066718024,274.9307804866261,Математика,"г. Могилев, ул. Гагарина, д. 76",+375295342289,80.72006278300474,67.95271564389117,36.93622805326237,57.82643131377853,53.3108442920826,61.69710685579534,54.5532500826665,54.9254313925499,54.17479592548263
Васильев Борис Сергеевич,2023,бюджет,7.035165642536627,306.1018252872511,Физика,"г. Молодечно, ул. Фрунзе, д. 17",+375292543145,81.3366102477406,68.0180032538895,85.1801201005885,31.325391740223644,79.66751246703936,56.63521543682843,72.89377308515334,61.197022260881,86.39555536025469
Петров Екатерина Вадимовна,2023,бюджет,7.586734758461147,273.6626433472601,Экономика,"г. Лида, ул. Фрунзе, д. 93",+375297626978,64.01379574822188,81.30756430906595,58.29779031176788,63.32337710436316,78.52127871067192,64.68044757905565,68.93236346458886,69.10105243537109,58.01745966533442
Попов Галина Ивановна,2023,бюджет,7.778210510561817,310.1525273011282,Медицина,"г. Барановичи, ул. Советская, д. 36",+375295695180,59.997781385530644,48.317444357693475,88.5107289241314,83.86191188584796,59.060406340091475,63.64685187769339,55.58636241545314,80.34875078741973,56.994711333087544
Андреев Андрей Романович,2023,платное,6.252232162767739,299.26590081663323,Медицина,"г. Борисов, ул. Кирова, д. 38",+375299370012,86.46030144142065,48.3394277273114,90.58789184496894,59.69538590256623,84.44463196669199,54.40986624072038,56.359518782620775,31.649847432255857,53.17807923933461
Петров Елена Андреевна,2023,платное,9.487449902468754,329.98332185375614,Юриспруденция,"г. Пинск, ул. Мира, д. 18",+375298033593,50.88530481939791,57.94033551316681,74.36687421709358,63.11405027100939,78.07676653401114,64.04480611154437,46.78868865595905,92.98725018351311,48.9719844785513
Федоров Мария Сергеевна,2023,платное,7.505075830792982,321.04272214080703,Химия,"г. Речица, ул. Фрунзе, д. 3",+375297417252,72.56938801119134,60.03431904215256,85.7036516022993,87.71892421938657,58.33781159581369,54.17635419717692,59.161193272166805,65.06936292348178,73.36955530304633
Лебедев Ирина Павловна,2023,бюджет,7.792236245023614,281.85568174936833,Экономика,"г. Жлобин, ул. Победы, д. 50",+375295537157,81.18886298023153,84.57539598406412,65.71964418397177,64.67479284007167,37.21633762364898,48.69269863170936,65.82563593845252,74.05175768719128,52.278259876278874
Федоров Юлия Александровна,2023,бюджет,7.601001876222836,306.90967691467023,Математика,"г. Пинск, ул. Ленина, д. 61",+375299882399,74.39596270803092,86.27780250633899,61.29166302388467,48.796150723947484,74.85249358438934,56.743033875806965,67.89805025508461,70.225892938072,50.25259671753845
Попов Максим Артемович,2023,платное,6.645632127289293,297.05895835462246,Экономика,"г. Борисов, ул. Кирова, д. 31",+375295471581,75.12828643543685,67.1974055305025,55.97031370035386,32.45460324344404,53.50839174617417,82.93818467143815,55.5393588113534,72.53616597485453,74.79564758858905
Борисов Артем Викторович,2023,платное,7.088545366130923,297.10859421350654,Лингвистика,"г. Новополоцк, ул. Победы, д. 23",+375293954473,36.857951726356504,57.59053320711759,52.737390731268945,45.50630520370119,73.24621544101309,67.37258470870175,74.90711438432184,78.06981072686237,87.20111547773135
Орлов Анастасия Александровна,2023,платное,7.424252384266502,287.71333645606427,Химия,"г. Солигорск, ул. Гагарина, д. 73",+375293384080,77.7834863464467,52.36179956101298,66.53640280113027,69.1509234658223,52.81862142717467,65.39213696320688,95.23613680051136,49.259348455862394,53.75062041576806
Николаев Ирина Дмитриевна,2023,целевое,8.18541528746305,281.5894389362744,Психология,"г. Брест, ул. Мира, д. 5",+375292514267,78.95798848709747,63.953262179321776,79.26143690922176,50.73607929464792,24.19605194706491,70.0412182798985,76.45950281315564,36.51527952591606,14.885514904593641
Иванов Максим Никитич,2023,бюджет,6.14873524690674,269.45332198682223,Информатика,"г. Полоцк, ул. Ленина, д. 43",+375294380011,77.43657223702715,64.0979159320057,45.21690598918605,45.45384420547988,61.6580297621091,50.605270857254894,67.4109587846328,17.180600056434137,66.431481348722
Яковлев Иван Евгеньевич,2023,бюджет,5.335364648925163,265.5921024096906,Математика,"г. Гомель, ул. Ленина, д. 19",+375293376537,72.43659321627507,69.61952241509861,71.9676566984365,32.109948425099134,60.68237214496128,68.37504634817559,87.84971154842933,70.18234028906525,64.86687906528776
Сидоров Анна Ивановна,2023,платное,7.51026729698922,287.3966697404894,Физика,"г. Новополоцк, ул. Гагарина, д. 13",+375296646557,51.08043795686976,83.447743757817,59.91659559527894,77.67769034697633,39.39895666545377,67.79853209293128,88.0322676081578,66.29558412535899,77.7658150559105
Соловьев Евгений Кириллович,2023,бюджет,7.406123209129778,282.2886736858182,Биология,"г. Полоцк, ул. Кирова, д. 41",+375293922635,59.291185428740874,80.33359403565522,68.89142360194934,80.04483256383017,36.554485401431194,42.308105032383295,81.52631098833353,54.790465665632354,81.79913214063816
Федоров Анастасия Юрьевна,2023,платное,7.430978696393444,323.1670747145689,Лингвистика,"г. Брест, ул. Мира, д. 40",+375295941179,32.371533405632135,73.3810139959758,51.15161523366588,70.48033220275565,75.25210867540082,36.85322658085694,76.64294765370569,96.96223142152799,67.39479687771689
Зайцев Александр Павлович,2023,бюджет,6.434676586153751,316.45184274560705,Математика,"г. Новополоцк, ул. Фрунзе, д. 99",+375291543292,85.75343401956897,77.1066846520311,63.14301345394192,43.62562241761346,63.50772038684398,75.53165124625417,47.45906771849963,89.24495821246947,58.62440963782311
Макаров Максим Павлович,2023,платное,8.615291981748978,298.30598042479215,Математика,"г. Витебск, ул. Мира, д. 19",+375296556084,84.97632076920245,72.13205764261731,71.39272331229162,55.623620516121946,59.102607847051445,67.40340306501437,64.36345586385009,55.044682195482615,43.181343898584124
Попов Сергей Сергеевич,2023,бюджет,7.936764757023286,297.12773440182366,Физика,"г. Могилев, ул. Фрунзе, д. 91",+375296632941,73.67863411098453,69.76268697228578,39.621389771137885,43.803955180862275,29.67302040057079,58.480789219477,51.0234362912843,45.50118163522027,74.31876574832047
Федоров Кирилл Андреевич,2023,бюджет,8.226727479157576,349.52408015683113,Медицина,"г. Солигорск, ул. Победы, д. 14",+375291021494,95.93197932209945,37.321748706551794,86.59381043300522,84.73101561015072,48.31360890934949,63.04853931879047,53.13550125993577,62.785328706281085,82.63696520106825
Попов Виктория Кирилловна,2023,бюджет,6.548971863461745,281.4261613189328,Информатика,"г. Полоцк, ул. Мира, д. 45",+375297297287,80.08608373233442,70.69690680045358,37.73915002613497,56.87297684189388,78.09912232295872,37.09248215115529,44.173659477349574,61.89401604351102,65.15345215152738
Макаров Светлана Юрьевна,2023,платное,6.942502706261258,274.56364912346044,Физика,"г. Борисов, ул. Советская, д. 58",+375292236638,70.76401418271823,61.343825958098506,45.38817230675448,70.55141875180963,40.38945326653554,36.03191798257744,50.54962530699159,70.97933253764768,73.0307819200311
Морозов Сергей Артемович,2023,бюджет,7.096136892146192,280.492819223974,Информатика,"г. Могилев, ул. Победы, д. 22",+375297299138,75.44358797515608,57.54292567140348,67.42058480662548,65.75152547105466,53.86037288856418,75.08886767694625,43.087558515704416,76.91863489880353,76.54493665595251
Сидоров Ольга Евгеньевна,2023,платное,7.0178459676700395,302.9124064382238,Математика,"г. Полоцк, ул. Кирова, д. 4",+375298236404,74.80126364631688,73.92735234189058,78.30424344626576,43.8498130879348,48.56221141280103,75.5445433810872,51.06697597224211,84.00533077331592,85.49153974513064
Попов Галина Алексеевна,2023,платное,7.119179409308958,296.5010151929391,Математика,"г. Витебск, ул. Победы, д. 27",+375294187406,81.81362326575305,63.46307718660142,71.32099947101713,62.99135978980151,67.09557423240322,50.31641891946907,35.08374876649241,80.03252064749505,29.048952712808184
Морозов Наталья Юрьевна,2023,платное,6.827086911624168,271.18325139803903,Юриспруденция,"г. Орша, ул. Победы, д. 31",+375292609202,74.11772799629955,62.87846603809554,89.22513967184719,75.3766372887266,68.46101611674423,75.27313379851438,59.28943946183346,59.17823236653873,45.8940162527347
Григорьев Ольга Михайловна,2023,бюджет,8.31626443257203,294.1897954971959,Информатика,"г. Гродно, ул. Ленина, д. 47",+375291064014,54.637794971440634,75.47493468251643,56.26392233020439,34.906591480326384,66.06319297915998,70.7380911703644,63.405517182973334,55.13897737186545,80.91442151751855
Козлов Юлия Васильевна,2023,бюджет,7.767925003104313,318.0164229696515,Юриспруденция,"г. Витебск, ул. Ленина, д. 27",+375293866088,64.61105354579533,47.630816243478584,64.1490114826677,77.93220976238219,69.0337094138827,95.97939339132431,52.115535990219236,75.32407013340136,49.91271605990496
Романов Елена Артемовна,2023,целевое,6.5682010314084,263.6919648631685,Биология,"г. Орша, ул. Фрунзе, д. 51",+375298901136,57.57778307364725,51.80937301774918,64.07878799651434,76.35338347892291,74.91671063263361,69.69009280671827,24.425109587116616,90.6310447939182,64.42919910931303
Сидоров Никита Сергеевич,2023,платное,8.202359323819605,303.90555193201055,Медицина,"г. Речица, ул. Мира, д. 24",+375297224691,76.5712791899094,62.64284733754039,68.33151283048436,76.97916667342075,50.88791568569539,53.934570109649655,49.705812963673736,38.50993065390521,62.18754705323076
Петров Дарья Владимировна,2023,бюджет,8.63134621696809,296.492924701341,Юриспруденция,"г. Молодечно, ул. Мира, д. 34",+375294795715,67.72325394114559,72.29887878952852,64.86510315022302,52.00911752674645,83.39663864431189,61.42482460158065,46.4899292623128,65.35799928576755,76.20084088708965
Борисов Дмитрий Юрьевич,2023,платное,8.55140300062948,310.08020575123464,Биология,"г. Витебск, ул. Ленина, д. 86",+375296767862,79.87305237044995,76.07894797817696,66.20717217588012,78.4859511986098,58.12238357425254,72.70323155827371,58.271636511717034,54.22585667384878,68.11362777841485
Федоров Татьяна Олеговна,2023,бюджет,4.837982687938703,258.50947410684785,Лингвистика,"г. Гомель, ул. Фрунзе, д. 50",+375299767475,49.97482207729797,59.08386492971436,44.123390495375205,22.529084737605906,77.00459631413729,69.13358034381947,77.62066809086726,55.50438282245633,54.73725854885288
Орлов Елена Викторовна,2023,целевое,6.920606891031698,265.42907550044816,Юриспруденция,"г. Полоцк, ул. Победы, д. 11",+375297623718,80.54551661481277,43.70918126822871,78.83105414189845,74.18804465526219,65.99409647463938,63.672150487322554,65.25555324579507,66.55675962816929,61.53726963237311
Яковлев Мария Павловна,2023,платное,8.10017163973666,262.47946499236707,Информатика,"г. Гродно, ул. Ленина, д. 97",+375298533636,57.18841585534366,52.695319808755414,63.40026372741896,51.576633805040615,51.703652746288014,70.43795758640678,77.60163414948667,55.91182917957286,71.59401293090139
Васильев Евгений Васильевич,2023,целевое,9.296052488935178,307.62156928392517,Математика,"г. Гродно, ул. Ленина, д. 55",+375292314805,61.43064430300424,77.23153054747696,68.27828957733232,70.20345312626444,30.948709462463025,48.57967095286589,46.826051207648,75.99886954409213,67.21116869651976
Григорьев Дмитрий Романович,2023,бюджет,8.294462201710168,310.1771336113017,Юриспруденция,"г. Пинск, ул. Победы, д. 94",+375292124274,52.575517794478905,52.53641252536179,77.24508028318121,64.44865407795457,87.67651511187974,77.88728003009837,42.64325071930094,61.668716452221936,36.72731626411607
Николаев Вероника Евгеньевна,2023,бюджет,7.964845776759588,336.1024911557386,Физика,"г. Пинск, ул. Гагарина, д. 59",+375291207430,86.88596823087008,93.4936214138638,72.6465799848486,77.44257866302479,51.29975501019473,42.65376274884215,72.7511899862633,66.26521128359101,76.07444374340892
Смирнов Виктория Кирилловна,2023,платное,8.76466986275506,326.4613824997839,Психология,"г. Гродно, ул. Советская, д. 73",+375292681144,78.23185482458206,79.25725289780343,79.42478377225433,80.44220352340346,72.68704308844393,80.14062552424775,53.082454019480714,71.3484701236971,39.082573967111074
Яковлев Василий Дмитриевич,2023,платное,7.501590826481289,299.74017894323356,Физика,"г. Речица, ул. Победы, д. 53",+375295431477,63.05477060233965,77.85803286794733,47.32269062360761,68.30083474611641,59.49112161108137,36.078660627550015,66.31049446527719,51.33118834750934,83.81146720813369
Андреев Светлана Михайловна,2023,платное,6.066972718689253,321.77900431394977,Юриспруденция,"г. Гомель, ул. Советская, д. 36",+375297760781,65.93131478082057,45.63646567477182,51.16001652858957,53.120420458483736,83.56702480242555,91.77377087805489,47.92242372385685,85.7684814465768,27.454838734114468
Петров Вероника Игоревна,2023,платное,7.416561256509277,278.7089110405431,Математика,"г. Мозырь, ул. Кирова, д. 31",+375291826965,65.41221543813225,61.474913105592776,36.2461741531863,66.19498368206696,56.788984534082076,65.69108096407665,70.3570902918227,77.65616993172533,69.86644764225561
Иванов Анна Евгеньевна,2023,целевое,6.422603920289244,262.10902100439944,Медицина,"г. Орша, ул. Победы, д. 36",+375299248001,63.13006611694256,75.86721271231194,69.10887867218872,65.64403701237575,57.331231862934025,46.3078362105523,53.73854427015851,65.160808823452,65.22512608869191
Кузнецов Максим Дмитриевич,2023,целевое,6.838821835754101,298.72342665878693,Физика,"г. Молодечно, ул. Фрунзе, д. 42",+375295520117,70.12294627051256,85.74333004770244,67.44600176600912,91.12597559022812,77.7019226061229,77.16439602839908,39.181971743162975,71.45790527450134,74.4689319830309
Васильев Вадим Максимович,2023,платное,8.419491570048612,307.2101287408814,Юриспруденция,"г. Барановичи, ул. Фрунзе, д. 53",+375299127895,62.52023010798793,74.17817301917225,67.51247386506317,46.8228929798691,82.4245891359262,68.62412457924036,63.250246784464295,71.96649932522865,56.71700622396561
Степанов Артем Вадимович,2023,платное,7.222716627050784,299.35062093419276,Лингвистика,"г. Могилев, ул. Победы, д. 91",+375299502613,44.39709420276153,89.17792611415399,32.68370896058255,51.03498475117714,78.70211889941741,68.76471249652965,73.99524279428294,74.42609296998458,66.15825127991425
Орлов Мария Александровна,2023,бюджет,8.286484595820284,307.66794406639644,Юриспруденция,"г. Брест, ул. Советская, д. 26",+375291966829,80.89771886902359,72.59023671347403,73.09236526508452,45.50764914944374,74.20611575594297,71.99534051279296,44.915979364658014,78.60164183945767,51.935313633302755
Лебедев Артем Васильевич,2023,бюджет,7.51697911795891,282.69757233672954,Химия,"г. Пинск, ул. Победы, д. 60",+375299474614,64.29808437105669,85.78560919262732,66.03667341407939,77.19302337200436,71.87788965582101,51.44039354699831,72.78702965149427,41.562246032993755,81.7817654877384
Захаров Виктор Александрович,2023,платное,8.497940143416484,318.47589764351784,Юриспруденция,"г. Борисов, ул. Победы, д. 63",+375298484373,51.05382888046681,55.51227341358848,72.13378904089079,51.23317062224343,67.50642310577223,72.78463402416261,42.34556830845048,93.20543907941816,51.50408113177915
Орлов Елена Олеговна,2023,целевое,6.204189062662215,288.4803995048635,Математика,"г. Солигорск, ул. Победы, д. 21",+375295339593,77.09470083647773,65.15465949518031,59.91067936180906,71.76004168966122,57.1760799737054,77.89669418776542,75.32273089172796,84.1891485465833,53.10514841590505
Петров Валерия Вадимовна,2023,бюджет,9.072230289697076,315.7666369925187,Физика,"г. Барановичи, ул. Фрунзе, д. 29",+375294776753,68.86412394637206,76.9624094066672,68.18680070298534,27.42642892859329,59.878301975823746,62.371338379847764,55.836836155266724,79.36910758523818,79.21780074250871
Степанов Виктория Александровна,2023,бюджет,6.493328791169116,317.24128114619066,Химия,"г. Минск, ул. Мира, д. 17",+375293905824,72.84039479649768,74.06216238760388,91.35066394527519,88.11693449272661,43.617876098569,56.194858836864285,54.822529418253055,67.3388180261449,70.295303325218
Морозов Максим Романович,2023,платное,7.373017491002763,291.18832050254946,Психология,"г. Орша, ул. Кирова, д. 91",+375295620085,75.67838513916938,29.701090017657954,81.62917508702834,69.87625759323306,60.83795909766746,71.90350286011939,77.19041362520122,17.437403379039317,59.75084486511137
Павлов Анастасия Владимировна,2023,платное,8.010385569996133,313.95188712113975,Юриспруденция,"г. Барановичи, ул. Мира, д. 39",+375299734854,53.195454186124756,85.89339818453449,46.69005811716343,71.57694265853492,78.56252788706084,87.61519252535516,49.99216372833742,67.67031100876241,76.44104861216098
Иванов Василий Никитич,2023,бюджет,4.101208890019031,229.7977977507192,Психология,"г. Солигорск, ул. Гагарина, д. 83",+375295742531,59.55062653323242,51.91042478305094,65.79573980772092,83.3776422154659,49.811540202105675,45.85744010183059,67.8483477860555,41.69518965084036,29.739918028163828
Сидоров Елена Евгеньевна,2023,платное,7.22474120177344,317.0209004422169,Биология,"г. Пинск, ул. Кирова, д. 42",+375295645358,83.1398086019774,61.929261756074496,72.74343619287748,88.89024362962762,69.55987024534609,84.24450064082875,39.10896791749505,59.481740640690546,35.749299375779785
Васильев Роман Борисович,2023,платное,6.537263967432548,294.5761913308769,Биология,"г. Жлобин, ул. Фрунзе, д. 31",+375291952520,72.51384146233323,69.39920455894607,75.45563881141898,81.23407138279916,70.55160199708341,92.32393016074712,55.270550170708134,45.88465949000431,63.691254229746136
Захаров Сергей Борисович,2023,бюджет,7.542679288839592,308.95577352893525,Психология,"г. Минск, ул. Кирова, д. 64",+375295959422,89.81960768436537,55.751729415821515,51.51635448189015,70.28684278848883,70.77626135207461,73.42253016768515,50.37499769804427,84.98027876435296,47.15745239007375
Семенов Вероника Алексеевна,2023,целевое,7.801579977885723,303.7903895542143,Биология,"г. Барановичи, ул. Победы, д. 93",+375294730635,81.5230615161023,35.529973343743904,79.80260501405925,64.4489232451955,72.34174171251004,45.56023482121536,70.3915354777329,76.58749599442069,72.92154788449207
Захаров Елена Ивановна,2023,платное,6.920508192647379,266.3724181842476,Лингвистика,"г. Жлобин, ул. Победы, д. 22",+375294038955,56.53048585605451,51.35370635497734,82.06552036225656,49.50757169748535,64.62933926430004,69.98053402549245,67.03863196813505,65.49936502533873,38.34593606745352
Соловьев Владимир Владимирович,2023,бюджет,6.937042974947509,308.3253211901629,Биология,"г. Речица, ул. Фрунзе, д. 24",+375296630978,74.17284976103507,63.64637591491048,84.51306244299484,80.26897923665794,57.1369167067023,57.0270648543042,67.65236203372775,79.08855244392853,61.894712992248
Соловьев Максим Дмитриевич,2023,бюджет,7.453508526012548,284.70706497721983,Физика,"г. Лида, ул. Фрунзе, д. 43",+375297235796,65.07133998914455,60.547947355877746,69.99404508065285,68.66967785459336,68.66045287659992,58.07010830471916,81.10402118837627,52.73822258122773,84.55269237207206
Романов Екатерина Артемовна,2023,платное,7.634158989844066,302.9241710311565,Биология,"г. Полоцк, ул. Ленина, д. 82",+375292194801,68.91649235320662,68.88795460976642,79.09636118683994,78.56972759266927,61.219176330842984,59.431603774247534,95.82557989305658,77.7638496779426,70.84240342478267
Смирнов Ксения Юрьевна,2023,платное,7.523212884974106,307.5301051307889,Медицина,"г. Новополоцк, ул. Гагарина, д. 39",+375297930789,85.07157200596669,67.76992164587178,75.26204752774035,71.96435674734084,58.786239935059676,12.443613961829165,63.15901258946462,52.672858798344606,83.89004997424325
Кузнецов Дмитрий Васильевич,2023,платное,8.341793738309658,282.37928369219946,Информатика,"г. Мозырь, ул. Мира, д. 73",+375298676774,63.110365804650385,74.50119845871882,44.30818372406244,67.101111235687,64.36421046509228,74.36759446662401,48.13677312458152,60.5101214434222,61.34978204573365
Борисов Иван Андреевич,2023,бюджет,7.617375951711969,300.45925853998256,Математика,"г. Полоцк, ул. Победы, д. 81",+375293966618,80.18871180440122,79.9580502102757,60.024285470354116,66.22159336183186,84.06508662462895,55.72358614436979,62.07967775565127,64.1387370081859,46.976085576025014
Павлов Александр Владимирович,2023,платное,8.366284182525769,335.4612876160322,Экономика,"г. Барановичи, ул. Фрунзе, д. 100",+375293828735,86.03933546701907,56.155787636226414,56.46125206031814,53.89672133243438,51.978649937335156,77.94971455708821,37.54113532232033,87.80939576666728,50.018665528058094
Яковлев Ирина Андреевна,2023,платное,8.45604231248489,303.1979397669499,Психология,"г. Гродно, ул. Гагарина, д. 56",+375298204299,62.30001402606124,70.03260195819327,70.07916911721746,78.84202072005897,45.08357217300312,77.49548189598077,42.25415722898417,56.20855117355722,75.44119651432989
Семенов Елена Александровна,2023,бюджет,3.6879554241647994,258.52720900233965,Юриспруденция,"г. Гомель, ул. Гагарина, д. 26",+375297259602,60.227744138106495,45.37790136115737,69.6838156826129,60.29071856547038,51.79684401769577,82.82629826316519,59.63650749195462,87.02451247983072,43.57094221735793
Васильев Мария Александровна,2023,платное,7.295690103844914,282.7603474001892,Информатика,"г. Минск, ул. Кирова, д. 94",+375295174559,77.79083858345186,77.91563676681973,34.63992558590322,45.3225068120009,100.0,55.41584078769295,70.96438464564324,50.24010258947425,54.09697101146843
Волков Анастасия Борисовна,2023,платное,8.387016593641881,307.7103946949502,Химия,"г. Витебск, ул. Мира, д. 65",+375296135759,72.34395439713894,54.00182641997443,73.85359164493607,77.64268271645636,57.7482457311929,41.039907480789545,67.29277187342909,30.759423670163653,29.244638140736996
Волков Андрей Дмитриевич,2023,бюджет,6.99667829680974,305.9863354204774,Математика,"г. Молодечно, ул. Кирова, д. 67",+375299793234,80.07020272135357,74.42604634925964,39.06827242867392,49.381335889888874,56.05879878470244,36.0615904713883,48.91457012965151,81.5233033817668,81.40958046433825
Алексеев Владимир Михайлович,2023,бюджет,7.16459104404416,292.9889133178063,Экономика,"г. Солигорск, ул. Фрунзе, д. 25",+375293766286,82.56488354316099,31.28909894118799,69.89176861670417,47.940773779087785,64.61018425061955,72.52247581760291,79.80621014675751,66.25564351660081,69.41409446342746
Соловьев Максим Борисович,2023,бюджет,6.239252013806639,297.1583858970378,Юриспруденция,"г. Барановичи, ул. Кирова, д. 3",+375299466346,57.625417829855046,57.242191602611854,47.31490343258831,59.78851551139993,74.37351777878179,77.41240248406729,61.26757718539294,82.97994549612237,73.85262924071053
Семенов Андрей Сергеевич,2023,бюджет,6.715585031235097,281.39255846780634,Математика,"г. Пинск, ул. Фрунзе, д. 69",+375291815153,83.68772500590771,63.13663572890145,68.81783832206602,69.29608177054303,31.33024662506244,61.39468869794114,52.97255829959526,67.41234742064626,80.26278496048508
Макаров Василий Александрович,2023,целевое,8.075233144115307,301.5818329095122,Психология,"г. Гомель, ул. Кирова, д. 15",+375297992333,66.9362307088195,61.1354241000764,70.28384619447624,73.58351413989872,77.49555818503879,80.30975661964091,27.326830204028546,52.057995547394874,51.57236850972451
Морозов Ольга Михайловна,2023,бюджет,7.330169095959662,278.8525493839745,Медицина,"г. Гродно, ул. Советская, д. 89",+375291156104,48.75182943625888,98.23514563076583,80.3102609489421,76.4887680391769,77.72351574628719,95.15481079218938,73.06119966882605,74.2321964470743,61.960350366965734
Захаров Василий Никитич,2023,бюджет,6.873442115976009,268.60076607928625,Биология,"г. Пинск, ул. Гагарина, д. 78",+375293301222,70.242045559951,47.60832012428187,68.12985900300502,61.494440356570166,58.86192823972465,34.729986341604196,62.86374786215566,59.45504087936487,62.20402947580032
Степанов Василий Романович,2023,платное,8.661391228830245,299.7112204994476,Юриспруденция,"г. Витебск, ул. Победы, д. 15",+375292782809,100.0,80.40173850270469,41.33186249872916,63.493021311403474,68.91993857062677,64.85520273292586,39.898918933140976,79.32216690759253,49.77929647395639
Борисов Игорь Владимирович,2023,бюджет,8.263161300854085,313.79922360002433,Медицина,"г. Жлобин, ул. Советская, д. 46",+375297874568,84.9378221453044,80.60871577817174,66.47613233925897,79.7536561069201,69.48681324963451,52.88732737344053,48.42342063910687,84.14280998663959,63.41243813598081
Козлов Ольга Васильевна,2023,бюджет,8.224548624333472,292.09001450623435,Биология,"г. Полоцк, ул. Победы, д. 31",+375291045936,66.77923988172073,41.71073300216709,69.30550225507889,73.75978612610002,44.036699897739766,59.85232787024425,34.6724221789725,43.199288662951915,70.06366872415313
Григорьев Виктор Павлович,2023,платное,6.511758035248981,278.69960598651494,Информатика,"г. Полоцк, ул. Советская, д. 12",+375299584991,71.08123234613133,64.82235690923046,44.588946727109835,54.40097631088029,69.66777737467937,73.92368537016486,52.55202396777047,42.697613610228245,77.67843637866333
Морозов Василий Сергеевич,2023,платное,9.051294347421848,337.094318889844,Физика,"г. Борисов, ул. Мира, д. 38",+375295431282,69.81747361138798,88.25276090437038,72.40673142848652,62.36961468377177,40.921214983309156,63.17094851205988,75.93985936181289,54.36549501351696,88.51114089986714
Романов Иван Алексеевич,2023,бюджет,7.328089301562969,334.93401121843544,Медицина,"г. Орша, ул. Победы, д. 87",+375296246354,91.63732832143474,64.57864689797029,80.87391699806012,89.1418728833109,66.71090905603464,52.48148838314681,53.27185745208208,63.578324306606085,40.64157867080672
Романов Василий Алексеевич,2023,платное,5.819915132180389,296.3353171266041,Юриспруденция,"г. Минск, ул. Фрунзе, д. 18",+375293860721,76.4482067734538,27.13119223252078,83.01723152691773,76.83561328054739,70.40235384169523,80.43390827871809,60.047215903594896,87.29990368438683,74.74024714154912
Андреев Дарья Владимировна,2023,бюджет,8.021403175309567,308.1411680176609,Экономика,"г. Могилев, ул. Победы, д. 44",+375294068039,80.87262413464177,56.915582195351284,61.2424885577715,49.07742148545277,86.22205603681253,85.40061819902576,48.90343254040549,61.653893930897674,54.21491053533228
Морозов Екатерина Игоревна,2023,бюджет,8.103708442348497,320.45524182538315,Физика,"г. Полоцк, ул. Фрунзе, д. 54",+375293798082,77.40205843946222,87.53132824768244,71.84879583271278,74.5435353862936,64.90283100915656,39.16051904683515,57.064522032796475,75.90134609862999,74.48477071475354
Романов Артем Вадимович,2023,бюджет,9.24330665415142,301.0029073277541,Физика,"г. Витебск, ул. Мира, д. 76",+375299097940,71.81251684753867,64.70188151458154,58.14983903930835,64.6357116454898,50.16468420807834,56.46433132714997,45.90805137021026,76.78867376346145,72.05544242411966
Андреев Иван Игоревич,2023,платное,4.835494789277849,254.0450993718676,Психология,"г. Солигорск, ул. Гагарина, д. 4",+375293192032,90.28747850540908,58.784310529173844,44.87326901178976,54.14102122266662,37.919443904598126,61.2616517510134,80.67704441192257,61.73736880840419,65.84406786137981
Егоров Виктор Максимович,2023,целевое,10.0,314.41602404479727,Медицина,"г. Гомель, ул. Ленина, д. 34",+375296272037,63.020335707827385,73.3061966466943,77.86774112382587,73.52794721314403,68.47263537900184,84.53696709203723,56.68436304694424,61.04054703987104,62.88895378096958
Борисов Мария Павловна,2023,платное,6.48232128236339,283.7422422213524,Информатика,"г. Борисов, ул. Кирова, д. 44",+375299709047,54.006437355809744,81.83223014788808,58.277966268614044,68.5015758927627,50.139411690079136,59.26552453712325,70.67115869198243,100.0,83.08036189402071
Егоров Василий Юрьевич,2023,платное,7.330164435194583,320.99250989151255,Лингвистика,"г. Борисов, ул. Мира, д. 45",+375297457158,53.643604769659454,53.19878837424219,33.06535241054978,55.04864712447844,82.32829081821745,40.88651821384808,85.48482651050593,79.87774821084338,48.98650017043443
Андреев Ольга Алексеевна,2023,платное,7.9777767181470445,348.5182424982867,Математика,"г. Минск, ул. Кирова, д. 21",+375299482016,90.98321807641034,82.33547813505866,60.131754823472214,56.434750245585235,61.14913605677489,52.32354663086545,28.42875741421478,95.42177910534731,62.32987498799102
Сидоров Евгений Михайлович,2023,платное,7.517410799115185,281.741838060952,Медицина,"г. Мозырь, ул. Советская, д. 43",+375295666702,74.42092250123092,48.97324798913118,73.1407551905123,59.006052378056886,94.15629747079956,41.48232002366406,44.52050574229231,53.396111934203994,79.32113587278566
Макаров Ольга Игоревна,2023,платное,7.95980182771068,321.0188938524871,Информатика,"г. Новополоцк, ул. Фрунзе, д. 31",+375292322557,62.63864203969538,87.54338360757339,70.96500940178223,68.07652435824679,70.7360136175626,95.91542850873677,92.77642342554168,49.69926985495057,91.23884992811152
Павлов Светлана Андреевна,2023,бюджет,7.2759852452238665,292.9187170563685,Медицина,"г. Полоцк, ул. Мира, д. 41",+375292991570,79.99095816137749,34.61593752535007,73.29614234611805,66.87176409663435,72.42088222339964,76.06620750604208,28.88270473475533,59.66947703993594,76.82792257191377
Смирнов Алексей Игоревич,2023,платное,6.991331949213177,302.9074084809987,Медицина,"г. Лида, ул. Ленина, д. 72",+375291002847,82.29063645002364,65.26748201440626,78.41660231952626,72.28685021931703,41.751287937964356,43.17704778862459,70.64028771682976,60.291873832783246,57.922316330891626
Степанов Роман Олегович,2023,платное,7.847020407742471,310.6818279939935,Физика,"г. Барановичи, ул. Кирова, д. 86",+375298653898,71.94811154519249,85.46911794488139,54.971338771979596,39.88402930047647,71.1547766331026,56.926850042029244,60.47093798299165,84.11367459599265,74.79439442649493
Григорьев Артем Викторович,2023,бюджет,9.273686278027732,317.32712758032454,Экономика,"г. Молодечно, ул. Победы, д. 72",+375298937865,63.210765087016746,56.7049582147356,69.14289067812902,36.669393992381366,63.01267639673564,76.00791072644806,60.619311833811594,85.37158898658242,65.01657772272782
Смирнов Виктор Юрьевич,2023,платное,6.643698396111389,309.7980327464394,Экономика,"г. Борисов, ул. Ленина, д. 44",+375296958243,65.06410484405964,62.03886850827522,61.26700179584921,43.9611825936738,74.34442503137019,98.24673305852818,59.744908882742536,80.05021088273767,61.267777137229906
Зайцев Анна Артемовна,2023,платное,7.581686723098345,285.7307014240372,Биология,"г. Гомель, ул. Советская, д. 64",+375293356346,56.79239722197984,49.41339775356953,61.08041619048269,92.04102078059118,58.27335459115141,54.81121006429244,73.33730737181709,43.17373345716168,48.49703942993172
Васильев Игорь Артемович,2023,бюджет,7.597299051480989,307.4526703377017,Юриспруденция,"г. Новополоцк, ул. Советская, д. 59",+375294197381,75.43153487135221,67.52527567753182,63.72487713773823,61.17176602854025,79.00235855526775,77.01652905129255,44.550415878345966,75.46079221633151,43.89467011623371
Петров Виктория Сергеевна,2023,бюджет,8.480204413717177,304.294628179281,Экономика,"г. Витебск, ул. Фрунзе, д. 58",+375298673695,70.19352058511758,98.09072434174291,59.40158424372432,38.93640650607617,57.98729683984613,80.19358745637888,85.10045919228786,69.10547600061281,36.2635803896454
Козлов Владимир Александрович,2023,целевое,7.6173926096495075,279.8352616816336,Психология,"г. Жлобин, ул. Кирова, д. 7",+375298261353,61.19401294100349,53.457668377387726,56.13569271733509,74.30366546699892,70.33746685611503,68.16365717713612,55.89406121749859,59.78594470575917,62.24396936278182
Борисов Ксения Вадимовна,2023,бюджет,6.709152870133626,301.48971868031106,Психология,"г. Брест, ул. Кирова, д. 17",+375292737347,79.3600577522258,72.65759264462606,65.88951173476453,79.53585523509219,36.266652498802834,75.5022769916568,67.19261322002413,70.93411791855675,49.61473838649309
Алексеев Юлия Никитична,2023,платное,7.8906933801444845,312.1075127311816,Юриспруденция,"г. Новополоцк, ул. Мира, д. 78",+375295164755,51.38848987074603,68.04620849837015,75.50821582386313,53.88809839062598,84.07962313627048,76.23479809164594,58.135713342563456,72.88615770182031,71.19917046903235
Волков Юрий Максимович,2023,бюджет,6.14378552461838,309.08511644484486,Биология,"г. Гродно, ул. Советская, д. 53",+375299594877,97.75825427647638,47.21663035504014,80.18101702029976,69.70798990188487,46.960695195170345,59.83699294447542,62.06028719110554,100.0,57.23781276475197
Романов Ольга Евгеньевна,2023,платное,6.146324934230767,288.43404151416047,Биология,"г. Речица, ул. Кирова, д. 28",+375294370359,77.73010717494385,28.880399436804474,74.08043217395735,75.1602528229516,71.91900574417818,74.6043337414177,52.446455716384236,57.740789780551005,48.508187540839934
Захаров Павел Иванович,2023,платное,7.51883735514931,289.18931274058843,Химия,"г. Гродно, ул. Кирова, д. 84",+375293983202,78.09894779380635,40.896216771051016,70.85373099428136,65.04826040100762,68.2452477943539,87.02145148899731,40.476180257950034,32.20472275653646,58.12669671974899
Зайцев Сергей Артемович,2023,платное,9.577403558120759,329.627038056752,Лингвистика,"г. Солигорск, ул. Гагарина, д. 62",+375298004117,63.279889601359464,53.30519227148483,56.99041051761852,65.51265615810904,85.4043089264484,30.674268445225756,71.31060560968538,77.13808793941064,46.23035843083896
Яковлев Галина Александровна,2023,бюджет,8.610806651403266,299.56779032740747,Лингвистика,"г. Жлобин, ул. Ленина, д. 4",+375297389943,50.46885179656894,59.38060969489076,68.34033145263436,51.13072816797158,56.53426952195583,53.570182096252,85.2944055592704,71.63104873214861,47.30348547811532
Васильев Артем Владимирович,2023,бюджет,7.574797619542948,287.2789571088182,Математика,"г. Брест, ул. Победы, д. 88",+375295203716,71.69225103976947,69.89839186349782,62.24184134494964,71.5612531442818,95.72570297598818,72.40854161486135,77.39759949582516,69.94033801012145,44.61197841045785
Васильев Павел Олегович,2023,платное,6.061258322407349,270.82906837032294,Математика,"г. Гомель, ул. Победы, д. 58",+375292719329,76.07169915259597,64.21487258635403,57.370582051439804,65.98976402578697,65.4059009252712,67.56431780076409,64.36447095206165,69.92991340729944,52.29149060026735
Романов Ольга Викторовна,2023,платное,8.64951846625882,309.3217339176856,Психология,"г. Речица, ул. Мира, д. 31",+375299571853,92.84775039185095,60.201755469289395,56.627204163077224,65.71207918547542,100.0,64.26671967777105,53.5672811159089,66.2375525442909,69.00319448616416
Семенов Артем Игоревич,2023,платное,8.505396642275377,315.0002922495619,Биология,"г. Лида, ул. Фрунзе, д. 88",+375296245463,93.07608507769262,67.59236483191069,64.43969200033332,72.43054874878219,64.61748558770827,91.02339062258736,39.03291782363554,78.03864757837842,62.69871554319625
Васильев Никита Романович,2023,бюджет,8.008667378932783,293.22115326328816,Лингвистика,"г. Молодечно, ул. Фрунзе, д. 29",+375297169672,58.47007925046102,47.363510548105104,71.26309169101998,69.81646540658431,84.72056965739722,59.80043046932047,69.0017797668015,59.412130049761586,72.2905990220911
Васильев Юлия Васильевна,2023,платное,9.927108276683377,288.4451085503065,Психология,"г. Орша, ул. Мира, д. 23",+375292249382,65.34217367136041,51.92139490055064,52.99861782072839,60.17015568017582,47.73476405092299,63.66169643193646,53.81281482168095,48.919537525056555,35.59492618699877
Смирнов Ксения Игоревна,2023,целевое,8.368963871177396,307.945798764797,Математика,"г. Гомель, ул. Мира, д. 36",+375295433204,87.52540731029231,67.20980578480014,64.08632094980415,66.26197634731942,77.86628782160216,47.72092460009882,76.38160175973638,69.52094695793065,39.9620639374708
Иванов Никита Евгеньевич,2023,бюджет,7.594756854801702,326.22745503225565,Математика,"г. Молодечно, ул. Кирова, д. 20",+375291670091,87.90758424122428,100.0,42.004121023646796,70.48379527621184,53.85298134309701,71.75038065786048,37.942656731531244,62.37230224301436,48.36187765250274
Петров Юлия Сергеевна,2023,целевое,8.592502199622684,324.7385179053609,Математика,"г. Орша, ул. Мира, д. 74",+375297007679,68.58918733461644,81.5905434391342,75.40341927386872,68.99366311868033,84.28181459491302,66.23739944183015,41.74654934489749,88.6337651353834,50.92265646591004
Степанов Сергей Викторович,2023,платное,7.834559774862553,330.61304864228384,Физика,"г. Брест, ул. Гагарина, д. 9",+375299474848,90.73734216555107,79.56688010730399,37.55761780253025,46.22681750235313,79.84116700327704,57.463159715357754,61.193603024132486,71.38236624245414,81.96322862080324
Семенов Наталья Андреевна,2023,бюджет,6.325510996428281,274.5251200514107,Математика,"г. Солигорск, ул. Советская, д. 28",+375296568081,72.91331628779534,71.87331554267642,72.86848237937015,68.30354296601689,56.140499990733154,76.23168469489711,58.06448827305324,66.48337825665607,48.615439516449825
Борисов Кирилл Романович,2023,бюджет,8.148345532842834,298.95088245811166,Экономика,"г. Жлобин, ул. Мира, д. 72",+375291147701,72.27589983396312,78.50586417504289,47.92357228454237,62.827136415271546,50.149659815588805,72.39690958728562,37.34938182022122,72.79461770843463,57.09441930292557
Федоров Дарья Сергеевна,2023,платное,5.403725170385334,274.04202394617243,Физика,"г. Борисов, ул. Ленина, д. 88",+375296384429,77.23280913255371,63.01607875047955,76.26297366065315,63.15454560332993,62.9759027576623,59.86226469922292,52.23363829166671,63.26703509623089,79.75588435928583
Семенов Виктор Владимирович,2023,целевое,8.424962663985566,288.537324124664,Юриспруденция,"г. Речица, ул. Кирова, д. 37",+375291414493,51.91858743980856,56.17579544394616,63.84255908541417,77.89966508890689,67.28259185403218,70.02038153182158,52.31198834030175,66.98472409895459,54.79220257331606
Степанов Анна Никитична,2023,платное,7.540835503616017,272.35300425194424,Лингвистика,"г. Молодечно, ул. Мира, д. 6",+375295973336,44.19246756953481,66.41721592729355,34.471466549724965,51.57993005336691,71.70510699782014,85.12289509371098,72.25197695247311,52.987565265490815,30.016666397081252
Смирнов Вадим Вадимович,2023,бюджет,7.17018563919625,316.13786198292814,Химия,"г. Речица, ул. Гагарина, д. 1",+375292098434,81.13770855789909,65.6318378644088,76.6757010580099,86.62259597505667,51.90613168894303,73.42365834040238,35.519776724603744,46.42578250592901,32.89437907602276
Романов Кирилл Юрьевич,2023,платное,9.4067283941329,309.94797198941967,Химия,"г. Лида, ул. Фрунзе, д. 14",+375294449052,74.53738782733657,61.7115223833978,75.61883352887135,65.72446669188272,57.14638733380176,37.53829997091377,80.44843462698375,55.44560890652998,52.66670821434463
Макаров Галина Андреевна,2023,платное,6.831443312913323,300.1364248835016,Лингвистика,"г. Гродно, ул. Ленина, д. 59",+375296565260,41.366301996761564,43.11619328952047,43.55669512697152,58.98192927450777,79.31631629637597,71.09513202176751,100.0,52.50567545799236,69.13103383686625
Попов Артем Владимирович,2023,бюджет,4.886438721366375,248.49546312892795,Информатика,"г. Речица, ул. Ленина, д. 74",+375294819259,69.13584851111227,68.80227871746122,46.3684549378804,85.26787251905178,72.63445990520854,60.347939678360625,80.265236287305,37.31206552051687,61.69294868669074
Макаров Дарья Игоревна,2023,бюджет,7.873789030557348,299.2657497942628,Биология,"г. Лида, ул. Победы, д. 3",+375297534756,68.00585459876713,62.425477900571295,76.02858577932334,76.49341911059881,38.83414753400877,72.04732113921033,63.59441277358497,70.99581422198997,31.60856733614922
Борисов Борис Павлович,2023,платное,8.84225993310639,295.5188742114125,Физика,"г. Гомель, ул. Кирова, д. 10",+375297001212,63.12234760082473,71.02676747448638,68.01547347954575,61.366404093838696,47.22690030331022,60.094097342766275,37.026970271345355,77.25401093847444,72.94715980503749
Андреев Роман Андреевич,2023,бюджет,6.085070142764582,255.17223287875197,Лингвистика,"г. Орша, ул. Фрунзе, д. 57",+375297399057,52.10202469355936,52.14636017390126,48.5371982004323,73.14260897539613,67.90568842671524,69.66893148622765,71.1754760233071,55.240367001083804,51.44528898320301
Козлов Алексей Вадимович,2023,платное,5.371236460665445,283.29433851924637,Юриспруденция,"г. Речица, ул. Советская, д. 18",+375297559766,60.50854085523506,42.14388396488265,73.88962651071925,58.63386209470459,73.2240400524126,81.55892137787583,74.45860401113794,74.79901248230348,48.43199550676064
Волков Дмитрий Юрьевич,2023,бюджет,7.4279549499737225,317.428341983691,Лингвистика,"г. Солигорск, ул. Ленина, д. 71",+375293371859,49.7092536444723,50.741816300280576,61.605861794884454,54.82279678292959,81.87932972051428,50.80525093093966,74.42958833147058,86.8398744319689,65.12737820932449
Андреев Светлана Игоревна,2023,бюджет,5.811667919384197,273.96457271879206,Физика,"г. Речица, ул. Гагарина, д. 11",+375296111869,68.98055558064823,68.66768603285023,47.240801205720786,51.884897013256506,71.33498758116471,56.67167593061597,39.753403959281535,86.52253939589676,78.19965191145162
Васильев Анастасия Кирилловна,2023,платное,7.255846630703634,299.1047733850132,Химия,"г. Жлобин, ул. Советская, д. 21",+375294086885,70.58151072759176,61.66329574242627,92.04592093297377,63.91887541741131,74.6406107903392,80.99229640458515,50.57018542388145,55.837295717096495,44.455361289393444
Васильев Никита Артемович,2023,платное,7.649702519596722,304.5519995165259,Химия,"г. Брест, ул. Кирова, д. 73",+375291912484,74.63410025657069,69.89474997123556,85.90183471020447,67.51903935378353,30.490124036610084,59.681328310856365,64.40306294952961,63.741265315275626,55.09990128736434
Сидоров Ольга Дмитриевна,2023,бюджет,8.818780028930357,309.45832617205724,Лингвистика,"г. Могилев, ул. Победы, д. 13",+375294312117,82.73167212528372,65.72601253443764,54.399473624953735,52.49703274356006,73.3014764232227,84.5510994274596,73.16699290473802,74.80205655479293,52.765296435955456
Лебедев Юрий Борисович,2023,бюджет,7.03865174522749,322.8042269743122,Психология,"г. Борисов, ул. Ленина, д. 37",+375292171198,94.59837254744676,66.75919574147082,61.24159355678139,75.36782833174234,24.235398168213813,82.45150864284817,62.012496239937654,66.42513075991087,49.328067088744426
Алексеев Дарья Романовна,2023,бюджет,9.419365128136548,332.1224067714008,Химия,"г. Орша, ул. Кирова, д. 75",+375293556763,70.88975063496827,75.32434476109559,71.21240163396907,95.82660322109797,66.46293628522557,40.864760100064025,58.071805601220646,50.22487316765377,27.08426295269964
Егоров Сергей Вадимович,2023,платное,7.3298909351669534,299.9279668347853,Психология,"г. Минск, ул. Победы, д. 32",+375294716584,82.03142542220004,67.99810976848968,62.481054904495565,61.17982431307563,52.74574290666845,83.41780774784013,44.23169955326246,22.023460256237797,56.59340988328611
Кузнецов Анна Юрьевна,2023,бюджет,5.696555269581133,284.9965524019147,Юриспруденция,"г. Мозырь, ул. Мира, д. 60",+375298471866,62.033451246220636,70.92777965271804,69.56408718346813,63.881547078658826,86.9553138808671,59.81030219186685,67.56872721716086,81.26538363336942,41.40656570879641
Николаев Ирина Артемовна,2023,платное,7.3679934015587385,285.2346091276553,Экономика,"г. Брест, ул. Кирова, д. 78",+375292375290,67.54057873524398,50.07687836227062,71.30129195253646,50.78191824463357,47.15477222578194,68.88366263305441,76.77948501231317,75.13043374376952,57.31123461964632
Николаев Владимир Васильевич,2023,платное,8.642954364643403,339.61019288831534,Биология,"г. Пинск, ул. Кирова, д. 81",+375292282825,87.92060334326523,48.76242410095137,88.15508290940105,77.10496298921504,57.593709270369786,97.51350746901423,44.165407653021056,54.69471360649491,41.51353141254
Макаров Ксения Александровна,2023,платное,9.093668266784361,344.60823076971195,Физика,"г. Новополоцк, ул. Фрунзе, д. 76",+375294569531,91.89188933651678,91.6992278140464,78.35923129719006,57.035692983060514,54.521385337652305,34.93245341258903,90.53810302772689,67.03467117222702,70.08043095130517
Николаев Наталья Михайловна,2023,платное,8.430138145906904,303.3477925751559,Информатика,"г. Гродно, ул. Победы, д. 51",+375294746463,65.2723548324,79.06622034222674,57.41056298563748,69.58015709820451,59.04639691220818,38.23608163333164,61.13364559005057,75.73296212813042,74.70783594146015
Кузнецов Павел Максимович,2023,платное,6.3021452897863135,291.9367032055358,Психология,"г. Жлобин, ул. Гагарина, д. 12",+375297656950,64.54470514325946,59.60608810095222,50.63234317367134,82.4698084010471,60.47237343392994,81.90073676336613,76.315656392368,70.37427862682082,64.09677651440467
Романов Михаил Романович,2023,платное,7.518818683765949,282.5207343588922,Экономика,"г. Брест, ул. Фрунзе, д. 66",+375293355029,74.97213889333099,52.00364396976251,54.8390406494366,54.38198773874624,45.30111637826633,55.426614108660104,49.9778542750835,76.93379451924159,39.77734431858765
Орлов Светлана Юрьевна,2023,бюджет,9.348388775783864,357.83326586148087,Медицина,"г. Гродно, ул. Кирова, д. 94",+375299111841,94.00268424310966,75.34584832878359,91.4354150912053,78.91127876932727,77.51264734479669,49.14052904298319,50.334895994670234,18.912896907937906,77.79218211063449
Федоров Ирина Андреевна,2023,бюджет,8.050792802009148,279.7817181106169,Экономика,"г. Пинск, ул. Победы, д. 30",+375291718206,69.4682275465273,56.190724404041475,48.692068294635575,65.73980327216238,76.8739881795486,57.57228026118959,66.14157795963378,72.23328228280855,61.70091587950034
Семенов Анна Михайловна,2023,платное,7.545235887748707,306.1347448320953,Химия,"г. Молодечно, ул. Ленина, д. 6",+375296437011,73.11797561227179,58.44619719891329,72.86124832445361,84.70316201788282,66.28139940191245,63.30875306606041,40.93572418361576,54.32130385180269,73.48003740508761
Макаров Мария Владимировна,2023,платное,7.315313727630375,326.31723191942524,Физика,"г. Пинск, ул. Гагарина, д. 70",+375293916715,81.59531469589139,92.66511800327633,75.57909103813225,61.397375065496135,52.33516244706409,21.69675605916153,57.474226162907215,55.109812562747265,78.90366194395375
Орлов Анна Сергеевна,2023,платное,7.940176851942531,330.11037256282407,Юриспруденция,"г. Могилев, ул. Гагарина, д. 33",+375297313749,55.19422410844808,33.30901604239169,45.900482562749005,67.14976561200837,92.15907631132694,74.02474616254376,64.91716610361185,84.52478156952806,47.836590956996254
Григорьев Анастасия Ивановна,2023,платное,7.77792896900171,299.8729372460272,Химия,"г. Полоцк, ул. Фрунзе, д. 62",+375291110690,67.59509893667841,72.97236657736516,76.51403047951733,77.9845181398144,48.26102103872117,70.60548539416178,91.27069381846525,44.88132456857691,54.90361488528714
Попов Дарья Викторовна,2023,платное,8.626368027214733,328.47487784546644,Лингвистика,"г. Могилев, ул. Гагарина, д. 83",+375295711201,71.79609317993724,51.60680572065797,17.504545647858897,80.38784241246037,82.60506119584143,33.85578704270002,68.92431208220444,90.68182429527326,81.71694627686799
Лебедев Евгений Романович,2023,бюджет,6.694185351623345,300.15386895806193,Химия,"г. Витебск, ул. Кирова, д. 30",+375297956063,73.23887566040138,61.24481128218765,73.69074194873873,86.28239783268837,46.86236390257335,47.91300517673693,75.15411880254024,59.334578167326576,80.67701033180712
Захаров Елена Михайловна,2023,платное,9.100662894600687,308.26220009093396,Экономика,"г. Полоцк, ул. Советская, д. 76",+375293705263,74.45221639661175,46.1638052273407,60.11044022135351,37.82179594501802,52.685498685675554,60.63746135071882,70.40884849786887,82.16589339759652,34.046059042734825
Кузнецов Андрей Павлович,2023,бюджет,6.901639325053859,294.4792491407286,Юриспруденция,"г. Брест, ул. Советская, д. 81",+375299600719,97.4612268962978,60.69009580104512,50.38328609663033,100.0,61.8103150169749,75.20106466869099,62.69433408947885,88.45147620452414,65.39608462690182
Петров Дмитрий Вадимович,2023,платное,7.29808903861495,272.3694604300554,Информатика,"г. Пинск, ул. Советская, д. 67",+375297802428,65.48815629612044,71.58178179753864,44.896089585822835,60.717379796770246,51.537057302092705,37.589433100653736,78.82718682562356,52.53491214856441,62.318631950246875
Соловьев Алексей Юрьевич,2023,целевое,8.235348889899948,302.8052339925408,Психология,"г. Орша, ул. Ленина, д. 28",+375298536381,75.6837156596766,33.802999116314496,64.97471500688644,64.52842431309736,85.66543213786181,80.23960512076735,54.00150014836025,48.82248344523974,58.42548438654564
Попов Елена Викторовна,2023,целевое,9.778481977626287,295.6333647889913,Психология,"г. Лида, ул. Гагарина, д. 19",+375294051509,74.745058714148,56.74261789294715,60.87555436226843,68.96141068763045,54.85191109735443,54.14207561094996,74.60589346278552,64.48196670482643,48.39816233949855
Попов Никита Юрьевич,2023,платное,5.214066655187233,277.73375747437296,Психология,"г. Мозырь, ул. Мира, д. 77",+375292154992,75.87016480392387,44.45784642037205,72.85106132205688,78.98048216509262,65.91869978226329,70.7424439534841,66.75743585667053,56.07362564668358,68.33912177468764
Смирнов Владимир Александрович,2023,бюджет,7.436993917753617,281.32214701880946,Химия,"г. Барановичи, ул. Гагарина, д. 65",+375298042991,70.66126537020811,85.83232646712293,67.329325445997,68.96161702506814,53.28057992325037,41.77790796167035,26.875788356576216,56.541204022145806,62.03789136122485
Козлов Иван Романович,2023,платное,7.618720544434661,314.2890973188041,Математика,"г. Гомель, ул. Фрунзе, д. 69",+375299444462,73.55121438052113,75.43040870850388,75.34262207326147,57.143307211061746,51.38876134369096,55.783117726678704,68.69020139635164,89.1202687854325,50.57784391246233
Андреев Владимир Олегович,2023,бюджет,6.328319941603443,281.56204399802226,Физика,"г. Минск, ул. Фрунзе, д. 87",+375298239315,78.38357441935959,65.07421993271177,60.306257508193774,38.01489213986858,33.46424544390902,65.50119611838386,54.24187888003826,63.03420611431829,74.8210502299165
Зайцев Андрей Никитич,2023,бюджет,8.523841854061866,310.6704638517258,Лингвистика,"г. Лида, ул. Советская, д. 62",+375297396087,59.32118547053495,41.50348042477717,80.86458537002102,39.66044482710054,73.04214729031419,44.36592617929127,80.70421173360796,71.68568628718498,52.219999205681845
Смирнов Светлана Кирилловна,2023,платное,5.551940964070508,276.8261674759078,Экономика,"г. Гродно, ул. Победы, д. 62",+375294900918,75.29430591677553,67.74966668903951,45.280110952238026,38.9277458410874,61.608119430602,71.81153644505268,69.39652008680916,74.20091547337451,63.07613008851945
Егоров Наталья Владимировна,2023,бюджет,8.337568836156118,325.90954294673907,Физика,"г. Барановичи, ул. Ленина, д. 91",+375291119354,93.88436939614257,73.35758014967968,70.46380455508799,47.458624946705605,64.6201485332601,40.457328547128824,66.78101757389507,54.66038873421251,75.29190503935567
Иванов Мария Игоревна,2023,платное,7.613545253603229,315.7036253485363,Психология,"г. Барановичи, ул. Кирова, д. 41",+375297859282,62.6745968877972,49.73262404080805,66.85986421630149,95.98221474546747,57.92876498007777,80.91136117923932,58.3954279521228,89.1336839213445,33.79167499552116
Макаров Галина Павловна,2023,бюджет,6.720762216463343,272.30848954830094,Экономика,"г. Пинск, ул. Победы, д. 69",+375298106183,58.744559664379395,22.401426441949248,64.46193079676725,62.092466942211885,55.72744593386698,73.93805909960247,100.0,72.41824861968566,67.65186541875113
Захаров Олег Игоревич,2023,бюджет,7.22320600003235,319.74083754672506,Психология,"г. Барановичи, ул. Мира, д. 71",+375299094465,77.95232575040603,56.42649487416574,53.84222275905405,93.18898532200325,77.65777444776509,76.36746647399231,25.4368209608405,54.584861651211455,100.0
Козлов Ольга Владимировна,2023,бюджет,7.181714951435757,324.0302537732971,Математика,"г. Орша, ул. Гагарина, д. 45",+375297679508,86.03217572053659,89.419424019526,63.28445873783963,47.37267552197771,23.470315023256674,70.26244812913431,47.77865995764678,76.76150451887692,41.25269490615953
Соловьев Виктор Викторович,2023,платное,9.134558884422095,319.7124682939391,Математика,"г. Молодечно, ул. Фрунзе, д. 90",+375293714471,75.33719054901053,77.68593581044298,43.27766718971378,77.95366423142028,51.046578229020426,34.882958093201324,58.364648700548045,75.3437530902646,62.4088414975764
Яковлев Вероника Евгеньевна,2023,бюджет,6.790466388756354,277.0671796319567,Физика,"г. Речица, ул. Гагарина, д. 90",+375291873301,72.63551163264141,73.80380375631229,43.45223428150359,72.30830254331846,62.76463596117155,53.699584090587564,31.429879598018044,81.66618292582632,62.72320035543943
Яковлев Александр Андреевич,2023,бюджет,6.821528435657518,274.8895995248596,Математика,"г. Гродно, ул. Мира, д. 77",+375298304421,78.58344511076004,63.034420713833136,37.59735332620285,28.140786259490028,70.81495429358453,51.82220632910517,100.0,65.05644934369127,46.17823464856618
Лебедев Максим Андреевич,2023,бюджет,6.74227556702018,287.1422657098014,Физика,"г. Гомель, ул. Кирова, д. 50",+375297721705,77.43134655138489,70.2979666121469,69.18498321003769,45.32117415017019,39.27612422304628,33.02677890886339,26.646387480942046,52.22896470787415,71.99019687606778
Зайцев Павел Романович,2023,платное,7.036150060922688,283.85813351000826,Психология,"г. Гомель, ул. Фрунзе, д. 23",+375299294125,87.43405797187162,78.42045314412202,54.97795518833247,57.060788868080365,51.49942337917421,69.00178606082939,50.14297556582913,49.534216441526326,50.198056564127896
Волков Мария Васильевна,2023,бюджет,7.885549764908865,291.9973229481568,Медицина,"г. Гомель, ул. Фрунзе, д. 77",+375299565571,68.64458901184443,63.12483762938388,78.6036871590486,65.8935491281751,79.0659798901055,45.29906547239079,35.73299079276994,65.71167107047577,47.7388779837849
Захаров Евгений Алексеевич,2023,платное,7.079066153278135,265.2872427720127,Лингвистика,"г. Солигорск, ул. Советская, д. 84",+375291004819,23.94497098349204,80.88683912224602,70.08440112060603,37.49285176255498,60.21222876153715,85.08398856146292,67.62620096502042,66.65815151267375,26.009218587760756
Борисов Олег Игоревич,2023,бюджет,8.810166406889575,328.79453975123045,Математика,"г. Солигорск, ул. Кирова, д. 51",+375297802338,72.72280385164247,82.15493096769485,39.01382357723287,37.19569811639086,66.76443952164715,75.10095106840598,36.432714733231755,85.81514086299741,60.563127622302325
Соловьев Александр Андреевич,2023,бюджет,6.41834918412339,295.2030767236959,Психология,"г. Могилев, ул. Гагарина, д. 37",+375296840069,74.29779638482384,22.16583123768074,57.72048926525942,85.6014381867127,46.593809713744285,71.12035031092547,57.357997446735325,16.50729180197277,85.07021363156214
Федоров Олег Романович,2023,целевое,6.181146298134153,264.1992533413306,Экономика,"г. Барановичи, ул. Мира, д. 52",+375291078038,80.057354324728,58.699482957776866,78.8642858453904,66.09084183642122,56.47613592718538,66.0648490748072,71.96776052073209,56.26558696045383,69.68835630413838
Смирнов Ксения Олеговна,2023,бюджет,7.983929475644606,324.6232571927608,Биология,"г. Могилев, ул. Гагарина, д. 38",+375296703681,87.5228366195664,62.41949313994043,81.44123767850108,75.8198881382472,33.71434357288505,47.08906254906992,70.08584006417074,62.49983726039766,77.71484857958508
Николаев Никита Павлович,2023,платное,10.0,319.8179913193196,Физика,"г. Пинск, ул. Кирова, д. 57",+375297326357,65.3329810929734,67.03935862279366,61.54376085784856,25.28933900999842,85.10162828434477,66.62620104566336,78.40551895573309,36.29094088786246,87.44565160355256
Борисов Михаил Евгеньевич,2023,бюджет,5.706292624260427,261.7458362547221,Психология,"г. Молодечно, ул. Кирова, д. 59",+375291458868,61.79121644622683,71.5710269235565,60.0166491703094,59.55566151751756,67.39325957777805,83.33603204837348,50.9831017099673,77.48874780382835,34.998548898162035
Семенов Борис Сергеевич,2023,бюджет,9.964582428103915,326.94200771240446,Медицина,"г. Борисов, ул. Кирова, д. 90",+375294857587,76.36597395588753,60.38077916958407,67.83426511575895,83.09594435971886,67.96341471323925,72.87208606401023,58.15295346971599,69.03870401967511,53.31524545455008
Степанов Анастасия Олеговна,2023,бюджет,6.789310986224622,298.2652252304019,Экономика,"г. Минск, ул. Кирова, д. 34",+375295165071,66.87454229878014,91.57946144187468,60.52331920634113,39.367336656468865,80.52119025732901,76.25901388394959,72.76686147570356,87.23855918542593,65.06933331217537
Сидоров Юрий Олегович,2023,бюджет,8.083571992020266,300.91412614506476,Биология,"г. Брест, ул. Мира, д. 41",+375296931382,84.7571337766925,60.011332611818936,81.85857818608419,53.462694262085385,66.70472575514778,50.42121262282455,84.79964455767796,69.34631021833643,63.59786618773945
Попов Олег Юрьевич,2023,платное,7.027215982508255,309.1305905859666,Химия,"г. Барановичи, ул. Мира, д. 95",+375294349848,65.01559147123282,84.34885035792081,94.91370418416905,78.92913510548216,83.85605352860458,51.462777019912,48.04329650662529,60.613871230933846,66.52411557551848
Васильев Никита Викторович,2023,платное,6.09566315232387,286.5391758485302,Химия,"г. Барановичи, ул. Фрунзе, д. 32",+375296973148,80.37768190368485,64.59584223110122,65.01693224708944,80.18793017451722,72.95292363782282,62.57203976385586,77.28972154892539,41.73894309754572,67.01925633197777
Сидоров Виктор Юрьевич,2024,платное,6.495491839661953,256.64853940921483,Математика,"г. Полоцк, ул. Гагарина, д. 1",+375291709057,63.85918641766912,68.6906916626221,45.869097246386325,51.78006271888293,56.78774533933217,72.55731729497077,55.18261441941446,59.14374293230407,77.10101769742741
Козлов Сергей Павлович,2024,бюджет,8.656710507666684,323.91780046486315,Медицина,"г. Пинск, ул. Мира, д. 24",+375299575399,74.41279572895371,66.69804760411067,76.99610418402783,85.94179547521476,67.18504715089138,47.08035630454338,92.67843260987493,62.915001950073496,57.78989660067741
Кузнецов Светлана Алексеевна,2024,бюджет,6.795461675255823,317.61975191531536,Биология,"г. Жлобин, ул. Фрунзе, д. 55",+375299024879,77.49450945930072,65.98842289408991,99.92183998600687,72.24878571744954,55.23358658973906,61.74867768018696,76.07273903371558,37.40198954714401,30.51666162785242
Семенов Анастасия Юрьевна,2024,бюджет,8.480767444485991,287.21510913803206,Лингвистика,"г. Брест, ул. Мира, д. 16",+375299694039,35.491155614110696,53.62752978711542,67.53749544193936,46.63876704671605,60.731734232186575,61.04005742573022,83.6254348461517,58.050265614833876,72.30348597458976
Иванов Александр Юрьевич,2024,бюджет,6.4667403934013095,317.667473715985,Медицина,"г. Барановичи, ул. Мира, д. 75",+375292690268,84.54085102156628,78.2772032230753,97.02013924659616,71.43907951380945,61.643573701167874,53.75342350127961,60.02965267133716,82.99310033454468,39.82478274103997
Попов Никита Олегович,2024,бюджет,8.21771898605696,346.20806645435084,Экономика,"г. Пинск, ул. Советская, д. 35",+375298907862,88.77180936504561,75.30054760353134,54.55302529774383,72.8160300168108,65.1182376373805,90.00274609000988,61.117643907401586,85.25632113872582,99.63017865738931
Козлов Иван Кириллович,2024,бюджет,6.903174754303088,315.6753730539715,Психология,"г. Барановичи, ул. Мира, д. 90",+375297246319,75.49328165794843,70.8367047783147,54.52078712694173,98.87967705524733,62.70106556543972,72.27066679774487,47.464664924699456,76.45830287409657,73.00781119241609
Павлов Олег Вадимович,2024,платное,9.10398882931078,305.14193410779467,Экономика,"г. Гродно, ул. Гагарина, д. 88",+375294834713,80.76451345122423,37.37166047680715,62.774558626097345,66.79134528115041,85.60994714338834,67.2918119727131,40.824710567965134,66.04572039074958,39.9514724952762
Николаев Михаил Кириллович,2024,платное,7.451599307743147,320.8470994432335,Физика,"г. Новополоцк, ул. Советская, д. 19",+375293509000,90.48639295024037,78.20216577948828,78.31942418527723,62.00937570870353,58.57332528448851,55.004435714193576,55.34413512933652,36.782976655364536,77.64254763607339
Егоров Иван Михайлович,2024,платное,6.638322259658083,288.49786252159237,Медицина,"г. Гродно, ул. Фрунзе, д. 81",+375299673937,82.45360724077875,61.402852446579146,73.37296298430908,66.2880696999237,61.08229855232642,71.07355846224243,42.84991513374209,61.31210630521109,63.49564427294226
Волков Ирина Владимировна,2024,платное,6.627909714141577,297.0962628416886,Лингвистика,"г. Речица, ул. Фрунзе, д. 73",+375291800429,51.18215542637999,63.459162731493215,42.99868472561066,65.24885572874089,66.046456263408,75.94280539549824,98.378277453883,66.3924319829818,68.01311793562012
Петров Евгений Васильевич,2024,бюджет,7.0870823660852,275.1209214739994,Юриспруденция,"г. Пинск, ул. Мира, д. 81",+375292615677,75.61431260696685,41.021123863721776,67.20880137641569,46.905165496659706,72.93015410901631,64.68974724852693,72.3352570634363,66.63019645560414,68.27946388997742
Лебедев Никита Иванович,2024,платное,5.753934473891338,275.8800454397452,Медицина,"г. Речица, ул. Гагарина, д. 33",+375296773715,73.85527628201137,62.21633861100193,67.38175328341151,77.10367113540887,82.95501846531616,48.328578212509285,77.57715214910768,82.47146450231676,47.75767516457934
Романов Анастасия Юрьевна,2024,бюджет,8.646963294134977,309.453454710003,Информатика,"г. Барановичи, ул. Гагарина, д. 74",+375293928275,78.01960900171764,69.52592477233127,88.02904828744504,60.52211310749748,47.96700887947231,42.792607334824325,76.34857438636246,51.4322403887372,75.43828799460428
Козлов Ксения Максимовна,2024,бюджет,7.8091210288777555,304.916187786405,Биология,"г. Могилев, ул. Мира, д. 79",+375295807067,70.1574164806917,59.31106756889759,74.8343159017748,81.83324511516092,68.86116503265488,56.698294031177575,60.95473592244777,54.42331482714767,37.83581389620833
Романов Дмитрий Вадимович,2024,платное,5.622453447197035,283.70887726783656,Медицина,"г. Мозырь, ул. Мира, д. 81",+375297790959,93.92191760833067,46.744212889634056,67.26970290397297,66.29272228356258,70.86887668084684,66.7272818129466,57.62193461375315,46.22971407541553,61.385651874598864
Федоров Юрий Евгеньевич,2024,бюджет,8.026095239395975,313.7909137540007,Физика,"г. Мозырь, ул. Кирова, д. 38",+375295487442,76.43426566857494,83.71524386087934,41.232012950494834,37.012225847555044,83.69156837542289,50.82360540743123,77.03921768915733,57.690035022032525,73.38045183058672
Павлов Олег Иванович,2024,платное,8.55205702366334,285.8425691663395,Психология,"г. Жлобин, ул. Мира, д. 53",+375293807132,66.1600114325356,61.987457152434686,54.27765877763861,61.795065565949685,65.06223112089599,72.36692193122084,57.64462757332938,41.84758584878763,83.87100551644207
Соловьев Владимир Викторович,2024,платное,9.034290201527249,333.60122171260844,Математика,"г. Пинск, ул. Кирова, д. 90",+375292343263,84.64155884171979,71.94555297558318,34.0622566574487,89.29376073734267,59.08353737991198,48.7680030596992,66.2520236172467,86.67120788003297,59.65424165871801
Смирнов Василий Андреевич,2024,бюджет,7.070106746510991,309.3685374264815,Химия,"г. Полоцк, ул. Гагарина, д. 7",+375291442329,85.82999938516869,43.85428218896912,68.26209894340523,84.57537163279767,19.31081154284343,57.75816460252517,38.53753197562992,52.85169297849713,55.51769866456194
Смирнов Вадим Владимирович,2024,платное,6.708301630495241,297.5754003487424,Юриспруденция,"г. Гродно, ул. Ленина, д. 84",+375297540534,51.71608121831087,43.54284525556779,94.37866900228029,88.01193006242026,63.37934179743717,90.82116751303568,54.008017642907205,76.2918747333171,59.050890601546264
Павлов Павел Сергеевич,2024,бюджет,9.144122224332445,308.46833700918876,Биология,"г. Гродно, ул. Советская, д. 68",+375293862327,84.83852343606146,61.888297958649865,70.23448576780758,61.95410556199528,46.596074794213195,35.37929826596854,60.183353226227545,42.05001611573407,56.01659231222188
Романов Анастасия Евгеньевна,2024,бюджет,6.742018170583627,312.38364621985454,Информатика,"г. Полоцк, ул. Мира, д. 70",+375295570355,86.99299572921586,74.67723105897382,58.693729107852754,88.19811824131511,67.81134180538066,55.08290310185215,38.60972824319322,65.90809827247115,83.29323772582862
Попов Наталья Павловна,2024,бюджет,7.932530011551328,296.3187242048395,Лингвистика,"г. Молодечно, ул. Кирова, д. 96",+375298297709,64.36804132707049,54.546400576274564,57.23951401201496,22.682669136565032,72.78218596283864,74.54053953612082,68.68597444433442,75.52526368215317,48.66073939962119
Волков Наталья Ивановна,2024,платное,8.707927849239153,317.82734323142535,Лингвистика,"г. Полоцк, ул. Гагарина, д. 30",+375292502467,56.7521520369574,45.9113768897699,79.98827201497691,73.93398020298322,68.95093236071826,67.46682464126665,80.3741200282038,81.42301235011176,34.58616156007383
Морозов Виктория Борисовна,2024,бюджет,7.102377241094581,318.3455165888986,Медицина,"г. Орша, ул. Ленина, д. 1",+375299779789,69.30301037074268,54.632580998380995,100.0,78.01873380721011,54.20516286829237,26.920584408661412,80.84646200919533,39.82185493787097,44.94841644750745
Николаев Елена Александровна,2024,бюджет,8.092772858646773,337.5119453269418,Математика,"г. Полоцк, ул. Фрунзе, д. 62",+375296026630,89.16411791700293,82.73239986665759,57.6324373523961,64.62438095458232,50.99421460693341,62.09480534348026,61.10005117167205,84.68769895681353,74.50767183658424
Андреев Павел Викторович,2024,платное,7.568090019956183,292.38366045560605,Информатика,"г. Минск, ул. Гагарина, д. 48",+375294163696,71.37652442453897,82.41822294390127,58.6204730069543,43.771284469303005,53.95068312133592,61.26790475676487,73.65323675497118,57.24707741764271,62.90801288760394
Семенов Галина Викторовна,2024,платное,7.1219016865092915,291.1036302635916,Юриспруденция,"г. Брест, ул. Кирова, д. 95",+375297538471,61.701840600848286,62.7875644335413,73.79807273931645,75.28384860134848,69.05789127618334,68.83856541951056,44.397019335667906,81.98815670280476,81.73230162506573
Егоров Вадим Сергеевич,2024,бюджет,6.7970487318615715,276.5084010923231,Юриспруденция,"г. Борисов, ул. Гагарина, д. 98",+375295561139,56.3785415291251,82.00173835348464,67.58336779822511,66.54353557201583,63.09083494026273,81.78728069279418,46.06295489235363,63.65979814065042,54.79842634849932
Яковлев Наталья Владимировна,2024,платное,7.534530676897198,318.9943358349626,Биология,"г. Лида, ул. Советская, д. 9",+375294060284,72.7840030561496,38.38527548212622,84.58816306467672,86.27686294516428,30.789862887887786,74.67686708499825,47.84207055267561,72.8546330547418,58.97330261000376
Андреев Екатерина Максимовна,2024,бюджет,7.3726912375902955,303.7077602967786,Математика,"г. Пинск, ул. Кирова, д. 80",+375299254323,73.14902350578781,87.12129204233486,41.40617981212458,69.11760508102513,76.51995247334325,70.74510120810616,94.87048371485126,69.71053237275301,74.35957233890296
Петров Дмитрий Олегович,2024,бюджет,7.633355250355814,322.8495774871765,Химия,"г. Минск, ул. Советская, д. 14",+375295733096,87.3340607635267,59.88466506417946,71.12124218137531,88.06072203871629,52.62657091471605,38.80911361649166,52.24729675239257,69.28549419882799,80.88058127380637
Соловьев Дарья Александровна,2024,бюджет,7.445852531611138,305.32211016873157,Биология,"г. Борисов, ул. Ленина, д. 20",+375291247041,88.18197067234026,39.6273761778361,70.56736535182097,72.11424882845898,58.2816085879122,61.26141582375295,70.3636643608829,53.32789742744264,62.085430304296885
Волков Виктория Михайловна,2024,бюджет,6.634835869836125,279.0020587104481,Медицина,"г. Солигорск, ул. Мира, д. 90",+375291532460,65.7411009610885,58.29499966377847,73.56340470102882,73.34919434996954,60.47639184872176,61.13510310920079,53.515572313390045,79.09072100956897,42.45779056195475
Петров Дмитрий Владимирович,2024,бюджет,5.700982557650763,289.20772725524927,Экономика,"г. Новополоцк, ул. Ленина, д. 70",+375298887754,100.0,44.43012967516155,39.693679879353624,71.01715117501827,28.84320219339189,72.64726090027561,92.18737387614732,59.550640778466,30.2705327139193
Григорьев Никита Игоревич,2024,бюджет,6.987834966077691,292.094995367405,Математика,"г. Минск, ул. Ленина, д. 99",+375295176895,83.98359568346986,86.24776719985812,52.31116804532237,70.24818606001604,80.85382991267984,86.81019621644738,56.30497078230228,51.98528282330013,47.6868161638547
Федоров Дарья Алексеевна,2024,платное,7.586702457885499,310.78019652875105,Юриспруденция,"г. Барановичи, ул. Мира, д. 95",+375292576392,56.115918051324144,57.18210898486921,76.78341896896004,79.11642640031371,73.28326346075217,85.98484876051819,65.36492049946634,75.64505972862571,73.59816235664945
Козлов Кирилл Игоревич,2024,платное,8.405950519370357,298.9877499308598,Лингвистика,"г. Орша, ул. Победы, д. 21",+375291707762,90.86716765646644,38.42383249808161,52.27243651361974,58.102216545690744,79.3945269045799,79.01940730654633,74.75601432763844,60.77770350493793,72.63770844682506
Козлов Никита Сергеевич,2024,платное,5.779433011285903,262.07863257739257,Лингвистика,"г. Орша, ул. Советская, д. 47",+375291873883,30.87212010930891,59.942937994938006,36.14787253979553,50.03023353746906,65.971910730372,72.13897047362978,76.16830174172183,62.144089992439724,73.20098944436013
Макаров Михаил Кириллович,2024,целевое,7.718387859147358,306.87095315126163,Химия,"г. Мозырь, ул. Ленина, д. 22",+375295632190,78.30113790470944,47.789839960626665,71.3432291746948,80.04270748038384,67.82174098589293,80.0545361033394,58.7661945049282,64.5967629444501,53.433940163935134
Иванов Михаил Алексеевич,2024,бюджет,7.225102762893949,298.15886230885405,Психология,"г. Полоцк, ул. Кирова, д. 77",+375293600333,79.39486048008511,58.52535228818436,32.943742738612556,78.31470896330896,65.46842216033185,68.19826523652048,40.734194458912285,82.13818725755948,67.37168266341602
Попов Михаил Михайлович,2024,платное,6.940111114556668,303.13610492914216,Экономика,"г. Могилев, ул. Кирова, д. 80",+375296677780,63.62967116852513,47.67277757367981,79.53885595179347,62.06492911302069,51.7411939949894,80.09689231224657,47.784027188305146,90.00843030280379,80.29200802345088
Зайцев Дмитрий Олегович,2024,бюджет,8.133407219898704,278.91940921822913,Информатика,"г. Витебск, ул. Советская, д. 63",+375294903632,68.7132975296914,48.8186680130772,37.77628842672948,39.90795337563365,62.02785511481079,55.10649443337961,39.81996768877138,55.78253936303164,80.05337147647349
Яковлев Анастасия Максимовна,2024,целевое,7.903161808128692,271.44197250447047,Экономика,"г. Барановичи, ул. Ленина, д. 89",+375297337911,56.00329719141119,58.076047792742536,39.249888345425845,73.52593045710411,71.76219624530248,66.01972773675541,48.509321963994005,70.38732949501693,26.208099079029914
Петров Никита Михайлович,2024,платное,7.649010821693536,298.678493907056,Экономика,"г. Молодечно, ул. Гагарина, д. 38",+375299222379,72.2715545365987,74.55262623851789,43.523861730561705,50.71315577625103,37.402121129413274,64.95709436505747,42.27027005897672,84.95973678846445,49.526072268729116
Лебедев Наталья Евгеньевна,2024,платное,6.703876611336614,292.5391611616676,Химия,"г. Молодечно, ул. Победы, д. 77",+375293690116,71.19236596138195,40.95802100980781,73.31699576828358,80.99103331863594,41.883609111849715,72.13669186097069,47.254186177834555,52.75524110890739,67.96024684515072
Волков Дарья Владимировна,2024,платное,7.853663103482762,298.32518781859403,Физика,"г. Речица, ул. Победы, д. 59",+375291012076,75.37574859335865,71.85309171211908,61.94052010055728,24.28891341714754,32.55477277187876,69.23950509070258,75.55772108473576,46.34269944702718,72.55971647828866
Иванов Иван Романович,2024,бюджет,9.085194947448851,306.53351955771194,Лингвистика,"г. Солигорск, ул. Фрунзе, д. 80",+375295006173,70.39826402488056,29.58484092493727,46.70939629532434,55.011309302251874,82.0314019723605,97.47645725582242,72.71994273190282,60.93022537896012,66.03402115801947
Григорьев Наталья Игоревна,2024,платное,7.0703046645848175,312.41634445657553,Экономика,"г. Барановичи, ул. Гагарина, д. 88",+375299347489,76.08014120979502,46.40027182268561,74.36990912220028,69.95318427747652,44.608787337065635,78.81425617534342,74.95898351488309,86.81890042558894,59.00326537035816
Алексеев Павел Кириллович,2024,бюджет,9.209553278492692,345.34925542755286,Лингвистика,"г. Мозырь, ул. Ленина, д. 13",+375299777848,78.40910733121893,41.84759245528672,66.57868936381509,39.44960058953356,85.65376272259603,56.129317265832576,87.68583235647469,79.91412756355527,41.65169654907105
Попов Владимир Алексеевич,2024,бюджет,7.907226975307465,301.3741068722705,Физика,"г. Барановичи, ул. Ленина, д. 63",+375294214793,90.51245266427729,83.82286492599215,48.5761820244567,55.409790684638864,62.18140826108639,49.4443440100285,85.38519858694806,62.16489707589055,47.966519528926426
Захаров Валерия Михайловна,2024,бюджет,6.537083952162196,286.33599615804064,Физика,"г. Жлобин, ул. Гагарина, д. 90",+375295293936,71.51842603182686,74.25073443881553,54.47070951321451,72.1056962491003,76.79531667830072,64.2457974338798,54.91033219292761,59.37994192786245,75.19599616577628
Зайцев Юлия Андреевна,2024,бюджет,6.272096131949299,292.9445290562089,Информатика,"г. Минск, ул. Советская, д. 84",+375299244416,80.78928648571235,79.60042323860466,83.1066185966501,78.83024670432712,49.714876236148044,72.30447561763447,45.73569925358292,70.43898151411274,69.83385801239892
Лебедев Артем Олегович,2024,бюджет,8.198138124754035,286.94825666534695,Физика,"г. Лида, ул. Фрунзе, д. 48",+375291978112,77.80045342697404,48.254328718458595,33.73536638392158,57.33762174338575,61.236626499522636,54.46021844762717,36.30845551923602,47.73162236792242,78.91209327237394
Соловьев Андрей Андреевич,2024,бюджет,9.182411191102947,295.15866262340944,Психология,"г. Орша, ул. Ленина, д. 28",+375299715516,74.8377688240406,77.35250671555482,65.96095535188851,67.52544346041788,55.79246919882574,60.97133842792145,58.37791514412875,76.68150928832009,70.27935127066452
Николаев Максим Игоревич,2024,бюджет,9.046636110247563,328.08239648507003,Физика,"г. Барановичи, ул. Советская, д. 68",+375295173551,71.97114756201007,88.46099794514258,57.10043660328045,82.0737762385484,59.67214878836815,70.60847060706415,82.12668546464784,57.098585571281916,77.18388987544174
Николаев Иван Олегович,2024,платное,5.348308322505133,284.0154736368906,Психология,"г. Лида, ул. Кирова, д. 14",+375297005628,73.66996836069936,40.186615762407584,92.14510581877364,70.30235535662864,62.38134076406314,86.56006669451128,50.87259144403197,44.88198130166805,63.806059451622495
Смирнов Галина Вадимовна,2024,платное,7.823017104306192,282.2170818742736,Медицина,"г. Брест, ул. Гагарина, д. 52",+375299467339,72.1209392313208,63.675579964731085,72.30048103174836,59.56549056814253,83.91266934306017,61.55307230923763,81.46728176642611,56.09945624729333,46.79982027463854
Андреев Наталья Максимовна,2024,платное,9.58912978391639,325.93684818929876,Экономика,"г. Солигорск, ул. Победы, д. 71",+375296446792,72.8421287367178,42.33357813012963,82.04676388181244,50.66594665659006,32.396004228066474,88.28166053957332,52.43552976281065,68.92176107384375,33.519186194550386
Григорьев Галина Евгеньевна,2024,бюджет,7.7440313519985216,274.4068524454394,Экономика,"г. Борисов, ул. Гагарина, д. 70",+375294589118,62.105194127903125,60.87674221058475,73.68930483810661,66.32575399504645,59.10518532011712,57.98334141712584,47.85412746349074,76.87800338042523,48.19238895019505
Лебедев Никита Максимович,2024,платное,7.229684829010376,328.60857791895415,Юриспруденция,"г. Молодечно, ул. Мира, д. 1",+375291581546,70.22615113222713,74.43754328700152,41.607309632809745,92.94969082468431,82.67479344554131,74.98285846330936,76.3430487461496,98.65407771999973,38.41919848414696
Кузнецов Мария Дмитриевна,2024,платное,8.028071914827773,284.7587238143683,Биология,"г. Минск, ул. Победы, д. 29",+375294604128,51.215683401266716,62.88977298972037,78.65394241925141,74.6083788455724,50.181996435025354,29.25728225717512,65.60300525117653,81.83151725872987,51.134723163998515
Николаев Олег Никитич,2024,бюджет,7.450233866401023,266.7631476975244,Экономика,"г. Речица, ул. Гагарина, д. 74",+375293595683,59.31855686579949,66.85819595538771,54.09926553383014,48.56373074095629,48.59454538175804,71.0638841796699,65.73649973538804,61.87836798804482,54.043270026482205
Кузнецов Анастасия Борисовна,2024,бюджет,7.740838433146654,320.4469596914978,Физика,"г. Пинск, ул. Победы, д. 75",+375295191903,64.00960775468141,92.96665201675017,47.19756779907988,49.958446295497644,45.32538075266253,86.97720130707177,68.29357842899222,45.95111990634537,86.06231558859969
Сидоров Роман Павлович,2024,бюджет,7.858902880825327,302.04506414034455,Химия,"г. Новополоцк, ул. Гагарина, д. 28",+375292295227,77.57253421111501,54.83284186871321,67.50584013043027,78.37766099054602,51.823691550066144,87.25133444362658,40.960633421353435,83.04235159282418,58.33021726803299
Козлов Иван Павлович,2024,платное,8.343191998199167,305.37332119408586,Экономика,"г. Витебск, ул. Гагарина, д. 83",+375296039762,83.33157766629435,50.546260574933456,72.96372577047954,19.38684216928234,49.20015700167092,65.75937192658935,41.19740981442358,72.85045161921049,65.78624952272543
Семенов Светлана Андреевна,2024,платное,6.84025276843436,282.62485904909136,Информатика,"г. Гомель, ул. Фрунзе, д. 43",+375296837300,77.40876757200408,68.34306535106452,65.53524656737751,61.86428542276276,74.04084251904024,71.65405054397274,60.457146208809434,46.54120490758115,68.4704984416792
Романов Виктор Викторович,2024,бюджет,6.665820770307753,283.9985960556527,Юриспруденция,"г. Минск, ул. Кирова, д. 100",+375297417066,55.27100499125616,64.0207564138463,70.72761585192087,59.23321960476933,75.16124787900472,76.43306305000004,52.2614203030149,65.74607742357044,33.668431540339355
Алексеев Андрей Олегович,2024,бюджет,6.511395756430615,276.5177991444028,Информатика,"г. Гродно, ул. Победы, д. 65",+375294704361,79.73145453267787,67.97088561960433,56.4328944386109,66.99646931118475,67.81034244634003,43.807007217509415,74.95589034680462,76.91025134033228,63.70150142781441
Павлов Вероника Романовна,2024,бюджет,7.151455300526653,307.28088676101123,Математика,"г. Жлобин, ул. Ленина, д. 29",+375298246678,86.91090683146192,73.53146478744699,26.70333078822224,39.00477742900971,56.25945562241278,42.554360245730976,53.79864344045338,75.32396213683579,81.93381906052093
Кузнецов Дмитрий Евгеньевич,2024,платное,8.531800273760949,338.23406336071355,Биология,"г. Могилев, ул. Мира, д. 74",+375291827302,85.72541799572758,81.43140243055156,89.34309669352076,77.84754593385568,30.550662782415387,66.91237298105798,75.7259983172031,58.78399341846874,86.16875805112872
Семенов Вадим Никитич,2024,бюджет,9.640707114242122,306.1050431743652,Лингвистика,"г. Лида, ул. Фрунзе, д. 90",+375293187332,68.52410065729177,76.29571066808757,65.00054776891317,22.607842509069698,70.00861048529634,77.9575204087178,66.92408659901704,72.76527494763062,44.32745529145393
Козлов Игорь Игоревич,2024,бюджет,6.266491481987114,298.96033491972287,Математика,"г. Барановичи, ул. Гагарина, д. 79",+375299795418,91.81492457418015,66.16131104859271,62.20947000583626,49.792589283539286,69.22416958547068,67.64524615863493,72.17558357419898,78.31918447707888,100.0
Борисов Олег Кириллович,2024,бюджет,7.284582510153024,250.13528620150248,Химия,"г. Мозырь, ул. Кирова, д. 74",+375292503148,57.89396645563485,54.10364698947808,59.320117344397325,60.07537729994007,44.980280187030495,46.16716641852559,45.6807284707491,67.77328425668118,52.407164083719955
Лебедев Галина Ивановна,2024,платное,7.689713851040172,323.8184423561209,Физика,"г. Барановичи, ул. Победы, д. 45",+375291406123,83.94232774500935,67.33677475218573,56.03181151942917,65.48639979139374,30.87648299069668,24.226417365741263,65.19175993196583,67.38021420850347,95.64220134852411
Андреев Анастасия Максимовна,2024,бюджет,6.744945420564669,320.29169201157384,Биология,"г. Гродно, ул. Мира, д. 6",+375294917305,83.19739717258095,57.06791034621039,77.97227221585086,91.67256841749534,28.140107728115467,66.20424386357521,92.03380095116049,64.23051328814014,84.75859444849272
Борисов Дмитрий Андреевич,2024,платное,7.303020704733871,263.8520430336119,Химия,"г. Витебск, ул. Кирова, д. 7",+375295077673,74.67952505836287,60.50287053582881,52.824089206412296,63.318221721498,43.54687380924021,72.3309911704879,73.08229658526082,64.860546640598,72.36154345283559
Иванов Павел Евгеньевич,2024,целевое,8.324912106151805,313.40052325816026,Психология,"г. Витебск, ул. Победы, д. 58",+375298905261,87.01931669539543,60.131826639481076,60.867960711401345,72.34407366737588,70.26675716454642,70.78801183387087,74.64647065797102,43.0177628892599,43.51625617907709
Васильев Наталья Васильевна,2024,бюджет,8.976843485981364,306.5228207831131,Информатика,"г. Речица, ул. Гагарина, д. 97",+375295339561,74.11455785416987,70.46108583846872,73.3508659871319,50.89107878870873,56.996981185494455,80.9884192510674,83.08713518715976,83.5859731540549,72.17874223066089
Зайцев Дмитрий Юрьевич,2024,бюджет,5.934219731480461,273.55080788806237,Лингвистика,"г. Минск, ул. Мира, д. 75",+375299838222,45.765707583469826,46.39645687916909,24.743162210634587,85.09302302847794,66.36020150923922,58.1020113037941,65.89675658071717,81.9516524833014,54.3654950892399
Волков Артем Васильевич,2024,бюджет,6.847671724688337,283.5323534793136,Информатика,"г. Пинск, ул. Ленина, д. 60",+375291139824,79.4166256418606,60.66269975189772,47.43891412026763,28.396663280608788,38.6406283170359,62.67793754580717,30.53195942845613,37.78281413067427,74.97631083867192
Захаров Олег Юрьевич,2024,бюджет,6.977082603635257,331.3017011080483,Физика,"г. Солигорск, ул. Фрунзе, д. 14",+375291320081,94.92036635959309,93.33896546024376,46.9811630587327,68.35706427605223,71.23923835319177,51.03781712963395,37.56687695252694,59.81552326037914,73.27154325185889
Федоров Валерия Игоревна,2024,платное,7.190389756562869,290.8979204749804,Биология,"г. Жлобин, ул. Кирова, д. 13",+375296292472,79.42316868164485,48.73905589491602,63.480024524208574,76.09082970349831,65.78955138853314,42.350325841499206,73.92135916486622,33.44278293335883,51.32829811926535
Сидоров Наталья Вадимовна,2024,платное,6.307688395282263,291.9165507589955,Медицина,"г. Барановичи, ул. Гагарина, д. 59",+375291360516,68.6377628734807,51.524092896732114,93.71074482308114,66.49115910961102,96.61832583707871,66.55690169596578,61.38082705967988,67.14360530081498,97.94891623877928
Волков Мария Евгеньевна,2024,бюджет,8.578214045461877,285.8476948126994,Информатика,"г. Полоцк, ул. Мира, д. 96",+375293634111,63.79582081063611,67.4513380342808,60.48214720446841,34.113433127811405,60.33508858977912,85.40320700120508,62.27111085937166,55.609718115370846,68.81839551316372
Лебедев Анастасия Сергеевна,2024,бюджет,5.913183078380046,289.07191092604546,Информатика,"г. Орша, ул. Советская, д. 65",+375295628469,66.74167226761952,93.46395920599248,89.00039621571536,63.85126197992681,59.827273678850325,75.45989712362339,76.42197753340989,47.91012403410877,69.73444866863298
Григорьев Валерия Александровна,2024,платное,5.547225926463222,288.2209279222187,Информатика,"г. Речица, ул. Победы, д. 29",+375293545240,79.09064938334058,81.66627883456891,39.75111543208091,53.17201642775761,39.79119123627976,46.51800284634243,68.26525590339449,48.99776899982581,71.99174043967702
Сидоров Владимир Игоревич,2024,платное,7.3838878761757325,310.6158436967787,Экономика,"г. Жлобин, ул. Кирова, д. 79",+375294815608,76.86990209724664,59.335900202330265,49.06561124950257,57.164785534762885,62.70442320755166,66.85131851090657,37.85606183997331,93.05574432686815,50.50090942934591
Егоров Дмитрий Дмитриевич,2024,бюджет,5.730596775542117,258.58599217870716,Юриспруденция,"г. Мозырь, ул. Мира, д. 70",+375293210769,75.16259602530471,100.0,41.33270325166701,66.74740820589764,67.92447714705894,69.6120969542329,49.19681968489815,63.743450321994146,59.38062957323008
Николаев Татьяна Юрьевна,2024,платное,6.431317427290783,298.3437135475787,Химия,"г. Барановичи, ул. Фрунзе, д. 18",+375296184132,84.4680756651187,60.82504404050062,79.22434972901439,70.33811388053778,54.49194098682378,64.31345857750992,42.53924051391262,54.63014348379996,47.10579729182319
Борисов Галина Борисовна,2024,целевое,7.462177784006275,324.42558869727725,Лингвистика,"г. Брест, ул. Победы, д. 9",+375299941610,28.352426390615378,80.0898988422,49.70191870269347,77.45064082745326,85.68792321394292,40.71000440225259,64.11588764327155,100.0,86.26388912890715
Соловьев Дмитрий Александрович,2024,бюджет,6.210406752680564,282.69655991237187,Физика,"г. Мозырь, ул. Мира, д. 53",+375296089336,77.5737310641735,68.69153597052811,66.4852907130051,49.24227148916293,29.51469353552423,40.17666320233424,60.316391217758806,43.033991467461185,74.32722535086465
Кузнецов Олег Васильевич,2024,платное,5.938668880330386,278.9413108415515,Медицина,"г. Витебск, ул. Советская, д. 24",+375291439533,67.17646077498006,72.79747959619787,77.47480547640104,74.90335578686653,73.18445959605977,67.2091289002102,81.69844936877051,53.102111065272894,53.55547532208737
Орлов Юлия Романовна,2024,платное,8.343039976720627,324.5750964009561,Психология,"г. Борисов, ул. Гагарина, д. 30",+375294874066,70.7101928262758,74.47154841453668,79.499810583932,84.60305168086668,33.08712200175846,85.83145212660735,32.42222065091894,73.47175986183521,54.48323210143417
Кузнецов Елена Никитична,2024,бюджет,7.6165869445034975,324.5530622931508,Информатика,"г. Полоцк, ул. Кирова, д. 84",+375297273997,61.67551652105434,86.71167632706147,38.025378808426666,49.97317633720233,45.028580583464475,33.68572720766252,61.417913513827024,87.09133676755442,100.0
Козлов Ирина Борисовна,2024,платное,8.49168398079663,322.629655938997,Математика,"г. Брест, ул. Советская, д. 29",+375291540722,86.16681275067522,77.32094637928537,67.48324792152319,54.86777023309142,62.92615388133903,68.06218056909643,51.32310406685503,74.22505700107013,59.12354821503768
Морозов Александр Кириллович,2024,платное,5.158076504540536,300.339235603102,Юриспруденция,"г. Борисов, ул. Кирова, д. 86",+375294402982,44.00951742558479,59.226866870885225,88.68008203579046,77.46090228878907,88.49179048888705,75.24431840178035,64.81496345529035,85.02236166702926,83.40383294296396
Романов Дарья Романовна,2024,бюджет,7.430459349884739,276.66407897808017,Химия,"г. Полоцк, ул. Кирова, д. 42",+375298676330,61.84558692950154,79.64166152103972,72.23110644231197,68.28279210741923,41.18758519506594,51.67474947683836,38.96446074864262,91.36641409098715,59.6634592202914
Андреев Андрей Игоревич,2024,бюджет,7.978516517309777,330.8610329293982,Химия,"г. Мозырь, ул. Мира, д. 79",+375299995261,80.88076675167832,74.43517753899854,84.45888156554639,85.73621943907571,50.53731673813715,55.53199792564708,71.53547483163413,52.0891640754057,59.923400519591624
Степанов Андрей Артемович,2024,платное,9.232404382999485,354.0123080260422,Лингвистика,"г. Молодечно, ул. Мира, д. 6",+375295122525,71.77777623465565,33.33478556444698,70.72118474833418,56.49413913222412,82.07457710864381,71.65397538532243,91.07915061119158,88.53453647621203,80.19857493915444
Николаев Андрей Игоревич,2024,платное,7.566239091036107,288.68143479053197,Лингвистика,"г. Жлобин, ул. Фрунзе, д. 81",+375291827040,64.37068477223919,60.4827763055526,73.09225624767501,70.98121427149533,71.9093376326174,66.07235113212403,74.64903533215406,66.46067091539945,79.35691112064525
Волков Вероника Дмитриевна,2024,бюджет,7.887005592347886,319.11573913894244,Химия,"г. Молодечно, ул. Советская, д. 55",+375295939543,95.48708257698851,35.617615947002506,69.43221227156634,75.32638836690872,77.06071646443371,65.99204058903277,64.65709131271127,43.091043111687796,42.64587904155793
Кузнецов Мария Максимовна,2024,целевое,6.5608903649422405,279.38396443084997,Психология,"г. Молодечно, ул. Ленина, д. 93",+375299399643,61.35894006181641,52.021833745660075,67.51375993628787,65.17675727723224,84.0803394354271,87.2393634423789,36.42870002492549,46.01443135227019,25.71334133257575
Зайцев Татьяна Олеговна,2024,бюджет,6.1162988019122615,276.9724381531752,Физика,"г. Гродно, ул. Мира, д. 53",+375296426773,82.66388476572399,70.86105057725143,66.91195865423951,37.16498522577383,71.96962881872858,51.67336158107475,60.18254523424358,58.60688247910421,62.28451479107716
Орлов Екатерина Васильевна,2024,бюджет,8.324347958518413,331.6684970457778,Медицина,"г. Молодечно, ул. Ленина, д. 33",+375296437072,84.67794469003427,65.98488236252544,85.50049041553427,78.24658235502518,62.14485952213825,34.1098407199985,55.944499548582456,59.58923519394384,89.29660797408862
Сидоров Виктор Артемович,2024,платное,5.003111369530826,294.3094326345791,Математика,"г. Молодечно, ул. Кирова, д. 47",+375292431206,90.36061181709529,80.97537705894729,49.33045159575781,61.75686324224777,63.543354693963494,45.912666453439776,54.23418935110618,72.94233006322828,84.08429748847678
Андреев Ксения Вадимовна,2024,платное,7.31222714865221,334.0467216716957,Лингвистика,"г. Новополоцк, ул. Гагарина, д. 49",+375291736621,78.08727631074065,45.94807147560926,39.41881219095579,77.69913195057697,82.31898069234381,78.81778053571784,83.00701947545576,95.59845001737402,68.38085755416728
Романов Светлана Юрьевна,2024,целевое,8.5383477073623,307.3861450907858,Математика,"г. Гродно, ул. Советская, д. 19",+375294000886,78.42926377321342,87.43469128345964,48.30937012109825,50.22167126202929,55.36559978103139,28.431258018520015,62.071176126263204,56.13871296048974,60.79588969398929
Соловьев Роман Максимович,2024,бюджет,5.81149536625918,286.34250753646586,Информатика,"г. Орша, ул. Кирова, д. 24",+375292972228,70.23123539356165,91.77115870186871,38.092486508722686,77.86891022447749,70.12705584610381,34.259501275339666,100.0,59.04382071744051,66.22515977844368
Андреев Александр Владимирович,2024,целевое,7.924524757069667,299.27738361370393,Математика,"г. Минск, ул. Мира, д. 64",+375299365828,72.79981972340326,73.7259312761004,61.53968292809497,55.533057656640594,69.4983796517264,54.1855525100513,30.975538241392936,73.50638504350358,24.487835199400827
Козлов Юлия Викторовна,2024,платное,8.324686140474347,332.73984587853835,Лингвистика,"г. Барановичи, ул. Гагарина, д. 85",+375298981122,45.31049654576047,62.45040532373701,79.71112472286906,45.76876957098,85.61256258512118,53.4991564997077,92.53194802065585,71.34847386801786,47.39260521739963
Андреев Вадим Романович,2024,бюджет,9.07183820332024,306.1360209080981,Медицина,"г. Минск, ул. Советская, д. 71",+375295665960,70.64210270376364,47.37825728806487,70.2216014929621,74.55393467816998,80.13270196867282,30.988683818106345,60.34620988425631,69.37355391981065,62.90172862487694
Петров Кирилл Вадимович,2024,платное,9.123682992199688,321.64795516978893,Психология,"г. Гродно, ул. Ленина, д. 84",+375296855581,74.25654670241475,57.23172836721082,68.88494320520014,75.9931381495135,54.14386892579294,80.16144039586379,50.21207560175032,50.83234271971009,52.08008967351579
Захаров Андрей Павлович,2024,бюджет,6.614715954378191,276.5568784500986,Информатика,"г. Орша, ул. Победы, д. 12",+375291822609,42.789836440142864,78.95598834762943,60.51407721300333,34.7869431114282,64.64590168704004,67.13627987747299,68.844588470361,20.222579054325763,88.66389411854439
Попов Иван Юрьевич,2024,бюджет,7.016320958355934,300.89469023053346,Физика,"г. Орша, ул. Гагарина, д. 85",+375293976601,81.86567746753175,82.41073780682287,46.84954371571061,69.90689928527325,54.21760138631463,28.92934230992764,77.51612888291669,48.3743255547564,66.45506537261946
Петров Анна Андреевна,2024,платное,7.546266202541181,295.27080486047083,Медицина,"г. Орша, ул. Победы, д. 48",+375297357547,77.72236725327389,59.140943837668466,80.4806692470717,61.60510633471341,48.86420444353898,58.26004391517699,88.46830938988059,58.29281192379363,76.27833395492448
Сидоров Ольга Дмитриевна,2024,платное,6.6308369589508,279.8582338858476,Физика,"г. Полоцк, ул. Советская, д. 16",+375295603979,70.16341362562432,72.5327557588556,57.473704319566785,69.05468608441107,80.61916901364832,65.39521271529482,77.80616518112633,45.52815393555471,70.85369491185969
Васильев Мария Васильевна,2024,платное,5.069952103588593,306.92885912805906,Экономика,"г. Гомель, ул. Ленина, д. 74",+375299874251,78.14444590874852,54.615624222308796,70.94659405551293,46.034974325513375,60.64546459981922,81.86857911012257,29.020458374390845,96.21631307330203,55.752721726801866
Яковлев Юлия Дмитриевна,2024,бюджет,5.72496477797068,301.91992993760664,Физика,"г. Лида, ул. Гагарина, д. 41",+375295356372,76.58093898576786,75.33443467973152,58.771584306412606,74.8678666939,71.21167457140584,64.46814286535768,66.75233450919971,58.4346232584287,92.75490849240049
Кузнецов Анастасия Романовна,2024,платное,8.885632520060064,314.12789819329777,Лингвистика,"г. Полоцк, ул. Гагарина, д. 94",+375299350710,62.09477511323845,60.975369467831705,72.1992060909689,47.34219183862651,57.56327397603464,62.3523452414729,77.81230492218604,89.89599409447649,40.94456930512371
Зайцев Максим Дмитриевич,2024,платное,5.412953817392641,285.82451595553164,Медицина,"г. Барановичи, ул. Ленина, д. 16",+375291402431,98.67414364027121,54.333526687162845,62.09057780506776,70.93025633626628,60.21007451057071,68.45681812510372,51.12907905242929,83.32797801221014,43.28201527487907
Соловьев Виктор Васильевич,2024,платное,8.294715578591543,341.97296234006143,Медицина,"г. Лида, ул. Мира, д. 6",+375296600104,86.06710424287317,25.880684531907008,72.95870231127284,100.0,59.81934670560103,43.18848523955626,59.13903804319809,59.237988170707,62.40974910529675
Иванов Кирилл Сергеевич,2024,платное,6.303682048317448,293.28505530438775,Экономика,"г. Барановичи, ул. Кирова, д. 37",+375295268417,64.6088883163226,85.3132208285519,63.67671426558927,70.90191069602706,50.57775900366536,87.86382136995533,56.14421386780403,77.77552513493532,46.00340884219336
Николаев Ксения Евгеньевна,2024,бюджет,5.734648313551778,265.61897903786974,Физика,"г. Минск, ул. Ленина, д. 88",+375296591559,81.88205306452883,70.56393169792614,47.192653687434344,50.352249869594544,70.48429607576132,50.56443208194584,58.23517602596754,60.22541625430645,55.82651113989701
Андреев Светлана Александровна,2024,бюджет,10.0,353.04931602464,Экономика,"г. Брест, ул. Советская, д. 43",+375296669639,78.36277889247563,48.944559582709545,75.85087366920628,74.50210656375816,70.78752999533155,93.19771787312598,58.75366008385225,81.4888192590384,51.23398535105953
Макаров Андрей Борисович,2024,целевое,6.498874388318441,327.2839187002446,Медицина,"г. Полоцк, ул. Советская, д. 81",+375298727886,94.83633652436019,60.17820651776688,78.86586229905193,88.59297599364805,57.79290742778839,50.15063893800443,73.10984626510324,61.17658869125505,62.7449167446789
Яковлев Екатерина Кирилловна,2024,платное,8.423962477602267,312.38457234999083,Лингвистика,"г. Гомель, ул. Фрунзе, д. 67",+375296022154,34.234917774549054,63.542136148186515,73.57443062241299,56.61289876385937,89.36429519558867,49.44125511876683,64.4529554503408,74.32769692803869,58.76111136973064
Николаев Сергей Олегович,2024,платное,7.481324293355647,281.1072037169806,Психология,"г. Минск, ул. Советская, д. 74",+375296565326,67.25037175936015,80.52141355222346,89.5037544376238,74.60855973031659,78.74565630276479,64.43502929374739,76.12832311772874,75.70914612839194,72.95155920284819
Морозов Дмитрий Александрович,2024,бюджет,8.845799054219913,269.13786519208827,Экономика,"г. Мозырь, ул. Мира, д. 81",+375299963616,45.45751058757969,50.37409284521806,50.61125973473097,45.32617592909284,61.833645068205996,70.81036554478766,47.63081985352467,64.4119985175218,49.26730521772157
Попов Валерия Романовна,2024,платное,6.333242106318198,290.93646379501183,Математика,"г. Витебск, ул. Фрунзе, д. 97",+375296172103,68.38974945372506,69.85061293566727,53.149535774651305,65.0849027071413,66.843742327928,14.330151911352573,75.32452820741412,89.36368034243753,44.24720193957496
Егоров Олег Андреевич,2024,платное,5.328878742494091,301.61250832993653,Экономика,"г. Полоцк, ул. Советская, д. 48",+375298581730,70.49746612221729,48.65993970815093,63.3589031091991,30.802120704617035,43.231085879448905,90.39197200174908,46.07670048977973,87.43428278102925,65.33007293385205
Попов Роман Артемович,2024,бюджет,6.93162545081857,298.5644468295704,Биология,"г. Солигорск, ул. Фрунзе, д. 5",+375294390648,81.35329195216207,58.2349904671072,70.4453294375026,77.44957093172005,67.11950228350189,70.6138773296193,77.67379271322004,66.12203869167534,39.36548866820458
Яковлев Алексей Михайлович,2024,бюджет,8.952809463050636,346.9534777590059,Физика,"г. Жлобин, ул. Советская, д. 25",+375296706197,100.0,82.24491060381727,95.53930951217245,80.93151123298779,63.62703107333623,64.52110604671677,59.451299401847315,33.932930762302504,75.18047252468224
Волков Мария Евгеньевна,2024,платное,9.203346816957406,310.45617428716923,Медицина,"г. Гродно, ул. Фрунзе, д. 13",+375299659503,69.00360005178797,66.17929498592714,83.51591045893197,65.90319560687524,53.23045703484503,44.731327642842615,47.667515899658895,40.685920745204086,46.4932730793296
Павлов Андрей Игоревич,2024,бюджет,9.832234657346635,313.12157310476135,Математика,"г. Жлобин, ул. Ленина, д. 1",+375296217400,65.84522970909708,76.2645921906069,52.45696869493566,77.68298905555409,79.66743444905424,72.9610497320842,64.59201829654133,72.68940463159102,42.121879437131255
Романов Юлия Андреевна,2024,платное,6.893412293466587,280.1152160546716,Информатика,"г. Мозырь, ул. Мира, д. 6",+375292729778,67.40326982247447,81.63646347032841,75.89348358935096,51.67079254642006,75.57018790973943,71.46319805008284,85.91945753072648,52.95980300359933,62.14135982720285
Иванов Роман Павлович,2024,платное,7.97645600385888,320.20325757164505,Лингвистика,"г. Орша, ул. Кирова, д. 27",+375296383479,63.13280313801498,60.873190906275845,54.098431555881746,31.362038115341356,79.70482996129107,89.58516718623301,79.64251238123003,81.09135519053514,68.58667959232653
Николаев Олег Евгеньевич,2024,бюджет,8.499815317524218,308.22815204730284,Химия,"г. Молодечно, ул. Кирова, д. 16",+375295574378,84.31665966868096,65.93060521778499,71.87322830346724,67.04011089991246,56.26539517078987,64.71194244675999,55.2587555831554,64.71508024697145,66.58725200550626
Иванов Виктор Романович,2024,бюджет,9.138631755031518,331.4181205485982,Математика,"г. Речица, ул. Гагарина, д. 14",+375294465793,87.82794968838981,75.78007418478857,40.38335152278509,54.82343854771215,60.66093851109899,32.46346865734365,80.82996780153724,76.42377912510466,65.72029251870427
Морозов Сергей Борисович,2024,бюджет,8.915986235627743,309.6775805464349,Лингвистика,"г. Орша, ул. Гагарина, д. 32",+375293873517,50.547857547864794,68.61062896326045,58.352038153470964,57.238696994761206,67.2780761219562,84.98404820529791,71.2449995992443,81.99464246895703,31.874889187920953
Николаев Юрий Максимович,2024,бюджет,7.202543857105605,308.32270727060234,Физика,"г. Гомель, ул. Советская, д. 4",+375298897632,85.52211155957059,75.97434110297303,56.595863007931136,66.00000008420349,94.33185991320434,33.55144951644772,71.73041081361191,46.32574046769146,74.80081603700269
Сидоров Артем Кириллович,2024,бюджет,5.631658695952226,278.95258679700436,Информатика,"г. Новополоцк, ул. Советская, д. 91",+375298479891,70.71681742202244,74.8953487094727,42.98743282083314,75.43770654191951,33.087847332021,68.09646769242514,55.10196221198143,42.43612659288819,77.02383370598696
Григорьев Юрий Васильевич,2024,бюджет,8.257050724315386,301.6635660034781,Психология,"г. Речица, ул. Ленина, д. 97",+375298813071,75.39713821719634,38.656846382826686,66.91908126476747,65.75642666369625,53.235089744560355,77.93949387943162,48.41186832236646,59.130540004975465,37.292542481327196
Смирнов Екатерина Максимовна,2024,бюджет,7.19462870802559,337.50480980679134,Психология,"г. Орша, ул. Кирова, д. 83",+375298808058,92.6491380555077,100.0,61.367522199996586,82.88204140797187,33.29061490638766,90.02734326305588,71.64342757086159,52.7409983257315,78.55771200433514
Кузнецов Максим Романович,2024,бюджет,5.882405058759398,278.8265014031447,Медицина,"г. Пинск, ул. Победы, д. 51",+375294076154,70.41974816985443,67.13002388141237,64.3664550016968,85.21624764399948,44.16015282109735,44.249178152652206,46.354653173874986,71.39250056274183,50.748369577204386
Павлов Сергей Михайлович,2024,платное,8.245616087962922,289.1213368341395,Экономика,"г. Минск, ул. Ленина, д. 61",+375292893930,68.94320000064202,59.519364439792696,42.285412745034215,42.72478336448485,91.66944501149376,66.39434596186113,55.1543644684049,71.32762999200715,53.67964788344337
Волков Евгений Иванович,2024,бюджет,7.07608303747421,324.4995102408675,Экономика,"г. Гродно, ул. Гагарина, д. 14",+375297806281,84.4814295047205,55.41068352702612,41.45282570111476,79.11660341773356,58.56988363204976,92.30321814857169,26.31621153652256,76.9540322128332,88.77909500814312
Яковлев Борис Дмитриевич,2024,бюджет,8.47028520826814,312.9093170862714,Физика,"г. Речица, ул. Мира, д. 52",+375297936404,72.74506576665364,77.95511691590339,51.61806271672564,55.31892101920901,54.932773587128956,50.5886889836044,78.43284825300839,66.91617048444652,77.50628232103303
Попов Ольга Михайловна,2024,платное,7.28445633431324,289.19259237599823,Химия,"г. Новополоцк, ул. Ленина, д. 44",+375294493656,72.35644166796533,48.38694272470649,68.97375695385443,75.01783041104609,44.11182437440647,52.49608475119987,52.25825037192848,91.86834344743521,18.392775900991246
Орлов Галина Евгеньевна,2024,бюджет,6.901215292825066,289.8481946623069,Психология,"г. Речица, ул. Кирова, д. 31",+375293903892,92.2569379281477,61.82766696198681,71.3012621013164,75.99826315099767,49.989999281752795,52.58084065491087,63.081835305544544,48.36590093096413,47.994968907520445
Григорьев Светлана Михайловна,2024,платное,8.304059606178628,325.7476251430287,Физика,"г. Витебск, ул. Гагарина, д. 77",+375298766314,92.44861406623494,99.04837542253972,63.25811906292601,53.02849164132408,42.34160373823184,67.02810242319103,86.74358400097717,56.28989419462265,51.21003959246776
Попов Дарья Дмитриевна,2024,платное,5.040630617196383,273.31879663592395,Экономика,"г. Новополоцк, ул. Ленина, д. 77",+375292824432,84.85399711450049,36.21231539421229,62.64726275494429,66.76839024204148,58.903390469865926,67.09229080914646,75.23905835345334,70.96620254031318,37.722207559501015
Алексеев Валерия Михайловна,2024,платное,7.1268749803786875,293.71713215085583,Психология,"г. Гомель, ул. Ленина, д. 28",+375293330636,87.6084951999931,69.24995964706677,61.319603206937536,70.59725363149197,52.06502378695309,64.24263351558389,53.52816533160173,28.198691773197385,48.95904519797229
Борисов Александр Борисович,2024,целевое,9.515696858665835,344.4522185834824,Психология,"г. Гродно, ул. Мира, д. 69",+375295890613,81.09880047190418,59.401103049399545,71.92384670813338,88.4913510511343,75.87255140736153,79.70509847378557,60.17794018771176,45.28817987379661,71.09916077068975
Васильев Дарья Васильевна,2024,платное,7.243688109353949,308.47708186528723,Юриспруденция,"г. Мозырь, ул. Победы, д. 73",+375296109503,65.13159059475628,88.75888722639185,37.11642437908374,42.68754922830688,83.55201507748262,77.64290210153251,79.70673264857712,74.8452835927326,46.98036866207502
Сидоров Анастасия Павловна,2024,платное,6.799533439724878,267.1646031491043,Юриспруденция,"г. Минск, ул. Гагарина, д. 66",+375297781307,37.009740436143986,43.07113990354448,74.58665996877015,73.09181121704415,78.63004284806077,57.78922479039531,54.62394636730667,62.75000111339949,77.64799880681647
Лебедев Артем Олегович,2024,платное,5.785314472185928,271.9857642411239,Математика,"г. Гомель, ул. Ленина, д. 91",+375297027124,64.1425228921845,75.29796165121425,50.39768314748082,82.2561586530556,48.97783653698714,39.01157611163053,27.706297263637268,74.69213497586586,51.5710482921311
Федоров Алексей Кириллович,2024,платное,7.703697321564794,324.5653588671717,Физика,"г. Новополоцк, ул. Кирова, д. 41",+375297422144,86.89226461255785,81.67245147429242,59.57673181594156,80.464893662563,69.9380405009792,47.65716147722351,44.411697540138505,72.26972316680792,78.96366956467351
Васильев Наталья Юрьевна,2024,бюджет,7.805677364856251,300.39240083562976,Юриспруденция,"г. Брест, ул. Мира, д. 18",+375294157922,47.30253295696639,69.11921350508631,48.667516752990764,58.47020018109483,89.4694414638698,68.39165764189855,36.40516114390709,64.4745280812989,74.91448240031434
Григорьев Анна Кирилловна,2024,бюджет,7.441404196879557,287.1192294542209,Лингвистика,"г. Гродно, ул. Победы, д. 86",+375293106365,58.066839319668695,52.36359292032646,67.28039861329785,47.26342723514665,78.05665568642596,49.031181467805645,66.02340614724946,68.62512565174988,54.36888830274057
Кузнецов Алексей Михайлович,2024,бюджет,7.972770271037283,285.1489108445579,Математика,"г. Лида, ул. Советская, д. 11",+375293302174,77.35455795111115,38.11634708571556,47.88524163379853,54.126450339659414,82.57593057912496,43.79996087426802,62.441949271498686,89.95030309735837,40.30547205079091
Егоров Юлия Романовна,2024,платное,7.9739495643879685,343.10398923296134,Юриспруденция,"г. Брест, ул. Мира, д. 66",+375298115631,47.965922490982194,52.43049386566148,47.95333749070028,49.022140373761715,100.0,83.44455872071666,76.52606792679313,79.91993486836496,35.90614817397063
Лебедев Валерия Викторовна,2024,платное,5.305912942989645,281.9871389615504,Лингвистика,"г. Брест, ул. Мира, д. 78",+375291124654,76.0939442176102,47.19900788941333,74.4799000074169,70.56504314781118,93.5204004481367,53.73325481229572,64.02389017724273,71.38371890627454,81.53356489745435
Зайцев Михаил Никитич,2024,бюджет,6.2291554535854825,261.1593828521128,Психология,"г. Пинск, ул. Мира, д. 70",+375297156735,54.31624284568968,61.3409291839742,53.36116060838766,75.07727893175685,74.17967656853799,69.47430653881148,31.90491253604069,90.66722335799916,45.04157568841836
Козлов Светлана Ивановна,2024,целевое,6.492566930378811,304.71585060012967,Информатика,"г. Витебск, ул. Гагарина, д. 62",+375292343236,86.03720013722597,71.15510878958482,59.04915221947784,67.24185186090477,76.25374654664994,54.998089602273424,82.79928008871448,27.963002268977917,82.59787236953078
Романов Мария Владимировна,2024,платное,7.450488416819928,309.8078708863638,Математика,"г. Молодечно, ул. Гагарина, д. 11",+375299780469,88.72271316607991,76.42044478830545,49.90642001985898,69.94261639532449,73.39782520810877,69.62841184287957,44.554556405504094,70.15982876377915,59.93890744317847
Макаров Елена Юрьевна,2024,бюджет,6.449022210424448,286.6629955365656,Психология,"г. Могилев, ул. Кирова, д. 82",+375296242875,82.49745475438348,29.776481512400878,65.01490581830255,72.1001864556336,47.42249075424071,67.575132222304,56.78193503223055,5.9837234331072295,49.48065643812675
Николаев Юрий Александрович,2024,бюджет,7.264688147187675,327.42019384115054,Психология,"г. Полоцк, ул. Мира, д. 66",+375298872413,80.32783209322625,47.91709976234219,56.77329299744265,90.42276627661302,74.91527279723135,84.02271399943453,52.501913543837226,68.14548418934478,56.49153299319609
Лебедев Виктория Дмитриевна,2024,платное,8.520863273352777,327.26018956758685,Психология,"г. Орша, ул. Советская, д. 5",+375296101462,79.0968534374655,51.04509617368601,82.39504656664805,73.39869860402062,69.27540849389497,89.55600479257298,75.47480661862762,38.86621345964213,66.67343842514826
Орлов Елена Вадимовна,2024,бюджет,6.446859171764514,305.3358437300257,Психология,"г. Гомель, ул. Кирова, д. 38",+375291457985,83.91863022160749,43.30057748828053,50.14447144474014,84.94558235741621,48.57359443976031,72.00303943335686,83.63813714252954,59.283011244228156,49.09838793249236
Степанов Владимир Андреевич,2024,бюджет,6.017156373540709,289.357702742195,Биология,"г. Пинск, ул. Победы, д. 17",+375295713926,78.32719329585188,40.00277987284187,72.52664036103582,78.33230534990022,79.48724730821502,70.01322120554994,49.28902323026732,77.6762897634558,55.50727443678784
Соловьев Александр Артемович,2024,платное,7.699791752538149,302.0551230766739,Биология,"г. Брест, ул. Гагарина, д. 95",+375293535634,73.27958640734528,81.57253801718554,76.65240050064925,75.12521864329787,84.5581746705428,38.52967729418359,40.71601328920842,35.762302935497516,65.58972279720082
Морозов Иван Викторович,2024,бюджет,8.238196781134297,318.78570861812875,Медицина,"г. Полоцк, ул. Советская, д. 68",+375291555166,90.42736367279775,63.652126157051555,70.95842840520697,75.01794872878106,61.76561127691437,34.923580900077496,100.0,67.79806527152867,63.150124620338836
Андреев Дмитрий Борисович,2024,целевое,9.170305065215903,318.63177983036087,Экономика,"г. Полоцк, ул. Фрунзе, д. 53",+375297428475,82.09410980586605,57.89169771746352,50.53138295638949,68.99176029482555,65.78566260797179,66.90109900910592,81.28553417050895,77.93352036322983,70.94729043401446
Васильев Евгений Павлович,2024,платное,5.942275315575411,285.4933029144631,Химия,"г. Солигорск, ул. Ленина, д. 83",+375295435820,75.21888821164835,64.75428010476173,83.10027238506116,67.75138916199948,60.81077494269002,61.883228799767224,45.659121724749085,94.76455183010818,38.89059834761396
Семенов Екатерина Михайловна,2024,бюджет,8.899834003465203,341.21150283824426,Физика,"г. Орша, ул. Мира, д. 96",+375299934217,88.14226575703579,82.13266250796542,44.61052773778833,69.10933522652539,82.01775667495964,59.546054136045214,98.98234350111873,34.139072836979466,81.93823453859102
Козлов Валерия Владимировна,2024,бюджет,6.3719808814514955,299.1702847213285,Химия,"г. Гродно, ул. Гагарина, д. 56",+375291199028,83.91343901605246,56.934664100315274,72.0955851798885,79.44145171087257,72.23631729978104,69.03710154423545,75.60086836190084,44.71695064399897,56.58343531314548
Семенов Дарья Юрьевна,2024,целевое,8.853345632533975,335.7521677717306,Биология,"г. Мозырь, ул. Гагарина, д. 88",+375291688161,71.13887223913858,75.22831337721458,76.07983920725229,100.0,62.90109550784575,60.895378208696044,61.59274379160325,50.43286960710096,59.132450814336096
Романов Анастасия Кирилловна,2024,целевое,5.299553078844679,272.6437403652406,Физика,"г. Пинск, ул. Победы, д. 35",+375295480989,76.13970668127773,67.06540270116528,46.12373069282047,53.24697162501235,61.107951516163205,77.90379803214392,39.89267037950345,55.202605831668656,76.44310019435079
Семенов Татьяна Максимовна,2024,бюджет,5.192673873525196,278.18443567564356,Физика,"г. Борисов, ул. Кирова, д. 87",+375294270310,66.66401717033594,68.20111460263814,48.06044439224252,62.87834317532471,57.59160585747304,51.67070846098446,66.41943939828953,85.84612076469375,91.39256516741753
Алексеев Иван Олегович,2024,бюджет,7.781111117348119,289.23380442061216,Лингвистика,"г. Минск, ул. Кирова, д. 2",+375292140044,68.65608275752709,57.32965064904242,62.327330142980344,54.02575449686177,76.17588629887203,62.27111094108028,69.21048242651077,66.03632452174818,53.26956476070774
Смирнов Мария Юрьевна,2024,бюджет,6.120351032523113,302.63820585383917,Информатика,"г. Молодечно, ул. Победы, д. 29",+375295752935,80.98996341684264,83.53348977340147,52.587149653996306,64.25766850954105,74.43753887929948,77.48392342716193,59.11750718802717,56.68602412590581,76.91124233836392
Андреев Алексей Андреевич,2024,бюджет,7.065931396687936,297.44001410732244,Биология,"г. Гомель, ул. Гагарина, д. 85",+375294637715,73.06390488964492,71.16879597709695,81.41947129443702,72.29732395636111,63.2657730163075,47.63024489563969,70.55238222337537,58.8326784579529,55.86072822455793
Сидоров Виктор Романович,2024,платное,7.1080229241736665,306.15056012739007,Психология,"г. Гродно, ул. Мира, д. 85",+375294099902,74.37106133100141,53.28183532602063,69.87214554003845,71.04716451983819,83.89446144041072,89.65210503481381,46.62684765218243,61.04556404143921,50.240150679957075
Волков Никита Максимович,2024,платное,8.153498880952354,294.9832482216417,Физика,"г. Могилев, ул. Кирова, д. 59",+375295636946,95.02427467644797,71.924285828842,65.40339055616143,68.11981941012418,44.99055941275139,47.17356788386193,41.909664428878216,46.710438991533344,46.49969890682818
Морозов Сергей Вадимович,2024,платное,8.37009725333701,302.03895675473973,Юриспруденция,"г. Могилев, ул. Победы, д. 100",+375292046686,90.81290761884105,62.217311085547905,38.75596710989089,50.35835425650078,70.41123154975003,64.82415222786625,72.90273957592734,83.10260044375335,42.668223092735104
Морозов Артем Владимирович,2024,бюджет,7.978852968775831,329.51718955144884,Юриспруденция,"г. Брест, ул. Мира, д. 9",+375299249722,82.90218995365898,88.5383730784434,100.0,46.47011025835204,100.0,71.45793611491212,51.11301816929229,78.27072374877845,51.269079988604815
Макаров Иван Михайлович,2024,платное,7.178233032909884,295.8667678810311,Химия,"г. Витебск, ул. Советская, д. 70",+375298235234,61.799228122626985,56.41871096904848,87.8558223436168,74.42938708568845,62.12393680109824,67.12887907075967,77.5599244397649,35.171629317158505,68.76786077756152
Павлов Василий Владимирович,2024,платное,6.917185506509943,273.7699230896685,Химия,"г. Витебск, ул. Ленина, д. 10",+375292181322,76.66637895311838,75.89925254643565,63.058133485881555,64.87355558556911,30.968550604292908,51.76261587354335,79.95648516568224,58.191192172897956,39.89812656517822
Иванов Дарья Михайловна,2024,платное,8.439791865332413,282.0693654470542,Психология,"г. Гродно, ул. Кирова, д. 82",+375291014556,60.12138296509377,43.122208474032576,65.8322836539557,63.26126673693971,76.68951457804953,74.28879709169664,61.28392055916788,55.82440548588159,71.59271757815584
Кузнецов Олег Евгеньевич,2024,платное,8.061228124630663,307.71959784728693,Информатика,"г. Новополоцк, ул. Гагарина, д. 1",+375299646691,78.35054351912171,80.64789105907649,56.818654951193615,68.13304510363572,54.9318333678929,60.03347433243603,55.880343759505536,53.14172191021206,68.1088820227821
Романов Вероника Андреевна,2024,бюджет,5.718474249696417,295.6171787797132,Медицина,"г. Речица, ул. Советская, д. 1",+375297449562,88.10605912813463,77.56652957504339,62.43434664054565,87.89203051406874,55.22762247573107,69.01099522718387,46.406770019291834,62.12969870811008,64.7058477434536
Лебедев Наталья Евгеньевна,2024,бюджет,7.158449394895586,314.5223674638616,Медицина,"г. Орша, ул. Мира, д. 8",+375292521139,81.08267166344189,80.18902511757473,73.25352054318373,88.60168130828013,57.15459759821389,72.74376796569926,26.721450510733504,96.28166668970195,82.43187367864435
Сидоров Юрий Максимович,2024,платное,7.510629244402675,279.02711751563004,Экономика,"г. Орша, ул. Кирова, д. 26",+375293963163,55.279109733561825,64.32042552458233,38.34111679389365,66.67280306336232,66.17348578746423,65.58596830997975,76.81450535421567,83.05574702806173,74.63735005932845
Захаров Валерия Васильевна,2024,бюджет,7.043452915000379,330.1336530659879,Лингвистика,"г. Орша, ул. Кирова, д. 50",+375292791270,38.767138996294406,74.66808408316706,55.944429012963134,39.153297852109965,88.52039365974326,91.49111280753763,74.58751871020797,96.59121154603292,61.36972092917024
Соловьев Дарья Васильевна,2024,бюджет,8.859365636609768,298.8856357356057,Экономика,"г. Гродно, ул. Ленина, д. 25",+375291425547,68.69541545814522,84.55623611989114,48.29784177918342,71.0290396496248,51.612542474111876,70.39693237425637,75.4537454095435,71.19963153710647,53.928069308695605
Сидоров Валерия Олеговна,2024,бюджет,5.441150017634245,293.48868873483946,Психология,"г. Орша, ул. Мира, д. 69",+375298538125,90.97397293221623,69.6703470492635,50.17845336564076,69.8939150070242,61.19872895610056,78.20930061925658,45.182011347903426,70.84556909369796,61.282699944593986
Алексеев Артем Алексеевич,2024,бюджет,8.196681224442738,295.88384307863885,Информатика,"г. Новополоцк, ул. Ленина, д. 28",+375299776491,65.7107351753927,69.95871326348336,58.90713466738417,88.33918193255994,63.572569592094425,47.38842165152062,63.309462064607445,54.71868378819178,78.24758239533541
Кузнецов Наталья Павловна,2024,целевое,9.993333102238132,362.49546939598093,Медицина,"г. Борисов, ул. Ленина, д. 5",+375293375493,87.09230647223939,59.63570256494961,91.38960527599833,84.08022662536192,49.38840682781718,93.14783498622697,64.90491769905147,47.47313244041647,84.79369576845633
Андреев Елена Алексеевна,2025,платное,8.737103206040288,317.4643471238477,Медицина,"г. Борисов, ул. Кирова, д. 84",+375293190059,74.6697473628044,52.445246094366055,73.27625042546337,82.147317275177,79.16784982545771,68.55730996295361,61.52584812707655,82.47017655456642,55.30745290422717
Волков Артем Артемович,2025,бюджет,8.673417077585198,334.37370803089925,Информатика,"г. Молодечно, ул. Гагарина, д. 22",+375292073030,72.11937201648722,79.31022958010894,58.29656152814323,59.16221726020784,54.339202238066854,80.17281046771042,49.00610942837197,48.896516211769374,96.20993565845109
Яковлев Юлия Романовна,2025,бюджет,7.599494223806448,255.24000527020485,Физика,"г. Борисов, ул. Ленина, д. 26",+375298150641,51.14886301306964,69.34741260789596,32.82015993656918,45.73963959877118,12.922280006489402,57.94515633459086,42.87087271258032,60.898578851946574,58.74878741117475
Алексеев Вероника Артемовна,2025,платное,10.0,326.66905487576304,Экономика,"г. Речица, ул. Советская, д. 42",+375294577436,70.85083721879673,82.52929447782893,81.17035292618438,71.78018404515424,55.10079329008181,94.85380395260293,36.70447083240269,60.96441370436337,58.74325350166403
Сидоров Юрий Артемович,2025,платное,7.600647002113121,284.21940601628785,Информатика,"г. Пинск, ул. Советская, д. 97",+375297965133,72.97661093129912,73.16754756790718,38.37134465832286,74.18894377905568,74.2976438149403,71.83612802099864,50.56168990728956,49.39939847440492,62.0687774959503
Попов Ольга Максимовна,2025,платное,6.310167550674441,262.64187685635534,Математика,"г. Борисов, ул. Гагарина, д. 6",+375293237592,64.19592670721498,63.22583494750711,53.644639246339864,52.66265737223676,51.93032206767067,66.99666895260393,61.18571703225419,72.11843969488882,62.74519392467223
Борисов Валерия Вадимовна,2025,платное,7.065001196541518,298.55215701864665,Физика,"г. Минск, ул. Мира, д. 11",+375291106528,76.05278623909678,76.50602492844634,37.45429710963779,74.93540631555543,46.77849442159507,61.354646988096526,77.46617610802906,73.88515136570804,75.34333388568835
Зайцев Вадим Сергеевич,2025,бюджет,9.101075033007229,335.8233701287178,Информатика,"г. Орша, ул. Мира, д. 89",+375298986164,84.47511908575567,81.7469497780862,50.72452469933805,48.076595294974645,28.914672274560026,62.31047762525381,58.759533824724016,77.04287061963814,78.59055093480367
Степанов Олег Максимович,2025,бюджет,6.874837738522685,295.4848635563238,Математика,"г. Лида, ул. Советская, д. 23",+375291631179,68.02635772083829,86.38150330967619,52.06625431343017,71.66394092688408,38.1186241120396,63.52702949049283,30.22968087831135,72.32862514058246,66.6053099081687
Андреев Ирина Андреевна,2025,бюджет,7.699782327092576,311.59774051305936,Психология,"г. Орша, ул. Победы, д. 54",+375291076672,64.49562371244033,72.691777039439,58.44805815229615,70.10429352969328,60.62843881731415,100.0,77.30254274672316,77.4386050228176,66.53319478488547
Степанов Виктор Артемович,2025,бюджет,7.99774135449509,301.207676994311,Лингвистика,"г. Солигорск, ул. Фрунзе, д. 98",+375299515120,24.05876567504376,49.81529480305302,52.79138380196288,31.876619039287004,63.42584209784566,30.287452936160488,74.61676164302628,83.18765970848816,76.60161777936493
Морозов Кирилл Алексеевич,2025,бюджет,7.512654854089231,260.23407236234664,Химия,"г. Барановичи, ул. Ленина, д. 20",+375298959326,65.36603658801431,31.01902262220061,57.43131300598498,62.310174227455015,46.66710452946488,57.6037725301262,44.787536728095475,65.08463840502392,56.515897458007906
Петров Андрей Сергеевич,2025,бюджет,7.837454019100878,318.82435921588376,Медицина,"г. Солигорск, ул. Победы, д. 27",+375298292580,86.40250552671205,42.296523986994444,79.18704578292369,74.86026771523926,54.99770578545457,73.2788448129894,73.18521231835511,45.80263806017358,57.26759124213114
Петров Екатерина Артемовна,2025,бюджет,7.915575252269864,322.5632176251357,Биология,"г. Гомель, ул. Гагарина, д. 23",+375293651565,72.26993251977416,68.77531998431698,77.81192017910276,93.32561240356013,37.04581296105319,58.16346015378904,46.37246232731714,69.06161183158567,35.74242164931683
Сидоров Виктор Викторович,2025,бюджет,6.829440513525191,282.2898580087841,Информатика,"г. Молодечно, ул. Гагарина, д. 75",+375296468907,68.69951568651659,67.65838133878987,38.30252694688969,53.023860806984906,76.26750795436388,59.62216974705781,69.41520626811712,84.96962732949413,77.63755584822576
Федоров Сергей Артемович,2025,бюджет,6.5856705142379,285.8996350106621,Юриспруденция,"г. Мозырь, ул. Советская, д. 13",+375294978185,67.00878322774184,51.83555780528562,52.43365975054246,37.20160800571523,84.26257491084392,71.1399742435056,62.73147368723793,64.64038071393361,66.53921444573209
Федоров Валерия Андреевна,2025,платное,7.3636894059576425,313.1823319813922,Юриспруденция,"г. Полоцк, ул. Гагарина, д. 63",+375291911663,57.87436917447263,73.16739046858689,71.86138968348794,59.669548912245894,57.31868967293282,100.0,86.18788455409704,82.22674824888298,48.70194327613544
Попов Екатерина Игоревна,2025,бюджет,7.1968501574368355,318.756147643682,Юриспруденция,"г. Солигорск, ул. Советская, д. 59",+375294257379,51.84869355335225,78.95783908644583,63.937543362777504,48.237542124602506,70.29244900875219,86.21188142569905,84.00146770230717,90.28331563486246,71.35548097580966
Алексеев Игорь Борисович,2025,целевое,8.635892404288064,272.00332731041635,Экономика,"г. Гомель, ул. Кирова, д. 73",+375292000789,42.584861746708796,64.45740035712332,59.972568617338496,62.09973144482031,60.80846020549809,61.73737838050843,68.36112835276778,81.32216314031851,70.23508173089489
Павлов Екатерина Кирилловна,2025,бюджет,7.59557949913671,307.1991916339562,Биология,"г. Брест, ул. Фрунзе, д. 44",+375294688530,81.04051644921623,53.849558826916336,74.2916315208391,75.91124867253377,61.615491736599274,74.97326483957595,69.65503129533737,91.1601515935493,93.09703469827008
Орлов Евгений Олегович,2025,платное,7.9117902650369,252.3327445575947,Биология,"г. Борисов, ул. Ленина, д. 53",+375299753827,36.6334445154063,78.55248699190899,69.59623661012945,66.98516078168993,54.0233208751595,53.300354297780906,69.18404715158088,36.60846331310662,43.83418881312598
Орлов Кирилл Михайлович,2025,платное,5.900785870769756,272.58427972983526,Медицина,"г. Молодечно, ул. Победы, д. 2",+375298182500,81.22944030413308,69.62312467404018,67.12963721066701,65.2173435073376,52.400477493181214,63.59809128427088,82.28216053908824,29.288442213438746,56.6890686456245
Орлов Галина Викторовна,2025,бюджет,8.38215853566491,302.2397394875802,Химия,"г. Гродно, ул. Гагарина, д. 1",+375298009048,58.477573226465104,74.50434968017225,80.44624574499339,79.49433515947263,73.81538759596489,52.80421654850796,53.51043725499708,92.78595925083862,56.301434186106384
Соловьев Елена Никитична,2025,бюджет,6.342128039776339,286.16123540783553,Информатика,"г. Гомель, ул. Мира, д. 68",+375297615594,75.06381540963315,56.51741469921585,29.330564942980978,51.31523670090143,75.84151877504983,71.82437484954005,73.71115746336051,45.19430731595527,91.15872490122314
Павлов Василий Михайлович,2025,платное,8.31180897172797,321.89351688378963,Медицина,"г. Борисов, ул. Ленина, д. 72",+375291208423,77.12824398669969,59.84471565138395,73.26126179685414,88.38592138295607,49.42334219751059,39.75592116432108,60.29993229309629,54.0025989857021,100.0
Лебедев Владимир Дмитриевич,2025,целевое,7.822574827694585,320.93940082694866,Юриспруденция,"г. Борисов, ул. Кирова, д. 12",+375291267263,53.859891371720636,44.1583264621937,31.79567384146823,44.621713713938504,76.14941771759132,89.27328651594769,76.82533713581878,77.2909483164638,55.15248501446273
Зайцев Евгений Максимович,2025,платное,8.451253221280398,301.5708718427402,Медицина,"г. Минск, ул. Мира, д. 60",+375293325723,69.81362002515424,85.77545993645813,73.1080981872492,74.13662141753274,26.762663624689978,57.06847730215854,72.54726206947412,43.98416134442182,48.739194982607806
Макаров Анна Максимовна,2025,бюджет,8.86274470258977,313.9840979735269,Юриспруденция,"г. Минск, ул. Фрунзе, д. 81",+375292186125,37.8501416472292,75.86701511312877,52.01784164740347,54.171476692631956,63.76121594874406,78.78046260427884,96.89807977544069,82.81497239460631,47.03572107089197
Степанов Юрий Алексеевич,2025,платное,5.212516055892744,266.29065698065256,Юриспруденция,"г. Орша, ул. Мира, д. 97",+375295526314,55.24980681098626,80.6172747214134,72.10014603246545,15.852876517924003,64.95920367044972,84.4438522283539,62.27485908217526,64.7624405229215,50.49615726759281
Яковлев Кирилл Юрьевич,2025,платное,8.739189019946414,343.6871207696113,Психология,"г. Могилев, ул. Гагарина, д. 43",+375291919587,74.11626712473604,93.16034589023647,72.07400086098488,96.90417001188423,73.2359563468497,85.27479343352692,89.61118031617536,65.6589488901334,57.1915901773968
Петров Анна Артемовна,2025,целевое,7.181922003733705,310.0085933754109,Лингвистика,"г. Новополоцк, ул. Победы, д. 60",+375291685757,81.80760355682827,52.800530359316866,49.17646376489956,62.082840486463205,83.31498866931662,71.97136572992342,60.75832399812401,94.11606067063322,50.382526059047244
Зайцев Ольга Андреевна,2025,бюджет,6.908498070060897,301.155862021665,Экономика,"г. Речица, ул. Кирова, д. 100",+375294434507,65.9734564001218,100.0,63.63106005431951,47.235373789776524,72.95885324943669,82.69135779310034,57.184094646301745,83.40606712783384,47.62062058753703
Николаев Михаил Артемович,2025,целевое,7.350094085611722,262.72516044258185,Математика,"г. Полоцк, ул. Кирова, д. 97",+375294519758,54.89783345433937,61.76048915780437,87.11446208506028,84.62142941583471,60.98682972973444,84.94397170784757,57.59888270087543,72.56589697432092,60.847659726983345
Степанов Олег Юрьевич,2025,бюджет,7.2944924342100785,304.419135290399,Химия,"г. Лида, ул. Победы, д. 7",+375292063158,72.8480367643982,77.15097160724329,76.50135653956202,82.12481764433805,75.47070787915996,65.822786934821,45.44593011137642,39.70701166553942,62.231709522109576
Степанов Ирина Никитична,2025,бюджет,9.040925634214677,322.76761766384357,Экономика,"г. Витебск, ул. Мира, д. 91",+375299923876,75.87391428920122,59.75918941127121,98.75360490249851,40.04660616537993,30.15080595268313,78.32376833519609,54.35366168117707,78.16067869729952,68.75824533426001
Андреев Дарья Ивановна,2025,платное,6.788756612451472,305.3498181391092,Лингвистика,"г. Могилев, ул. Советская, д. 59",+375292464797,37.39161269424092,51.64923153214256,66.43141888321146,71.5569539353084,96.93449550288386,74.33555956670801,74.43211404113723,66.09564247057338,51.53565220921471
Волков Иван Андреевич,2025,бюджет,7.783251676589244,328.21913485297694,Физика,"г. Витебск, ул. Советская, д. 36",+375292879460,81.55233628513761,77.5699744558583,40.145256437367316,53.4614779636435,73.16321330177131,65.27493532461088,68.52966924019155,65.74382565085895,91.2643073460886
Степанов Кирилл Сергеевич,2025,бюджет,7.776854098889955,280.468104212297,Математика,"г. Минск, ул. Победы, д. 54",+375293215051,71.13977202129303,65.8424495886644,63.74414187314568,23.38943977837374,57.23566497250932,56.91240210117984,39.532937195740786,65.71734161344004,72.14486295222362
Соловьев Дарья Сергеевна,2025,бюджет,5.995917938045977,299.3319642256054,Медицина,"г. Минск, ул. Победы, д. 25",+375292056117,76.01788333707327,64.59521300898034,75.92627587948924,87.42862562858315,61.85143772555473,38.12680329271875,84.45194947311616,65.55510400993269,51.16119403807399
Григорьев Максим Никитич,2025,платное,7.454775455109314,309.0987471876789,Информатика,"г. Мозырь, ул. Мира, д. 75",+375296751103,78.95914220958045,73.82827995025625,83.61220179048613,54.81139078999758,47.439288154763,73.43694327353893,73.87922839075247,62.52977051415293,81.76357047674908
Григорьев Мария Олеговна,2025,бюджет,7.450898957765917,261.13949591092916,Экономика,"г. Молодечно, ул. Мира, д. 39",+375293213824,77.33865101009248,77.47486323845885,69.37977501032255,57.46088342501063,80.28543818889226,51.35144627208488,90.78109967132903,57.940409051092644,50.59360762841556
Федоров Никита Михайлович,2025,бюджет,6.887923259884701,284.4437278802937,Биология,"г. Солигорск, ул. Победы, д. 99",+375291793880,73.53519329271839,75.09616560039832,64.42163381389766,77.60766817483064,51.32681852670369,64.42711469006125,59.02841610303185,61.39403479024467,51.75112751303482
Попов Екатерина Романовна,2025,бюджет,6.860395101808399,296.85585908220725,Математика,"г. Брест, ул. Кирова, д. 69",+375295785643,77.87272514027427,84.43715505756045,51.02580998703228,46.96848683140635,69.20190248507755,59.51244160413466,72.45747200978929,65.94202786628853,33.30841611864854
Попов Дмитрий Викторович,2025,целевое,8.112720828492376,299.6253491155925,Математика,"г. Витебск, ул. Ленина, д. 41",+375293121873,67.33647390734984,74.212115999197,50.447321785944155,71.11525427004673,55.677746063662255,62.25711748160852,62.36451837661416,76.94955092412188,59.638063343175396
Васильев Иван Олегович,2025,бюджет,7.898846799868782,280.5510514477576,Медицина,"г. Гомель, ул. Кирова, д. 41",+375296768795,67.04344866174192,80.99126889980825,72.63462616631465,61.88450862101318,62.8211003548766,47.232292763287724,69.98001801763313,93.14408364063567,48.20141862663225
Попов Наталья Олеговна,2025,бюджет,9.407427643324635,306.2921249871986,Математика,"г. Орша, ул. Ленина, д. 4",+375297787429,57.44494411295372,79.53905229441347,46.714293003004656,50.62748072348276,43.480702652402584,70.98226839082103,75.10956536209893,75.23385214658508,47.033599419964204
Алексеев Екатерина Борисовна,2025,платное,6.820875442929113,279.2407965149001,Медицина,"г. Минск, ул. Кирова, д. 70",+375299512910,67.49589872245343,27.569515501088418,79.58389009957068,63.952253263584836,74.82913190248762,54.28293454989872,69.05569860816294,81.02250519828237,41.86711703068917
Козлов Павел Дмитриевич,2025,платное,5.882748923628716,261.7831170429296,Экономика,"г. Гродно, ул. Фрунзе, д. 73",+375298417300,74.24328927342937,83.06326978551516,50.124259230893315,51.08244456076489,67.17210863333713,69.22771274289428,62.28788824346425,59.48462579031873,93.21494913834894
Петров Елена Борисовна,2025,платное,6.63181605309624,285.826064831901,Экономика,"г. Речица, ул. Ленина, д. 40",+375291416001,71.78247296009792,59.51278446236858,88.69032201535194,40.1273132860089,89.75556203218127,82.57176821102023,66.2564298663487,65.15366312982044,68.5671186305711
Павлов Максим Иванович,2025,платное,8.777004842809253,322.3981189619117,Юриспруденция,"г. Могилев, ул. Победы, д. 8",+375294274069,78.99991879797619,45.434069563384,58.30262258315874,51.67090367980243,65.12477037573005,82.41319816907914,68.03188121114451,87.09010198900997,33.30187337687749
Васильев Олег Александрович,2025,платное,8.212247318751828,326.4345360428521,Психология,"г. Могилев, ул. Гагарина, д. 58",+375292465941,100.0,53.2253836623458,88.42722918163454,72.36838727940173,39.413853936580395,71.94367557593205,75.72305951512914,47.42735276502703,50.9949201149027
Алексеев Ирина Романовна,2025,бюджет,8.854616985059268,312.83376416057183,Лингвистика,"г. Жлобин, ул. Ленина, д. 86",+375297057663,60.045901751078596,68.76934428730111,63.56744311137504,67.1943797932736,70.67698814190459,63.475964130455885,65.72626994304066,87.88433622503389,50.48587924774029
Лебедев Галина Игоревна,2025,бюджет,6.965091048243782,268.7688568087491,Юриспруденция,"г. Солигорск, ул. Ленина, д. 37",+375296786800,56.49589558525702,63.02998516135982,52.57553173663949,44.760068532479565,57.552396123946984,64.4467584140754,55.14136720176117,77.11879178828885,75.15568969924895
Романов Дарья Олеговна,2025,бюджет,8.275355611229006,323.0095137481841,Экономика,"г. Могилев, ул. Советская, д. 94",+375298452780,66.18039235732826,38.359278209959314,67.20095426856156,80.74791772994016,78.99495401934433,82.09932748147237,69.57814975901398,91.9762377970934,64.98122192125216
Попов Павел Кириллович,2025,платное,7.125988937081719,327.9190360846406,Юриспруденция,"г. Лида, ул. Советская, д. 76",+375292444148,55.188242072220014,39.56934943717864,49.74226649250636,59.86261442198017,75.60785372501303,94.26285854855394,61.21915751386603,86.78843444025644,53.47384137635526
Романов Елена Никитична,2025,бюджет,8.895601163646365,314.72562377333304,Математика,"г. Мозырь, ул. Ленина, д. 76",+375297304414,61.70992362776552,67.57671987123427,67.9047208704563,60.113402705912,74.14407929845851,62.718809225175754,54.71319402543387,96.48296863786959,58.591446469304294
Егоров Олег Вадимович,2025,бюджет,5.433291679250978,286.8752082731911,Физика,"г. Речица, ул. Мира, д. 91",+375293297254,70.98790793455322,82.09599479383567,73.9202348872753,63.12737955863371,24.68275615955097,60.27378691284169,78.45690071639963,67.91221249541596,79.45838875229246
Волков Валерия Олеговна,2025,бюджет,8.017211630556092,314.21806616800825,Химия,"г. Полоцк, ул. Ленина, д. 39",+375296098837,67.7954492932494,66.17036446727158,79.10383276786892,87.14666780132903,57.826998672808585,66.08736130010722,60.24561362896941,45.19585895247665,26.16313003357879
Федоров Екатерина Александровна,2025,платное,7.2487492640257045,289.33262930331387,Медицина,"г. Минск, ул. Советская, д. 34",+375296036006,76.73947208412811,50.727374368497465,58.80826943484135,81.29739514408737,56.01119888706672,68.35312083552219,87.96072795617638,27.878536795204425,49.50598786946454
Егоров Павел Вадимович,2025,бюджет,7.914497017972624,339.41040119366164,Медицина,"г. Полоцк, ул. Кирова, д. 83",+375295106228,89.5482617414665,35.453954711902725,94.35861025680605,76.3585590156629,58.559990073992125,57.0291035517164,53.45605451729957,75.72175138903732,43.97218868876342
Козлов Олег Андреевич,2025,бюджет,6.577480307953776,254.2220801523763,Информатика,"г. Солигорск, ул. Гагарина, д. 62",+375298316015,71.15818334293024,67.37866551485902,98.78962763525843,66.2857610213019,69.19898316991716,77.06665171002993,38.67975082022179,86.28437863683047,49.910428215049244
Зайцев Елена Артемовна,2025,платное,9.40139325018847,314.94265102452664,Биология,"г. Солигорск, ул. Гагарина, д. 94",+375291294357,70.409683268211,68.72585047455759,77.18718266141488,73.33185259301607,59.82003983058414,45.329654647161476,37.5415140827374,70.8976743350409,70.40559168804278
Кузнецов Артем Евгеньевич,2025,бюджет,6.678671517496581,292.95422677510123,Биология,"г. Молодечно, ул. Кирова, д. 18",+375296995933,67.09982903184792,70.39222815451384,72.16293271635269,86.90474985193482,75.32944165017213,63.16814098836685,54.9070476500102,74.41398267912392,69.70356784884848
Егоров Анна Сергеевна,2025,бюджет,6.760714541596411,265.08747062677355,Математика,"г. Солигорск, ул. Ленина, д. 38",+375295893311,61.72201326520569,72.11467099318203,82.73120723022313,77.19730738099557,43.31508795494129,42.48363876150118,79.12025774519229,63.643640952421705,67.63942985463012
Степанов Борис Васильевич,2025,платное,6.149762606714733,264.78478167475987,Лингвистика,"г. Брест, ул. Фрунзе, д. 13",+375293804075,84.25567386782524,48.44362801293182,77.15042295308743,62.77287981090547,77.52194854234287,30.445371279728985,52.97086646794281,72.79434059732687,63.703590951249176
Григорьев Сергей Юрьевич,2025,бюджет,7.651575017504399,322.23719427387175,Лингвистика,"г. Орша, ул. Победы, д. 88",+375297082121,43.66959884285487,68.422089447392,68.44281720685696,57.933884094181096,82.80201721186074,42.3869655641978,71.44065082913029,91.47877605783674,61.02483194909726
Григорьев Анастасия Борисовна,2025,платное,8.458280007732709,322.4985084389931,Физика,"г. Минск, ул. Советская, д. 67",+375295721406,98.0594658596774,61.006578341512295,71.94645549963165,84.9597941971215,55.12713110252181,72.89446180282269,45.269707541836425,49.699014066489724,78.84966416047634
Алексеев Виктория Вадимовна,2025,платное,5.574353988242626,305.43059719319064,Экономика,"г. Витебск, ул. Советская, д. 20",+375299445363,86.20936512406246,83.54442880409239,58.98830162167227,77.90417632758883,54.86542734826276,84.02091311588268,63.11233196778273,79.45677907081924,66.35261811033057
Андреев Ольга Никитична,2025,платное,7.676492192935169,281.9630235763299,Химия,"г. Речица, ул. Кирова, д. 71",+375292912044,63.75878141139226,61.53812159726284,58.127209203588315,83.31211103199756,73.07333949432213,64.90755829316686,43.18298980863116,80.70208408302773,90.55815959577536
Смирнов Борис Борисович,2025,бюджет,6.083447417721501,280.54529543973325,Юриспруденция,"г. Минск, ул. Мира, д. 45",+375296227335,67.65803067676855,63.026079821940655,67.95553783498198,58.20661865060406,74.65435760156197,84.05717600497366,95.1843624284466,60.99928765598261,58.4428127339555
Андреев Дарья Никитична,2025,бюджет,6.45096087598302,316.1572456589586,Экономика,"г. Мозырь, ул. Советская, д. 91",+375296111753,90.92024898576084,51.18393046020152,38.351988093213095,69.5728049827286,86.16466672114666,81.63597868560763,63.07196815922876,79.09140922775994,81.22260994238331
Федоров Виктор Борисович,2025,платное,6.539291589182273,289.98078119315016,Информатика,"г. Гродно, ул. Кирова, д. 30",+375296157791,73.88152895913687,70.47309851490466,42.48202039062434,55.07437110874796,76.61581643973673,68.49903222589089,69.66465750162301,62.19713417479977,80.23323782728589
Егоров Вадим Артемович,2025,бюджет,7.220149802152327,305.09431426126173,Математика,"г. Могилев, ул. Ленина, д. 100",+375299124448,71.9049011407277,76.92004236968677,64.16273788322836,64.8028178238281,57.92497076975433,54.338648983045054,100.0,84.067872729324,66.19721213928933
Петров Василий Юрьевич,2025,бюджет,5.721123855605077,257.75578724139586,Юриспруденция,"г. Жлобин, ул. Гагарина, д. 8",+375298869895,53.23171759584185,58.037991094095666,64.39243265380026,31.79346683905378,59.30610404625316,68.63117611061043,63.10709155167853,72.60726852848148,82.17181839149227
Сидоров Андрей Дмитриевич,2025,целевое,7.127523835492837,284.41677102397296,Физика,"г. Минск, ул. Фрунзе, д. 13",+375293076911,67.4865453039663,90.20091740991101,61.9667898701272,73.27263874201738,90.76870414904195,49.59293373147266,58.51028493311952,55.91359648603692,55.45406995516724
Попов Игорь Юрьевич,2025,бюджет,9.254060419508543,335.28869298148334,Психология,"г. Солигорск, ул. Ленина, д. 12",+375293442040,83.81062187380665,68.10884312718362,69.28624754082016,71.24491019360501,50.15854145991538,87.69255671898621,52.54024280463496,64.41123058189821,62.450020210163075
Лебедев Анастасия Вадимовна,2025,целевое,8.435794368906059,312.9856337787252,Биология,"г. Жлобин, ул. Фрунзе, д. 94",+375295057108,84.7141235767236,40.57112068999319,63.1244683322496,80.78909818069134,59.0349352893125,53.17242324069354,75.23441825991706,62.81189073133366,60.78686080334166
Григорьев Василий Павлович,2025,платное,7.294205279534113,320.26910335227063,Лингвистика,"г. Минск, ул. Гагарина, д. 28",+375294213634,54.373365075846536,83.5277847820883,48.179285651504884,69.85393599513132,89.33832838659845,39.3405676609185,71.5666482414755,86.42207392885558,77.35866821596538
Иванов Наталья Артемовна,2025,бюджет,6.647836071795141,284.3205073218749,Биология,"г. Барановичи, ул. Гагарина, д. 91",+375298964404,67.6532890632314,74.33903733496143,86.83549102581605,63.35336651487605,41.941295265504294,63.37885022975399,69.44040950143338,55.513963721549175,70.18940729973524
Павлов Иван Юрьевич,2025,платное,8.925256060966145,283.92569257663337,Экономика,"г. Витебск, ул. Советская, д. 46",+375297368883,53.853064009262646,53.64148391501106,60.94848219769652,55.862400601553155,42.620951045107724,56.843510241211824,52.28866793448153,83.97655771649744,78.84296159120524
Егоров Максим Артемович,2025,бюджет,8.420768835122985,292.7718637579974,Юриспруденция,"г. Мозырь, ул. Ленина, д. 60",+375292850798,47.76135697277171,42.694405145544536,67.44951922469843,69.52650017396888,79.00169605200497,54.85936725762237,46.996731226748,74.70311209714022,67.30827291945641
Зайцев Анна Дмитриевна,2025,бюджет,7.820970466677673,304.4675874407368,Лингвистика,"г. Речица, ул. Кирова, д. 6",+375292379891,62.1638028342306,64.96175709807353,61.27298187541656,70.28429061327725,78.12865651490911,60.98606490070931,72.3163120086262,75.81291425042481,67.26887068258912
Волков Валерия Максимовна,2025,бюджет,6.005938531795206,278.5641387719161,Экономика,"г. Орша, ул. Кирова, д. 57",+375294789527,78.80826418345254,80.14082792026778,63.97745884119881,50.265022192902634,73.25410178991254,61.33801662331082,43.77879928891069,78.35847264720068,67.74595001679869
Васильев Галина Андреевна,2025,бюджет,8.210536680341901,295.21430546554086,Лингвистика,"г. Полоцк, ул. Кирова, д. 48",+375294008109,54.25773778519875,50.90874251670512,52.69985515677605,74.15396664409418,82.06505463547253,59.713167302194385,69.54038072885072,61.503503297798595,81.30277408172924
Захаров Ирина Артемовна,2025,целевое,8.30290225232103,303.16381452987565,Информатика,"г. Новополоцк, ул. Мира, д. 67",+375292426162,67.9333089592686,82.19599497624891,58.94664569138062,55.69335742706485,66.52817292434403,48.87752625130913,54.84365220734835,61.82191596299319,70.00548807114787
Зайцев Вероника Павловна,2025,бюджет,5.3221394046223125,273.33690929079336,Физика,"г. Витебск, ул. Кирова, д. 22",+375292085660,93.6906650367826,67.45701867392857,35.023120555439334,29.973897487856075,57.742977877575264,50.052531148107256,63.11790751600621,61.988965080391516,58.96783153385904
Васильев Юрий Романович,2025,целевое,5.860663102879578,290.8102199808455,Экономика,"г. Новополоцк, ул. Ленина, д. 30",+375298125354,77.95933240346095,62.031432520799356,53.61273002450173,35.142846223015425,67.07086894147486,87.71899545423943,64.16973660328384,66.52526109434936,60.66828248356727
Орлов Татьяна Владимировна,2025,бюджет,6.721836959977035,282.10966401618913,Медицина,"г. Новополоцк, ул. Победы, д. 61",+375297785437,85.57960713838793,61.22766501794308,57.31843088246768,71.99325639556318,66.94952265351347,55.004285685367165,55.861564178397394,41.63396689429092,68.49811480622485
Борисов Дмитрий Максимович,2025,платное,7.183891637856595,281.2166652982197,Медицина,"г. Витебск, ул. Ленина, д. 33",+375299209786,53.43554622994967,54.43113943994409,84.81149715570353,71.13070553400053,86.0697747768528,66.43451922822776,65.08137243420549,58.074026011235865,58.97570688353564
Иванов Владимир Артемович,2025,бюджет,8.248010760809795,284.3401631021244,Медицина,"г. Гомель, ул. Фрунзе, д. 9",+375299357316,71.97730607917474,67.96300743100723,65.64168770209434,64.2410617127574,43.15207423686934,90.68481821515732,67.9551435250587,64.56738302520218,44.13727994559853
Андреев Валерия Юрьевна,2025,целевое,8.321383360263596,314.83757219256165,Информатика,"г. Мозырь, ул. Советская, д. 39",+375292616210,73.83428653546672,77.1416894113175,45.350695262046656,62.40403286126365,53.64249692690275,48.51583264454718,71.01159503710873,36.934382872049966,80.6477626431415
Борисов Мария Михайловна,2025,платное,8.491108299636783,275.7595619224966,Физика,"г. Молодечно, ул. Советская, д. 38",+375299353359,66.2035632444876,66.79671538867532,56.654614781003964,64.23054315693331,57.707175122786616,66.50343690287819,86.44469478806099,52.38424846275429,57.8482002929658
Алексеев Наталья Олеговна,2025,платное,7.652189622161954,306.23863159500615,Медицина,"г. Речица, ул. Ленина, д. 98",+375291530135,91.8331457592753,65.89152544576686,64.12251324646331,73.76107636764799,43.22214773682552,69.64283240944421,39.73064395952348,55.498068197577,44.9349326055914
Семенов Виктор Максимович,2025,платное,7.316087335920834,326.3512530381253,Юриспруденция,"г. Мозырь, ул. Фрунзе, д. 49",+375298424860,54.50487484293363,62.651431548753955,60.335258324495484,45.20011458413835,81.26877063529022,74.51234348156885,45.17206488201149,97.40926556205793,67.14645250075687
Николаев Иван Юрьевич,2025,бюджет,8.171794138593672,322.8904672941637,Медицина,"г. Орша, ул. Кирова, д. 22",+375299245659,89.15204526701824,87.6272341407991,73.54650577686115,78.47397486434762,45.17995772995589,57.792108738479826,57.01406169360195,62.77240550432481,64.99140717955515
Козлов Валерия Артемовна,2025,бюджет,7.140147030604066,300.5126568098225,Юриспруденция,"г. Полоцк, ул. Кирова, д. 71",+375298882244,63.56463984449939,41.83886060056253,45.922993413883724,51.8038857080449,72.1775940807677,85.50774290472114,42.5559151972063,71.425849518293,74.29514247321075
Степанов Евгений Алексеевич,2025,платное,9.291543147304592,322.802695106626,Медицина,"г. Новополоцк, ул. Победы, д. 64",+375297338393,79.60415649842824,57.906869356081444,77.56783257324723,72.7152745619046,70.00598209092531,36.82415388890347,54.55031987417183,64.44859015041462,68.0054287200929
Алексеев Павел Алексеевич,2025,платное,7.232074093880028,297.56237258926876,Психология,"г. Минск, ул. Гагарина, д. 6",+375293150806,71.08975333134424,82.19222642791308,50.11464260010494,88.28646411544644,72.26200690047558,65.86541420367777,64.60558855877733,59.231462467017124,69.38376890512501
Иванов Татьяна Сергеевна,2025,бюджет,6.966064330925697,302.113378332443,Экономика,"г. Мозырь, ул. Мира, д. 13",+375298183134,71.92753774338269,80.53641874144277,58.5191865831649,72.3963348628765,56.619727724337004,91.66663259227523,49.8249805599676,68.85856468752816,82.86775771673854
Лебедев Виктория Алексеевна,2025,целевое,8.461418116785818,342.52569652723747,Экономика,"г. Борисов, ул. Советская, д. 31",+375296236161,91.01074306164392,73.37760869392218,57.6802544015875,32.80059791974262,59.71022543592247,76.01630053533425,77.5082659995656,90.88447176240112,49.72519231284379
Романов Борис Дмитриевич,2025,бюджет,8.877709039676919,290.4490592981158,Психология,"г. Витебск, ул. Победы, д. 22",+375291330712,82.6540215601335,76.10119053615668,67.48034868203317,55.5750230903823,57.668663512083604,63.44292425083085,56.96091340622889,74.70006354200841,64.57726253812459
Захаров Екатерина Кирилловна,2025,бюджет,8.299053388447668,281.49756458972416,Лингвистика,"г. Жлобин, ул. Мира, д. 35",+375291342293,65.1263088107031,40.52511090496646,22.187294901408983,62.232131425193856,72.86073533648835,45.34581390927177,57.99372750348622,67.65256786527291,57.08262772702836
Семенов Сергей Павлович,2025,платное,6.684666018098701,292.1875193567872,Медицина,"г. Новополоцк, ул. Победы, д. 74",+375292639564,76.8863108156798,84.12100870759093,64.64395943954605,83.81058892057433,60.70948114693092,70.42003686177877,53.45227705101685,76.07520560835884,64.42837137517864
Алексеев Кирилл Михайлович,2025,бюджет,7.491023043911104,292.88400616261197,Медицина,"г. Жлобин, ул. Фрунзе, д. 98",+375296696526,74.87975971086811,56.406662115943504,79.89178350637793,63.202232506254916,59.559724468264584,65.92960878973996,60.4953496078955,80.20411866583493,71.61034161106579
Егоров Анна Васильевна,2025,платное,8.576156798439882,315.2766192741663,Математика,"г. Полоцк, ул. Кирова, д. 10",+375299989803,77.16689097497674,77.95665551482,66.04949406250236,32.61513006503088,55.477105563459794,37.73341397709861,79.17421421189229,74.39150479997072,57.099885754805655
Волков Артем Павлович,2025,бюджет,8.88199869965697,313.9825116135309,Химия,"г. Новополоцк, ул. Фрунзе, д. 29",+375292542796,79.22324797449875,43.07048228431189,74.29094637472632,71.64833026773616,33.83200667090919,49.645856501441926,57.24689516975302,58.27573602762236,37.76652864484037
Морозов Юрий Андреевич,2025,бюджет,8.369795248182998,296.12541289369705,Психология,"г. Жлобин, ул. Мира, д. 55",+375294518839,73.97896941108561,60.563296149908446,66.00962457509755,67.11923746096329,66.84533959699044,71.32925353981817,46.551216890292125,68.60171240033098,82.37510788202712
Степанов Роман Дмитриевич,2025,платное,5.479520918863141,292.90670919044413,Экономика,"г. Лида, ул. Кирова, д. 70",+375296257190,84.22977565140431,52.19054090156551,36.03570406247316,82.35206283149762,90.8177233410714,90.42806773769682,54.963210915303755,63.453656612711555,44.0147595327065
Андреев Никита Никитич,2025,бюджет,6.806958883176945,293.6024053324293,Химия,"г. Молодечно, ул. Кирова, д. 98",+375294029979,73.92621381589954,84.08516937123682,73.58337368127756,78.02322900348275,80.63395446456313,53.938570322514,90.53297185079393,89.8814161124618,58.03332991979276
Романов Мария Вадимовна,2025,платное,6.9001547585939615,298.5709715088457,Информатика,"г. Полоцк, ул. Советская, д. 85",+375298839914,81.97238046390314,71.52475057481142,42.65167174398995,79.2185798028447,78.2467108091562,62.33267405645341,41.05702869407733,41.55710623173921,76.07229288419153
Яковлев Наталья Романовна,2025,целевое,8.004644047084883,322.74873112863446,Биология,"г. Лида, ул. Гагарина, д. 94",+375292004647,71.58907067858392,75.32944732590005,82.33179317422558,88.78142680497612,45.14065164934114,54.85212646969932,71.38472543190169,66.72117511519338,82.98570573881433
Кузнецов Екатерина Викторовна,2025,бюджет,9.15280203543401,340.0930436722181,Лингвистика,"г. Гродно, ул. Кирова, д. 88",+375296037789,87.72163656158328,68.10026702584712,75.93251171382991,55.147275798233146,75.14287211883989,73.66416605759213,91.12978170593054,82.29236949310753,58.752423420980705
Макаров Борис Васильевич,2025,бюджет,8.693297433849102,310.4881578641202,Юриспруденция,"г. Лида, ул. Победы, д. 37",+375293694157,27.120320155801785,38.6664824773969,70.22451335502583,60.211625343796875,81.05513651124166,75.64407522431942,68.56418541905809,66.8559717900681,68.55729129119536
Семенов Михаил Викторович,2025,платное,8.455608023698598,326.94168157979396,Биология,"г. Витебск, ул. Советская, д. 25",+375291464798,87.20550603931233,90.2033144197305,77.44098443502386,77.73911086847178,37.15241303739228,52.02882898292363,57.10376888990081,75.75479328414532,50.83498313865556
Павлов Роман Михайлович,2025,платное,8.00024767510805,303.5636355502508,Химия,"г. Речица, ул. Мира, д. 55",+375291620819,74.9837828303662,57.34247827327857,77.48893969133256,71.08843627747157,53.56444127861002,34.42821141314828,56.280686890081654,52.8004778077691,52.26028515976381
Иванов Владимир Владимирович,2025,бюджет,8.929407653928115,336.5901672299847,Химия,"г. Пинск, ул. Кирова, д. 71",+375293952542,81.58631952790509,63.482917569634914,84.95415190449475,80.75561925830365,55.57415715291537,53.057155714284306,64.6923335515027,68.60650664852851,80.96766460547248
Яковлев Ирина Александровна,2025,целевое,7.910670695309214,300.398249229942,Информатика,"г. Гомель, ул. Фрунзе, д. 11",+375296266448,69.5852699349283,73.97993719872738,70.06526707376655,76.01996667088457,74.08454203057188,59.0418325075298,41.18966021357225,45.01595435631613,77.72633514319415
Егоров Борис Иванович,2025,бюджет,6.950235612189936,268.2279843268858,Психология,"г. Могилев, ул. Мира, д. 93",+375293358208,64.01320626565615,60.66854416333908,69.46836535457675,63.48773342492856,76.57495802706622,71.22468851440175,78.86419668864977,51.99821331336149,44.600617756737314
Смирнов Ксения Никитична,2025,бюджет,9.432351576579444,319.551671816052,Химия,"г. Жлобин, ул. Победы, д. 64",+375292514123,74.0485187692268,54.17280139842779,72.83998578426886,78.3396514967619,57.43230945305401,59.00831409071989,34.36160401196106,65.87547024015709,58.66195053462498
Алексеев Сергей Павлович,2025,платное,6.950132364892199,294.75162709881283,Химия,"г. Новополоцк, ул. Фрунзе, д. 96",+375294958384,65.60434832746041,32.87557007250729,81.18068493930042,78.46527018313,44.87350469203281,37.05376567493863,83.06095096026435,81.21165585910173,22.68814861940806
Попов Василий Васильевич,2025,бюджет,8.56389539130918,263.952857670653,Юриспруденция,"г. Пинск, ул. Мира, д. 53",+375295266545,84.96288082175849,52.859061633332,52.64081648960021,55.758610085559475,63.79103026231841,57.95224255771956,75.78820966102123,56.57063093752325,63.70907178163134
Лебедев Наталья Артемовна,2025,бюджет,7.003861555833845,297.877759805209,Психология,"г. Мозырь, ул. Гагарина, д. 55",+375298966730,60.48773701098842,46.13597396107393,78.19768782587386,80.3289172022704,50.74071439681669,87.02249003361172,78.09803585181453,64.03579039523561,46.49759658189505
Лебедев Дмитрий Михайлович,2025,целевое,7.523455013757818,297.1902485583872,Химия,"г. Солигорск, ул. Фрунзе, д. 40",+375291353566,77.8638674395539,57.17107756278767,84.38957178234851,59.70225919890664,37.58604706400642,62.71306667223649,52.626833792896434,50.594270779533886,33.479149212384044
Зайцев Артем Юрьевич,2025,бюджет,6.0448114408520235,270.4698495116221,Психология,"г. Борисов, ул. Победы, д. 71",+375297454030,74.47244891999235,69.8021847292761,61.03359199681458,73.67395921759503,77.65500955185506,61.8753269655145,68.04583828271365,34.93279252806977,47.42457179998789
Яковлев Анна Юрьевна,2025,платное,5.489303460451087,276.5100976358058,Биология,"г. Витебск, ул. Гагарина, д. 31",+375298422287,82.81942535451918,59.01884649606909,74.86496755407023,63.93267012270549,55.50459756100666,48.548020450363325,65.75182522281324,45.13363297002579,79.94691547807614
Морозов Вероника Дмитриевна,2025,бюджет,7.198137719779036,283.45946229303445,Юриспруденция,"г. Могилев, ул. Фрунзе, д. 97",+375294950370,47.90220251315158,85.15800764949145,53.472918780569486,40.27682003393382,77.19071562537668,70.24607757785458,47.46194616572541,64.04129189201282,100.0
Павлов Евгений Сергеевич,2025,бюджет,6.979211445340852,273.9824855909876,Биология,"г. Мозырь, ул. Фрунзе, д. 99",+375297816395,55.74432639667123,82.40564638508302,81.1107090511057,67.33533568980212,46.003213669707876,70.10209194237346,56.29622508765818,31.11033272332348,86.80859946907003
Григорьев Вадим Михайлович,2025,бюджет,7.131541990889878,319.4281203734168,Информатика,"г. Полоцк, ул. Кирова, д. 53",+375296582152,89.95571736482427,87.78434957965715,44.984856832757785,75.49784796544722,50.22836175204478,31.99949119794087,53.63102750966786,65.96456252664419,70.37263352003662
Григорьев Василий Вадимович,2025,платное,8.57004069728349,291.37940170491794,Юриспруденция,"г. Пинск, ул. Гагарина, д. 9",+375296903169,77.1534906739292,61.59740970435138,47.350525330725716,70.53045485500989,76.97675566954246,49.783951985379574,66.42529370657174,78.91828707716101,60.3018169437129
Соловьев Ольга Евгеньевна,2025,платное,6.224356472575538,289.7254437275634,Юриспруденция,"г. Молодечно, ул. Кирова, д. 4",+375291874073,49.91409623510246,65.04749683231351,36.49560943248971,66.10635575098247,94.53059695539896,65.05143647532459,48.60296802018337,67.89984557108448,61.94997338702393
Иванов Владимир Игоревич,2025,платное,8.738867277751677,328.79796850567647,Математика,"г. Барановичи, ул. Кирова, д. 40",+375296263378,79.2124737869098,83.46839945469165,68.01520820180676,33.47376861542891,74.92751497737909,74.0605112138052,72.45242058519457,78.72842248655824,63.30283971307699
Федоров Евгений Никитич,2025,бюджет,6.182176339466221,289.8294203868018,Психология,"г. Гродно, ул. Фрунзе, д. 77",+375297883963,94.23513487603455,45.704393049527255,76.17188093692158,74.13782901992548,58.05490421957099,59.63469309617962,55.72815885726907,45.04102563047377,53.042183557410816
Морозов Владимир Вадимович,2025,бюджет,8.22811458024769,317.15650253895143,Экономика,"г. Мозырь, ул. Фрунзе, д. 37",+375294333024,70.51091612686994,53.90834464464895,61.45132377658201,35.77875206563003,38.31722778382015,78.61914270730527,48.038428243948516,85.74529790229931,63.3790458302257
Семенов Иван Игоревич,2025,бюджет,7.52546718100111,311.5922232717122,Физика,"г. Борисов, ул. Ленина, д. 3",+375294837070,89.10692320420895,71.90289188193428,51.38269941875586,73.0755387839822,67.64270345894529,57.190045352680485,80.87186950433913,56.81633535240104,75.32773637555782
Морозов Игорь Вадимович,2025,целевое,7.101762165813625,293.53992491291297,Физика,"г. Гомель, ул. Мира, д. 80",+375298195804,65.65406105101529,75.77585389486391,80.95140266097737,66.67452473064263,60.46595139598397,57.573490782514966,64.96300542609526,71.24649942733778,81.09238830889753
Лебедев Вадим Вадимович,2025,бюджет,7.8708562020288415,313.46402047143835,Психология,"г. Витебск, ул. Ленина, д. 92",+375299822092,78.24781594110115,67.19909611722417,44.89207518709532,76.68230541183695,27.580441705464573,79.82533709821185,69.90514581844022,71.21319188679689,54.07429721745649
Григорьев Екатерина Юрьевна,2025,платное,7.943116533179886,313.887961181889,Юриспруденция,"г. Полоцк, ул. Ленина, д. 29",+375294408213,81.3593076831175,81.20654472436888,59.562409511601594,62.089794460943395,86.10911144734433,59.99197984737825,55.153863859844634,88.35570455536757,74.62800812527149
Волков Олег Михайлович,2025,целевое,7.688574940443042,284.2386604167971,Химия,"г. Новополоцк, ул. Советская, д. 56",+375294466272,59.94167594669379,59.25134650438257,69.10084603750067,78.31038902817214,47.859799728076794,44.61414907538089,29.027020834745375,78.32707027465052,54.00344232835414
Соловьев Павел Юрьевич,2025,бюджет,8.47003145959885,303.2908446414124,Психология,"г. Барановичи, ул. Мира, д. 24",+375297853897,74.97761883525818,43.98849100559251,41.1140263282771,64.94684874002765,49.15247341755911,78.66606247013804,48.06423504719083,86.19735947391932,75.40726553839727
Федоров Никита Романович,2025,бюджет,8.267883548582502,316.8738010338523,Математика,"г. Молодечно, ул. Советская, д. 48",+375298686718,73.8034109752685,90.14280735720484,56.72991553318314,59.53107878768631,62.549618096239044,70.52734560815016,69.55362118504478,70.24874721555396,52.00509420861069
Романов Владимир Евгеньевич,2025,бюджет,9.126966407317802,315.59448304860786,Физика,"г. Новополоцк, ул. Кирова, д. 28",+375297433986,82.15236583891233,71.06648875177127,36.19217895482319,56.89025855987633,69.35288698238787,87.0812526962967,42.030630564890075,53.601431207541395,71.10596438474623
Сидоров Никита Артемович,2025,платное,7.200127517025544,279.671761580409,Юриспруденция,"г. Речица, ул. Ленина, д. 7",+375296584506,59.47587749312051,46.390101609416014,68.38042924382728,53.9304221993858,62.75612726642046,66.07226692723849,86.01062931633929,78.84209221649462,61.61640083178814
Андреев Анастасия Юрьевна,2025,бюджет,9.93218053925087,331.31343299854746,Химия,"г. Гомель, ул. Ленина, д. 33",+375299464810,77.92148842118799,64.20353919003742,77.92168828207326,76.14845090277753,73.03197507458324,60.34656519001096,45.33091746671042,50.813656636486975,30.314719597654317
Захаров Вероника Ивановна,2025,бюджет,7.375188926730366,286.81189880205693,Психология,"г. Гродно, ул. Гагарина, д. 6",+375294009366,83.62754591952687,47.548942573061446,55.7723272590435,68.63123525793567,83.13820817061176,60.80122835729071,61.71714088228169,58.37208236152728,72.40257946063672
Алексеев Ирина Максимовна,2025,бюджет,8.388150796926293,282.3735924888409,Биология,"г. Гродно, ул. Ленина, д. 41",+375299899034,57.41791123344565,56.233232480363384,65.27837782056675,75.7957954655656,81.5126555478049,33.90862133651583,47.996658969001444,51.709605693247546,54.27553356880183
Алексеев Виктор Алексеевич,2025,бюджет,7.258296119907632,298.56166969775825,Юриспруденция,"г. Гродно, ул. Мира, д. 36",+375297049733,57.39683373657919,66.23704088580668,50.61340434402335,63.44886518126906,82.77797630877716,67.67700450262912,71.72037179709773,75.52372768727568,75.68190360723379
Андреев Никита Владимирович,2025,бюджет,7.386877115082119,273.1445663183322,Юриспруденция,"г. Жлобин, ул. Победы, д. 56",+375293767969,65.71866982743148,59.39090652482205,58.55681606939132,63.88395642338535,80.36807469224904,62.50435088075995,81.50450413226817,56.40336959450202,49.72781835391656
Борисов Ирина Борисовна,2025,платное,8.752830155330855,332.87603840498303,Экономика,"г. Речица, ул. Фрунзе, д. 85",+375298381800,79.12355969085948,83.64258791612068,32.12562767662339,52.38458807415434,28.09749768301102,75.31621973910248,64.07525376750046,90.90795742171252,61.80952141340181
Федоров Артем Вадимович,2025,бюджет,7.822620943681191,299.90995394082677,Информатика,"г. Гомель, ул. Мира, д. 34",+375293743996,80.83837081539059,70.64751802994832,38.86558879811941,64.12503447437716,37.61846974281954,79.42810609004466,57.56906846944764,77.92766117267125,70.197855658676
Петров Ирина Максимовна,2025,бюджет,9.498170859052538,321.6731622146115,Медицина,"г. Солигорск, ул. Кирова, д. 72",+375299140297,77.09348857334689,59.324338229836144,70.67340486603408,78.9245601847052,46.107551047751876,41.85847006561412,78.6424033999024,70.90751983338151,60.9883741290336
Смирнов Дмитрий Иванович,2025,бюджет,8.49497884207145,298.7803665819604,Медицина,"г. Могилев, ул. Советская, д. 37",+375294030887,72.32234481275155,79.8405482998347,76.75574084925822,64.7524924992361,87.72060287656275,74.86066269936128,58.18468453485654,70.90756889300924,53.9444484900314
Орлов Олег Юрьевич,2025,платное,7.014364971764008,272.9401471650313,Математика,"г. Барановичи, ул. Гагарина, д. 1",+375299825074,51.08921434716041,64.80198666305407,74.68889616430444,56.25516692671621,63.113134423331125,39.798215068268476,87.71800493553155,86.90529643717676,56.98972172437006
Федоров Борис Михайлович,2025,бюджет,7.317658651833617,321.9967885015112,Психология,"г. Витебск, ул. Победы, д. 4",+375295769447,85.29604361419693,89.73705675253392,74.30640383717031,96.71802667396602,46.16473006407123,66.8061316950121,42.16588322919977,66.62640974474219,62.63405324706555
Смирнов Татьяна Евгеньевна,2025,бюджет,7.138104230650674,303.9019139426466,Физика,"г. Гродно, ул. Ленина, д. 11",+375298721431,83.09258628123298,87.32328605214664,37.11506386069737,51.045419581483266,72.30215391184589,52.98391974212127,48.02690885462769,75.27806141475592,62.1049993027602
Андреев Олег Юрьевич,2025,бюджет,5.0358161416129334,280.7873884823355,Медицина,"г. Минск, ул. Победы, д. 6",+375298601790,78.28644025804809,51.39270129134822,82.83155656013174,69.3112302480263,81.12929240168879,58.11380553756341,70.0690520505803,71.19035929474225,50.58689995883891
Кузнецов Светлана Васильевна,2025,целевое,7.097065658711493,327.0024490272127,Экономика,"г. Гомель, ул. Фрунзе, д. 83",+375295747180,78.60755754663835,61.08432520687304,68.3373904136269,56.60208791425743,53.54358451798926,95.084730109817,37.91468907733834,82.33950478364238,51.38097212724914
Николаев Борис Романович,2025,платное,7.043166451445889,298.4627088090847,Экономика,"г. Новополоцк, ул. Ленина, д. 52",+375295280939,71.82897167426034,47.94848588743115,68.56836315354359,80.85965393924936,67.05020491869992,76.03381996212096,45.203392513511304,80.16825265824451,92.34524447593948
Сидоров Вероника Александровна,2025,бюджет,7.093597135339491,294.0971437473917,Математика,"г. Барановичи, ул. Советская, д. 50",+375297751088,71.24016420648134,69.38910869019003,52.65878648258369,18.82050669491423,66.07553078783569,47.31671735468079,35.846053218123,82.53189949732548,43.76973322437096
Смирнов Дмитрий Дмитриевич,2025,платное,8.458201605488664,311.61351951641825,Биология,"г. Полоцк, ул. Фрунзе, д. 56",+375296202636,89.6644239118858,38.8617630296323,59.67401765402238,77.69306189562339,77.24231046015552,36.38487423402056,66.11534605255765,68.71499309942539,29.112592744615196
Григорьев Василий Иванович,2025,бюджет,7.11098776675123,311.72603830593323,Психология,"г. Жлобин, ул. Советская, д. 63",+375298473283,83.7660587984218,55.32321640115963,78.78519543447013,86.36455574324845,61.54676888575807,70.48554609675067,45.407581611255644,59.43654735950713,68.54638379556269
Андреев Светлана Кирилловна,2025,бюджет,8.09893260815873,334.14993242986844,Юриспруденция,"г. Могилев, ул. Фрунзе, д. 55",+375297177975,27.03748492106955,79.03070841864856,62.85334832767341,54.305632549847495,83.57158388423288,90.24638596482757,17.971326457681627,79.34263649922072,38.60026183784479
Сидоров Галина Алексеевна,2025,бюджет,6.7225532524241745,278.84087978119385,Психология,"г. Жлобин, ул. Победы, д. 60",+375294761958,76.27927202374579,69.53589789660825,52.511285782580174,56.26759888180848,53.24447713114998,79.06847635139783,75.23088493012835,42.422530492912124,75.40590640309526
Макаров Мария Сергеевна,2025,целевое,9.948160663196303,347.02300252955547,Математика,"г. Жлобин, ул. Ленина, д. 38",+375298855414,78.62449881594526,69.90106047134367,62.73255941568153,73.37816451855412,41.59478884067197,49.80141154879753,62.7744388101313,99.01583661030352,47.05215431749758
Волков Елена Борисовна,2025,бюджет,7.211130835213139,297.33089146171767,Юриспруденция,"г. Гродно, ул. Кирова, д. 39",+375295171713,90.06634955512756,58.540332739476135,55.5277121070015,49.619022020029625,74.3179746966733,60.93280567440442,58.856414740191035,89.96880273850856,50.833724062849235
Петров Светлана Олеговна,2025,бюджет,7.757979380945457,305.1423596283536,Лингвистика,"г. Могилев, ул. Ленина, д. 66",+375292805768,34.482892885991376,65.61093132196565,63.96722527427061,60.95553539648656,72.83172949777857,55.60863121841318,80.01900233700673,74.71183398411377,64.72457807332998
Павлов Василий Юрьевич,2025,бюджет,7.662211489611203,293.4750354812286,Лингвистика,"г. Пинск, ул. Победы, д. 33",+375292371865,76.85140930643642,70.15491146062581,62.89292764725286,82.7763304597827,79.20268529056561,79.57444033185628,81.06942608386638,56.58080921068457,79.57252144978995
Попов Екатерина Вадимовна,2025,бюджет,7.82253094697837,292.34482924291797,Лингвистика,"г. Новополоцк, ул. Ленина, д. 11",+375297983542,59.22067843648833,64.22022521234365,54.82525257064399,63.40543290583418,69.08123933656907,79.11408388101555,73.8641188637895,71.17416157277566,46.12611276421089
Борисов Екатерина Юрьевна,2025,бюджет,7.491524514539004,275.50198528347397,Биология,"г. Молодечно, ул. Гагарина, д. 34",+375296726640,76.87107100125093,65.82636920516259,64.72748112494871,58.98818801188427,69.3838695375984,82.26962792814761,44.604695664151556,83.84161925342548,64.25866588104572
Соловьев Вадим Романович,2025,бюджет,7.851941314805822,270.4627678816688,Математика,"г. Пинск, ул. Фрунзе, д. 87",+375292783932,71.02451303454222,61.15481980575004,74.815927738869,48.36590457843595,48.30289986393599,74.87889464830432,31.7552482999241,59.76402189331833,59.727986347378774
Семенов Александр Артемович,2025,платное,5.712858882671738,278.00047293801913,Юриспруденция,"г. Минск, ул. Советская, д. 84",+375299004743,67.27101971953385,55.47302259905621,97.95554502962534,56.58161161851249,72.69213847897278,67.03013331186122,61.858602247816066,81.14961232046775,78.0536708180019
Соловьев Юлия Михайловна,2025,платное,6.209876342259893,290.57487196303265,Медицина,"г. Орша, ул. Гагарина, д. 79",+375297052024,72.540046616443,66.70055416213717,80.87057534594535,75.0654865780454,68.13635954298152,47.865541606113,83.36858148477535,74.88942154469144,39.82608319402242
Кузнецов Вадим Борисович,2025,платное,6.7641457290288045,285.86881479550385,Юриспруденция,"г. Минск, ул. Советская, д. 15",+375291266510,44.296173748396406,70.16954956344793,40.729083503737996,55.03463498687879,79.54704396416774,74.33834065453566,63.88331273569059,64.34197288651242,68.92281560095867
Козлов Кирилл Сергеевич,2025,платное,7.965215854839416,302.6765442098791,Химия,"г. Гродно, ул. Кирова, д. 31",+375298311317,71.75380325602059,63.56597591858979,76.03078221530848,75.23980019015593,48.74059767034866,55.50675883201212,60.03275386255554,39.37372150249372,53.06200550529932
Борисов Роман Максимович,2025,бюджет,7.9873128226184,317.66795962697347,Лингвистика,"г. Гродно, ул. Мира, д. 55",+375291366025,40.83845094231986,77.3487247739136,79.04419893899764,41.32274136059871,88.57619633050139,57.84627616931798,79.18514559157055,70.03348947871753,73.84567240840143
Соловьев Дмитрий Максимович,2025,бюджет,8.88281836675431,287.21388312167636,Физика,"г. Полоцк, ул. Мира, д. 3",+375298541631,66.85846743402396,63.347980000347114,38.09546347186166,62.81912664649135,68.58707117669604,69.76448518169163,58.230283580889335,42.64505316503454,68.17925201976217
Орлов Павел Игоревич,2025,бюджет,6.838660511951246,302.37327706585967,Психология,"г. Гомель, ул. Победы, д. 2",+375292722408,70.15371435399919,62.151264460222144,43.86524274637669,78.36583045459035,53.134731574813834,85.46712713775764,71.6033655931022,52.5644108013765,58.10003958978505
Соловьев Ирина Павловна,2025,целевое,5.371469841356978,277.8182659555192,Юриспруденция,"г. Речица, ул. Победы, д. 5",+375299178834,38.70850205182485,47.13836355679175,62.9732599158123,64.87889247344373,76.48547903592639,71.98266946041365,73.99599908581479,75.63541904560937,70.54880742143921
Соловьев Татьяна Романовна,2025,бюджет,7.942197104206847,318.9335969239645,Юриспруденция,"г. Полоцк, ул. Советская, д. 92",+375292018455,1.1639962257248655,64.2568204175712,38.62851519417766,56.81322445930416,71.97902958975395,90.87400602415536,65.9999482941541,76.65859026798672,72.5548673195051
Алексеев Светлана Олеговна,2025,бюджет,6.778935388975425,296.0081019852671,Лингвистика,"г. Могилев, ул. Победы, д. 83",+375297998405,53.134845105173504,76.0721389538184,43.35374808167589,64.84870781300343,59.52430205863689,63.05915786273992,76.9298964177293,91.76454961914663,36.52539159837331
Павлов Анастасия Кирилловна,2025,бюджет,6.080297381700282,286.2714915665339,Медицина,"г. Минск, ул. Советская, д. 37",+375294224602,83.22682426574144,65.02975884595962,76.80305051337503,65.4386429704146,51.13772477862857,78.67561512334885,59.22736209369108,65.6303954421671,58.272175068352816
Степанов Максим Викторович,2025,бюджет,7.25408103091007,319.7794691470171,Медицина,"г. Мозырь, ул. Гагарина, д. 92",+375298859576,84.33810426074997,67.54848576798744,98.05636837367189,64.84418620349454,72.33859381800721,40.32684050944498,62.360198515096165,74.64759883594746,28.917973258552696
Егоров Валерия Юрьевна,2025,платное,8.830133522067472,300.66769996086146,Математика,"г. Солигорск, ул. Фрунзе, д. 61",+375293718341,69.3679026595738,67.98042701704878,65.77818978389031,76.81028559633893,58.00081927156267,63.0822964134003,61.714631295888715,75.01803506356414,43.659860434318404
Захаров Вадим Михайлович,2025,бюджет,6.716235132084071,275.18085408804814,Психология,"г. Гродно, ул. Советская, д. 26",+375293622515,77.95195368158836,65.92322235003867,47.902355564616265,70.4077960201076,57.35798703433832,59.65875306551148,34.679485122034826,50.988781040421486,67.83781149663585
Козлов Виктория Дмитриевна,2025,бюджет,6.033162462015313,282.15118930091813,Психология,"г. Борисов, ул. Советская, д. 72",+375291789356,64.81194802409286,47.779715201434946,53.16986365282031,71.46141037179896,92.48282178309836,85.54620628487318,75.37161168422593,77.52870546410072,45.01768695998926
Лебедев Никита Юрьевич,2025,бюджет,8.322787671016453,302.2224294894673,Информатика,"г. Брест, ул. Советская, д. 65",+375291536367,63.931297084659434,88.34506133337838,51.792123166762636,41.2296572664107,53.53505699670281,56.42091702428059,64.02619910541843,63.76426531068064,66.71819436126492
Андреев Виктор Викторович,2025,бюджет,9.964910929723171,322.25183237310864,Физика,"г. Витебск, ул. Гагарина, д. 29",+375299159855,68.60806466249842,73.43723663294956,70.30161105755033,50.37267894083488,51.45972864628294,68.87502074539697,47.13400235092471,54.22811964593894,80.55742178042892
Борисов Анастасия Алексеевна,2025,целевое,7.126239366120958,296.89255180489386,Биология,"г. Речица, ул. Победы, д. 20",+375299646766,81.05404504762747,67.08959644485017,80.3080158367273,64.26809725932951,61.73395108019862,59.553502674953975,64.82376810559134,61.74762078713806,65.69549516125669
Павлов Артем Максимович,2025,платное,9.555253693531528,334.83775121696885,Психология,"г. Витебск, ул. Ленина, д. 79",+375292709062,75.58608917371792,41.58257150914512,55.201390829956296,88.90833548176643,64.78212509442383,74.79078962616923,88.4418491438152,39.58747532548381,43.35816666830671
Попов Василий Сергеевич,2025,бюджет,6.156899709335227,287.25568161279193,Лингвистика,"г. Витебск, ул. Фрунзе, д. 27",+375297067286,60.68941404073401,56.361254455653096,42.01193512356535,66.71544399592518,80.44459869527462,43.58258458747656,73.59724414449572,71.64484167966934,63.839657196281564
Борисов Дарья Никитична,2025,платное,8.635941969996525,330.33442838432677,Математика,"г. Полоцк, ул. Кирова, д. 13",+375293588652,87.51947454513157,84.15823781597604,54.552366619007756,56.753719325424434,57.95366774583576,48.32537170490245,53.348558726474465,72.2972963232539,84.19302556060691
Смирнов Владимир Васильевич,2025,бюджет,9.196834962674385,336.9583426590649,Экономика,"г. Молодечно, ул. Мира, д. 99",+375291110521,84.34654707336624,65.54888419506585,43.240094866031484,59.37763343133931,74.5573268942007,62.41735370632712,69.54829810309897,98.22609225262767,75.92724968984598
Алексеев Елена Дмитриевна,2025,платное,7.6145544496299555,304.10903798059303,Химия,"г. Жлобин, ул. Советская, д. 11",+375295463001,77.1833875044216,74.51897923147484,67.82146785645965,82.95863812341227,69.81582201091145,64.34866761056495,79.74011129577747,51.91822743228917,57.19413725289506
Лебедев Виктория Сергеевна,2025,платное,8.157286774485073,288.7220386987272,Экономика,"г. Борисов, ул. Советская, д. 97",+375299886057,64.703890289106,63.40397915700372,34.216043805692294,75.70431801642314,60.69956049848949,69.79107096096237,47.48439581557318,72.65420970380812,70.3238956615862
Яковлев Владимир Кириллович,2025,платное,5.206608809687415,287.48543656473066,Юриспруденция,"г. Лида, ул. Мира, д. 59",+375299659648,49.41693079082309,47.309404910585485,69.85348059479472,49.164788930774556,75.59909774079503,76.23754642524277,64.68093197590107,83.58270430181872,41.055555946990154
Кузнецов Дарья Александровна,2025,целевое,9.060750481267151,285.9714995650456,Экономика,"г. Жлобин, ул. Ленина, д. 11",+375296675793,69.32552718771649,87.0229261174828,90.33261150131068,87.46765703348831,57.105279483589655,57.178849180151715,24.854413475222387,68.8596183845059,57.028895547759596
Егоров Евгений Алексеевич,2025,бюджет,8.011093160521694,310.41351639297216,Экономика,"г. Новополоцк, ул. Фрунзе, д. 5",+375293532555,83.67805459542446,63.41107618487431,46.65232843588288,45.58830662632665,63.81191530607153,81.97050978839727,65.87821893368377,64.65402040393346,69.76001443188129
Волков Мария Кирилловна,2025,бюджет,6.625931624109948,283.21886958838456,Психология,"г. Новополоцк, ул. Кирова, д. 90",+375296105693,64.29333593809821,48.235185445496164,70.3274396184235,72.65492464854108,83.83720952454686,80.01129276064576,52.700532177160966,59.84691599413601,60.950750889565775
Григорьев Александр Владимирович,2025,целевое,5.388049341420899,255.32766788677517,Экономика,"г. Жлобин, ул. Гагарина, д. 19",+375297776956,65.87411801822374,70.5208484071425,72.67909945563143,69.05672204329439,82.72977141485703,69.58226763988398,85.11406149106695,65.99078881445847,44.80971654947261
Андреев Наталья Романовна,2025,платное,6.575023643263092,293.9905655131138,Медицина,"г. Молодечно, ул. Кирова, д. 45",+375297786479,70.54204686173183,52.44416494755819,80.25937280254651,77.43890941620451,42.10539943471295,54.10910642361274,54.42806968368472,33.360266295571606,45.28579909479946
Петров Вадим Олегович,2025,платное,8.273266144245818,313.7042442086505,Химия,"г. Мозырь, ул. Мира, д. 93",+375293114023,89.33625019820946,62.87176073936029,81.62168753947499,60.01364502850788,77.91321724520988,79.5165309453614,30.024825492830608,49.420249141262275,67.43648359523266
