ID,Дата,Год,Месяц_год,Местоположение,Бренд,Товар,Количество,Продажи,Себестоимость,Прибыль,Рентабельность
,2021-02-01,2021,202102,на Гоголя,Galosha,KA air-9558,59,667880,354000.0,313880.0,88.67
,2021-03-01,2021,202103,на Гоголя,Galosha,KA air-9558,48,530688,288000.0,242688.0,84.27
,2021-04-01,2021,202104,на Гоголя,Galosha,KA air-9558,89,1088826,534000.0,554826.0,103.9
,2021-05-01,2021,202105,на Гоголя,Galosha,KA air-9558,113,1314416,678000.0,636416.0,93.87
,2021-06-01,2021,202106,на Гоголя,Galosha,KA air-9558,107,1209421,642000.0,567421.0,88.38
,2021-07-01,2021,202107,на Гоголя,Galosha,KA air-9558,113,1074630,678000.0,396630.0,58.5
,2021-08-01,2021,202108,на Гоголя,Galosha,KA air-9558,95,986385,570000.0,416385.0,73.05
,2021-09-01,2021,202109,на Гоголя,Galosha,KA air-9558,101,1091305,606000.0,485305.0,80.08
,2021-10-01,2021,202110,на Гоголя,Galosha,KA air-9558,83,933501,498000.0,435501.0,87.45
,2021-11-01,2021,202111,на Гоголя,Galosha,KA air-9558,59,645342,354000.0,291342.0,82.3
,2021-12-01,2021,202112,на Гоголя,Galosha,KA air-9558,71,756292,426000.0,330292.0,77.53
,2022-01-01,2022,202201,на Гоголя,Galosha,KA air-9558,104,1202968,624000.0,578968.0,92.78
,2022-02-01,2022,202202,на Гоголя,Galosha,KA air-9558,65,769795,390000.0,379795.0,97.38
,2022-03-01,2022,202203,на Гоголя,Galosha,KA air-9558,52,589160,312000.0,277160.0,88.83
,2022-04-01,2022,202204,на Гоголя,Galosha,KA air-9558,98,1190602,588000.0,602602.0,102.48
,2022-05-01,2022,202205,на Гоголя,Galosha,KA air-9558,124,1464068,744000.0,720068.0,96.78
,2022-06-01,2022,202206,на Гоголя,Galosha,KA air-9558,117,1321866,702000.0,619866.0,88.3
,2022-07-01,2022,202207,на Гоголя,Galosha,KA air-9558,124,1156796,744000.0,412796.0,55.48
,2022-08-01,2022,202208,на Гоголя,Galosha,KA air-9558,104,1094600,624000.0,470600.0,75.42
,2022-09-01,2022,202209,на Гоголя,Galosha,KA air-9558,111,1232100,666000.0,566100.0,85.0
,2022-10-01,2022,202210,на Гоголя,Galosha,KA air-9558,91,996268,546000.0,450268.0,82.47
,2022-11-01,2022,202211,на Гоголя,Galosha,KA air-9558,65,743080,390000.0,353080.0,90.53
,2022-12-01,2022,202212,на Гоголя,Galosha,KA air-9558,78,803010,468000.0,335010.0,71.58
,2021-01-01,2021,202101,на Гоголя,Galosha,KA grou-7567,87,1187463,615960.0,571503.0,92.78
,2021-02-01,2021,202102,на Гоголя,Galosha,KA grou-7567,54,722304,382320.0,339984.0,88.93
,2021-03-01,2021,202103,на Гоголя,Galosha,KA grou-7567,44,576092,311520.0,264572.0,84.93
,2021-04-01,2021,202104,на Гоголя,Galosha,KA grou-7567,81,1167453,573480.0,593973.0,103.57
,2021-05-01,2021,202105,на Гоголя,Galosha,KA grou-7567,103,1427992,729240.0,698752.0,95.82
,2021-06-01,2021,202106,на Гоголя,Galosha,KA grou-7567,98,1297912,693840.0,604072.0,87.06
,2021-07-01,2021,202107,на Гоголя,Galosha,KA grou-7567,103,1210353,729240.0,481113.0,65.97
,2021-08-01,2021,202108,на Гоголя,Galosha,KA grou-7567,87,1091502,615960.0,475542.0,77.2
,2021-09-01,2021,202109,на Гоголя,Galosha,KA grou-7567,92,1159476,651360.0,508116.0,78.01
,2021-10-01,2021,202110,на Гоголя,Galosha,KA grou-7567,76,1035956,538080.0,497876.0,92.53
,2021-11-01,2021,202111,на Гоголя,Galosha,KA grou-7567,54,737262,382320.0,354942.0,92.84
,2021-12-01,2021,202112,на Гоголя,Galosha,KA grou-7567,65,824005,460200.0,363805.0,79.05
,2022-01-01,2022,202201,на Гоголя,Galosha,KA grou-7567,96,1286496,679680.0,606816.0,89.28
,2022-02-01,2022,202202,на Гоголя,Galosha,KA grou-7567,60,809040,424800.0,384240.0,90.45
,2022-03-01,2022,202203,на Гоголя,Galosha,KA grou-7567,48,620928,339840.0,281088.0,82.71
,2022-04-01,2022,202204,на Гоголя,Galosha,KA grou-7567,90,1236510,637200.0,599310.0,94.05
,2022-05-01,2022,202205,на Гоголя,Galosha,KA grou-7567,113,1638274,800040.0,838234.0,104.77
,2022-06-01,2022,202206,на Гоголя,Galosha,KA grou-7567,107,1460015,757560.0,702455.0,92.73
,2022-07-01,2022,202207,на Гоголя,Galosha,KA grou-7567,113,1272267,800040.0,472227.0,59.03
,2022-08-01,2022,202208,на Гоголя,Galosha,KA grou-7567,96,1219488,679680.0,539808.0,79.42
,2022-09-01,2022,202209,на Гоголя,Galosha,KA grou-7567,101,1346027,715080.0,630947.0,88.23
,2022-10-01,2022,202210,на Гоголя,Galosha,KA grou-7567,84,1103004,594720.0,508284.0,85.47
,2022-11-01,2022,202211,на Гоголя,Galosha,KA grou-7567,60,813420,424800.0,388620.0,91.48
,2022-12-01,2022,202212,на Гоголя,Galosha,KA grou-7567,72,869760,509760.0,360000.0,70.62
,2021-01-01,2021,202101,на Гоголя,Galosha,KA gre-2749,87,2274354,913500.0,1360854.0,148.97
,2021-02-01,2021,202102,на Гоголя,Galosha,KA gre-2749,54,1439154,567000.0,872154.0,153.82
,2021-03-01,2021,202103,на Гоголя,Galosha,KA gre-2749,44,1132208,462000.0,670208.0,145.07
,2021-04-01,2021,202104,на Гоголя,Galosha,KA gre-2749,81,2126655,850500.0,1276155.0,150.05
,2021-05-01,2021,202105,на Гоголя,Galosha,KA gre-2749,103,2706428,1081500.0,1624928.0,150.25
,2021-06-01,2021,202106,на Гоголя,Galosha,KA gre-2749,98,2572696,1029000.0,1543696.0,150.02
,2021-07-01,2021,202107,на Гоголя,Galosha,KA gre-2749,103,2591995,1081500.0,1510495.0,139.67
,2021-08-01,2021,202108,на Гоголя,Galosha,KA gre-2749,87,2257824,913500.0,1344324.0,147.16
,2021-09-01,2021,202109,на Гоголя,Galosha,KA gre-2749,92,2358512,966000.0,1392512.0,144.15
,2021-10-01,2021,202110,на Гоголя,Galosha,KA gre-2749,76,1990136,798000.0,1192136.0,149.39
,2021-11-01,2021,202111,на Гоголя,Galosha,KA gre-2749,54,1420740,567000.0,853740.0,150.57
,2021-12-01,2021,202112,на Гоголя,Galosha,KA gre-2749,65,1649505,682500.0,967005.0,141.69
,2022-01-01,2022,202201,на Гоголя,Galosha,KA gre-2749,96,2513664,1008000.0,1505664.0,149.37
,2022-02-01,2022,202202,на Гоголя,Galosha,KA gre-2749,60,1599480,630000.0,969480.0,153.89
,2022-03-01,2022,202203,на Гоголя,Galosha,KA gre-2749,48,1233840,504000.0,729840.0,144.81
,2022-04-01,2022,202204,на Гоголя,Galosha,KA gre-2749,90,2404440,945000.0,1459440.0,154.44
,2022-05-01,2022,202205,на Гоголя,Galosha,KA gre-2749,113,3098347,1186500.0,1911847.0,161.13
,2022-06-01,2022,202206,на Гоголя,Galosha,KA gre-2749,107,2872201,1123500.0,1748701.0,155.65
,2022-07-01,2022,202207,на Гоголя,Galosha,KA gre-2749,113,2780817,1186500.0,1594317.0,134.37
,2022-08-01,2022,202208,на Гоголя,Galosha,KA gre-2749,96,2453952,1008000.0,1445952.0,143.45
,2022-09-01,2022,202209,на Гоголя,Galosha,KA gre-2749,101,2578631,1060500.0,1518131.0,143.15
,2022-10-01,2022,202210,на Гоголя,Galosha,KA gre-2749,84,2220036,882000.0,1338036.0,151.7
,2022-11-01,2022,202211,на Гоголя,Galosha,KA gre-2749,60,1579140,630000.0,949140.0,150.66
,2022-12-01,2022,202212,на Гоголя,Galosha,KA gre-2749,72,1813104,756000.0,1057104.0,139.83
,2021-01-01,2021,202101,на Гоголя,Galosha,KA earth-3018,94,1706100,703120.0,1002980.0,142.65
,2021-02-01,2021,202102,на Гоголя,Galosha,KA earth-3018,59,1066838,441320.0,625518.0,141.74
,2021-03-01,2021,202103,на Гоголя,Galosha,KA earth-3018,47,838997,351560.0,487437.0,138.65
,2021-04-01,2021,202104,на Гоголя,Galosha,KA earth-3018,88,1681768,658240.0,1023528.0,155.49
,2021-05-01,2021,202105,на Гоголя,Galosha,KA earth-3018,112,2118592,837760.0,1280832.0,152.89
,2021-06-01,2021,202106,на Гоголя,Galosha,KA earth-3018,106,1939694,792880.0,1146814.0,144.64
,2021-07-01,2021,202107,на Гоголя,Galosha,KA earth-3018,112,1885072,837760.0,1047312.0,125.01
,2021-08-01,2021,202108,на Гоголя,Galosha,KA earth-3018,94,1713526,703120.0,1010406.0,143.7
,2021-09-01,2021,202109,на Гоголя,Galosha,KA earth-3018,100,1802300,748000.0,1054300.0,140.95
,2021-10-01,2021,202110,на Гоголя,Galosha,KA earth-3018,82,1523724,613360.0,910364.0,148.42
,2021-11-01,2021,202111,на Гоголя,Galosha,KA earth-3018,59,1050495,441320.0,609175.0,138.03
,2021-12-01,2021,202112,на Гоголя,Galosha,KA earth-3018,71,1263161,531080.0,732081.0,137.85
,2022-01-01,2022,202201,на Гоголя,Galosha,KA earth-3018,103,1896333,770440.0,1125893.0,146.14
,2022-02-01,2022,202202,на Гоголя,Galosha,KA earth-3018,65,1197105,486200.0,710905.0,146.22
,2022-03-01,2022,202203,на Гоголя,Galosha,KA earth-3018,52,931372,388960.0,542412.0,139.45
,2022-04-01,2022,202204,на Гоголя,Galosha,KA earth-3018,97,1782957,725560.0,1057397.0,145.74
,2022-05-01,2022,202205,на Гоголя,Galosha,KA earth-3018,123,2273778,920040.0,1353738.0,147.14
,2022-06-01,2022,202206,на Гоголя,Galosha,KA earth-3018,116,2199244,867680.0,1331564.0,153.46
,2022-07-01,2022,202207,на Гоголя,Galosha,KA earth-3018,123,2048934,920040.0,1128894.0,122.7
,2022-08-01,2022,202208,на Гоголя,Galosha,KA earth-3018,103,1844524,770440.0,1074084.0,139.41
,2022-09-01,2022,202209,на Гоголя,Galosha,KA earth-3018,110,1930390,822800.0,1107590.0,134.61
,2022-10-01,2022,202210,на Гоголя,Galosha,KA earth-3018,91,1719172,680680.0,1038492.0,152.57
,2022-11-01,2022,202211,на Гоголя,Galosha,KA earth-3018,65,1204450,486200.0,718250.0,147.73
,2022-12-01,2022,202212,на Гоголя,Galosha,KA earth-3018,78,1371006,583440.0,787566.0,134.99
,2021-01-01,2021,202101,на Гоголя,Galosha,KA ais-3700,73,2288331,1226400.0,1061931.0,86.59
,2021-02-01,2021,202102,на Гоголя,Galosha,KA ais-3700,46,1433728,772800.0,660928.0,85.52
,2021-03-01,2021,202103,на Гоголя,Galosha,KA ais-3700,37,1146963,621600.0,525363.0,84.52
,2021-04-01,2021,202104,на Гоголя,Galosha,KA ais-3700,69,2162943,1159200.0,1003743.0,86.59
,2021-05-01,2021,202105,на Гоголя,Galosha,KA ais-3700,87,2832633,1461600.0,1371033.0,93.8
,2021-06-01,2021,202106,на Гоголя,Galosha,KA ais-3700,82,2544050,1377600.0,1166450.0,84.67
,2021-07-01,2021,202107,на Гоголя,Galosha,KA ais-3700,87,2613567,1461600.0,1151967.0,78.82
,2021-08-01,2021,202108,на Гоголя,Galosha,KA ais-3700,73,2269789,1226400.0,1043389.0,85.08
,2021-09-01,2021,202109,на Гоголя,Galosha,KA ais-3700,78,2402868,1310400.0,1092468.0,83.37
,2021-10-01,2021,202110,на Гоголя,Galosha,KA ais-3700,64,2039168,1075200.0,963968.0,89.65
,2021-11-01,2021,202111,на Гоголя,Galosha,KA ais-3700,46,1433038,772800.0,660238.0,85.43
,2021-12-01,2021,202112,на Гоголя,Galosha,KA ais-3700,55,1710665,924000.0,786665.0,85.14
,2022-01-01,2022,202201,на Гоголя,Galosha,KA ais-3700,81,2552715,1360800.0,1191915.0,87.59
,2022-02-01,2022,202202,на Гоголя,Galosha,KA ais-3700,51,1611906,856800.0,755106.0,88.13
,2022-03-01,2022,202203,на Гоголя,Galosha,KA ais-3700,41,1253370,688800.0,564570.0,81.96
,2022-04-01,2022,202204,на Гоголя,Galosha,KA ais-3700,76,2379028,1276800.0,1102228.0,86.33
,2022-05-01,2022,202205,на Гоголя,Galosha,KA ais-3700,96,3055872,1612800.0,1443072.0,89.48
,2022-06-01,2022,202206,на Гоголя,Galosha,KA ais-3700,91,2850393,1528800.0,1321593.0,86.45
,2022-07-01,2022,202207,на Гоголя,Galosha,KA ais-3700,96,2848416,1612800.0,1235616.0,76.61
,2022-08-01,2022,202208,на Гоголя,Galosha,KA ais-3700,81,2474469,1360800.0,1113669.0,81.84
,2022-09-01,2022,202209,на Гоголя,Galosha,KA ais-3700,86,2690768,1444800.0,1245968.0,86.24
,2022-10-01,2022,202210,на Гоголя,Galosha,KA ais-3700,71,2245446,1192800.0,1052646.0,88.25
,2022-11-01,2022,202211,на Гоголя,Galosha,KA ais-3700,51,1590384,856800.0,733584.0,85.62
,2022-12-01,2022,202212,на Гоголя,Galosha,KA ais-3700,61,1855010,1024800.0,830210.0,81.01
,2021-01-01,2021,202101,на Гоголя,Galosha,KA ice-7591,70,1169140,430500.0,738640.0,171.58
,2021-02-01,2021,202102,на Гоголя,Galosha,KA ice-7591,44,717816,270600.0,447216.0,165.27
,2021-03-01,2021,202103,на Гоголя,Galosha,KA ice-7591,35,532105,215250.0,316855.0,147.2
,2021-04-01,2021,202104,на Гоголя,Galosha,KA ice-7591,66,1099956,405900.0,694056.0,170.99
,2021-05-01,2021,202105,на Гоголя,Galosha,KA ice-7591,83,1401538,510450.0,891088.0,174.57
,2021-06-01,2021,202106,на Гоголя,Galosha,KA ice-7591,79,1310926,485850.0,825076.0,169.82
,2021-07-01,2021,202107,на Гоголя,Galosha,KA ice-7591,83,1236534,510450.0,726084.0,142.24
,2021-08-01,2021,202108,на Гоголя,Galosha,KA ice-7591,70,1144080,430500.0,713580.0,165.76
,2021-09-01,2021,202109,на Гоголя,Galosha,KA ice-7591,74,1131164,455100.0,676064.0,148.55
,2021-10-01,2021,202110,на Гоголя,Galosha,KA ice-7591,61,1036695,375150.0,661545.0,176.34
,2021-11-01,2021,202111,на Гоголя,Galosha,KA ice-7591,44,704704,270600.0,434104.0,160.42
,2021-12-01,2021,202112,на Гоголя,Galosha,KA ice-7591,53,852028,325950.0,526078.0,161.4
,2022-01-01,2022,202201,на Гоголя,Galosha,KA ice-7591,77,1278123,473550.0,804573.0,169.9
,2022-02-01,2022,202202,на Гоголя,Galosha,KA ice-7591,48,802080,295200.0,506880.0,171.71
,2022-03-01,2022,202203,на Гоголя,Galosha,KA ice-7591,39,618423,239850.0,378573.0,157.84
,2022-04-01,2022,202204,на Гоголя,Galosha,KA ice-7591,72,1213488,442800.0,770688.0,174.05
,2022-05-01,2022,202205,на Гоголя,Galosha,KA ice-7591,91,1517061,559650.0,957411.0,171.07
,2022-06-01,2022,202206,на Гоголя,Galosha,KA ice-7591,87,1417752,535050.0,882702.0,164.98
,2022-07-01,2022,202207,на Гоголя,Galosha,KA ice-7591,91,1310946,559650.0,751296.0,134.24
,2022-08-01,2022,202208,на Гоголя,Galosha,KA ice-7591,77,1230460,473550.0,756910.0,159.84
,2022-09-01,2022,202209,на Гоголя,Galosha,KA ice-7591,82,1348408,504300.0,844108.0,167.38
,2022-10-01,2022,202210,на Гоголя,Galosha,KA ice-7591,67,1093306,412050.0,681256.0,165.33
,2022-11-01,2022,202211,на Гоголя,Galosha,KA ice-7591,48,781728,295200.0,486528.0,164.81
,2022-12-01,2022,202212,на Гоголя,Galosha,KA ice-7591,58,914834,356700.0,558134.0,156.47
,2021-01-01,2021,202101,на Гоголя,Galosha,KA ai-2818,92,1076216,404800.0,671416.0,165.86
,2021-02-01,2021,202102,на Гоголя,Galosha,KA ai-2818,57,731709,250800.0,480909.0,191.75
,2021-03-01,2021,202103,на Гоголя,Galosha,KA ai-2818,46,516488,202400.0,314088.0,155.18
,2021-04-01,2021,202104,на Гоголя,Galosha,KA ai-2818,86,1086524,378400.0,708124.0,187.14
,2021-05-01,2021,202105,на Гоголя,Galosha,KA ai-2818,109,1369149,479600.0,889549.0,185.48
,2021-06-01,2021,202106,на Гоголя,Galosha,KA ai-2818,103,1321490,453200.0,868290.0,191.59
,2021-07-01,2021,202107,на Гоголя,Galosha,KA ai-2818,109,1161286,479600.0,681686.0,142.14
,2021-08-01,2021,202108,на Гоголя,Galosha,KA ai-2818,92,1127644,404800.0,722844.0,178.57
,2021-09-01,2021,202109,на Гоголя,Galosha,KA ai-2818,97,1151972,426800.0,725172.0,169.91
,2021-10-01,2021,202110,на Гоголя,Galosha,KA ai-2818,80,1016720,352000.0,664720.0,188.84
,2021-11-01,2021,202111,на Гоголя,Galosha,KA ai-2818,57,711987,250800.0,461187.0,183.89
,2021-12-01,2021,202112,на Гоголя,Galosha,KA ai-2818,69,824343,303600.0,520743.0,171.52
,2022-01-01,2022,202201,на Гоголя,Galosha,KA ai-2818,101,1180690,444400.0,736290.0,165.68
,2022-02-01,2022,202202,на Гоголя,Galosha,KA ai-2818,63,798903,277200.0,521703.0,188.2
,2022-03-01,2022,202203,на Гоголя,Galosha,KA ai-2818,51,588846,224400.0,364446.0,162.41
,2022-04-01,2022,202204,на Гоголя,Galosha,KA ai-2818,95,1161755,418000.0,743755.0,177.93
,2022-05-01,2022,202205,на Гоголя,Galosha,KA ai-2818,120,1606920,528000.0,1078920.0,204.34
,2022-06-01,2022,202206,на Гоголя,Galosha,KA ai-2818,113,1363458,497200.0,866258.0,174.23
,2022-07-01,2022,202207,на Гоголя,Galosha,KA ai-2818,120,1276800,528000.0,748800.0,141.82
,2022-08-01,2022,202208,на Гоголя,Galosha,KA ai-2818,101,1172509,444400.0,728109.0,163.84
,2022-09-01,2022,202209,на Гоголя,Galosha,KA ai-2818,107,1283465,470800.0,812665.0,172.61
,2022-10-01,2022,202210,на Гоголя,Galosha,KA ai-2818,88,1146992,387200.0,759792.0,196.23
,2022-11-01,2022,202211,на Гоголя,Galosha,KA ai-2818,63,792603,277200.0,515403.0,185.93
,2022-12-01,2022,202212,на Гоголя,Galosha,KA ai-2818,76,922184,334400.0,587784.0,175.77
,2021-01-01,2021,202101,на Гоголя,Babidas,BA air-5353,46,251850,83398.0,168452.0,201.99
,2021-02-01,2021,202102,на Гоголя,Babidas,BA air-5353,29,157876,52577.0,105299.0,200.28
,2021-03-01,2021,202103,на Гоголя,Babidas,BA air-5353,23,109618,41699.0,67919.0,162.88
,2021-04-01,2021,202104,на Гоголя,Babidas,BA air-5353,44,239184,79772.0,159412.0,199.83
,2021-05-01,2021,202105,на Гоголя,Babidas,BA air-5353,55,328185,99715.0,228470.0,229.12
,2021-06-01,2021,202106,на Гоголя,Babidas,BA air-5353,52,270972,94276.0,176696.0,187.42
,2021-07-01,2021,202107,на Гоголя,Babidas,BA air-5353,55,165825,99715.0,66110.0,66.3
,2021-08-01,2021,202108,на Гоголя,Babidas,BA air-5353,46,193568,83398.0,110170.0,132.1
,2021-09-01,2021,202109,на Гоголя,Babidas,BA air-5353,49,212856,88837.0,124019.0,139.6
,2021-10-01,2021,202110,на Гоголя,Babidas,BA air-5353,41,216808,74333.0,142475.0,191.67
,2021-11-01,2021,202111,на Гоголя,Babidas,BA air-5353,29,156165,52577.0,103588.0,197.02
,2021-12-01,2021,202112,на Гоголя,Babidas,BA air-5353,35,144060,63455.0,80605.0,127.03
,2022-01-01,2022,202201,на Гоголя,Babidas,BA air-5353,51,268413,92463.0,175950.0,190.29
,2022-02-01,2022,202202,на Гоголя,Babidas,BA air-5353,32,171488,58016.0,113472.0,195.59
,2022-03-01,2022,202203,на Гоголя,Babidas,BA air-5353,26,118560,47138.0,71422.0,151.52
,2022-04-01,2022,202204,на Гоголя,Babidas,BA air-5353,48,256896,87024.0,169872.0,195.2
,2022-05-01,2022,202205,на Гоголя,Babidas,BA air-5353,61,339587,110593.0,228994.0,207.06
,2022-06-01,2022,202206,на Гоголя,Babidas,BA air-5353,57,295032,103341.0,191691.0,185.49
,2022-07-01,2022,202207,на Гоголя,Babidas,BA air-5353,61,189283,110593.0,78690.0,71.15
,2022-08-01,2022,202208,на Гоголя,Babidas,BA air-5353,51,253980,92463.0,161517.0,174.68
,2022-09-01,2022,202209,на Гоголя,Babidas,BA air-5353,54,271890,97902.0,173988.0,177.72
,2022-10-01,2022,202210,на Гоголя,Babidas,BA air-5353,45,238410,81585.0,156825.0,192.22
,2022-11-01,2022,202211,на Гоголя,Babidas,BA air-5353,32,163328,58016.0,105312.0,181.52
,2022-12-01,2022,202212,на Гоголя,Babidas,BA air-5353,38,177422,68894.0,108528.0,157.53
,2021-01-01,2021,202101,на Гоголя,Babidas,BA grou-9248,36,110916,41400.0,69516.0,167.91
,2021-02-01,2021,202102,на Гоголя,Babidas,BA grou-9248,23,81627,26450.0,55177.0,208.61
,2021-03-01,2021,202103,на Гоголя,Babidas,BA grou-9248,18,67302,20700.0,46602.0,225.13
,2021-04-01,2021,202104,на Гоголя,Babidas,BA grou-9248,34,155618,39100.0,116518.0,298.0
,2021-05-01,2021,202105,на Гоголя,Babidas,BA grou-9248,43,177977,49450.0,128527.0,259.91
,2021-06-01,2021,202106,на Гоголя,Babidas,BA grou-9248,41,153586,47150.0,106436.0,225.74
,2021-07-01,2021,202107,на Гоголя,Babidas,BA grou-9248,43,105436,49450.0,55986.0,113.22
,2021-08-01,2021,202108,на Гоголя,Babidas,BA grou-9248,36,98352,41400.0,56952.0,137.57
,2021-09-01,2021,202109,на Гоголя,Babidas,BA grou-9248,39,132756,44850.0,87906.0,196.0
,2021-10-01,2021,202110,на Гоголя,Babidas,BA grou-9248,32,149920,36800.0,113120.0,307.39
,2021-11-01,2021,202111,на Гоголя,Babidas,BA grou-9248,23,78683,26450.0,52233.0,197.48
,2021-12-01,2021,202112,на Гоголя,Babidas,BA grou-9248,27,91341,31050.0,60291.0,194.17
,2022-01-01,2022,202201,на Гоголя,Babidas,BA grou-9248,40,134600,46000.0,88600.0,192.61
,2022-02-01,2022,202202,на Гоголя,Babidas,BA grou-9248,25,83550,28750.0,54800.0,190.61
,2022-03-01,2022,202203,на Гоголя,Babidas,BA grou-9248,20,75840,23000.0,52840.0,229.74
,2022-04-01,2022,202204,на Гоголя,Babidas,BA grou-9248,38,166098,43700.0,122398.0,280.09
,2022-05-01,2022,202205,на Гоголя,Babidas,BA grou-9248,48,213648,55200.0,158448.0,287.04
,2022-06-01,2022,202206,на Гоголя,Babidas,BA grou-9248,45,175860,51750.0,124110.0,239.83
,2022-07-01,2022,202207,на Гоголя,Babidas,BA grou-9248,48,135456,55200.0,80256.0,145.39
,2022-08-01,2022,202208,на Гоголя,Babidas,BA grou-9248,40,141120,46000.0,95120.0,206.78
,2022-09-01,2022,202209,на Гоголя,Babidas,BA grou-9248,43,144308,49450.0,94858.0,191.83
,2022-10-01,2022,202210,на Гоголя,Babidas,BA grou-9248,35,112945,40250.0,72695.0,180.61
,2022-11-01,2022,202211,на Гоголя,Babidas,BA grou-9248,25,100100,28750.0,71350.0,248.17
,2022-12-01,2022,202212,на Гоголя,Babidas,BA grou-9248,30,90300,34500.0,55800.0,161.74
,2021-01-01,2021,202101,на Гоголя,Babidas,BA gre-3658,47,218879,62698.0,156181.0,249.1
,2021-02-01,2021,202102,на Гоголя,Babidas,BA gre-3658,29,123685,38686.0,84999.0,219.72
,2021-03-01,2021,202103,на Гоголя,Babidas,BA gre-3658,24,77688,32016.0,45672.0,142.65
,2021-04-01,2021,202104,на Гоголя,Babidas,BA gre-3658,44,186384,58696.0,127688.0,217.54
,2021-05-01,2021,202105,на Гоголя,Babidas,BA gre-3658,56,264376,74704.0,189672.0,253.9
,2021-06-01,2021,202106,на Гоголя,Babidas,BA gre-3658,53,229702,70702.0,159000.0,224.89
,2021-07-01,2021,202107,на Гоголя,Babidas,BA gre-3658,56,131320,74704.0,56616.0,75.79
,2021-08-01,2021,202108,на Гоголя,Babidas,BA gre-3658,47,152280,62698.0,89582.0,142.88
,2021-09-01,2021,202109,на Гоголя,Babidas,BA gre-3658,50,174600,66700.0,107900.0,161.77
,2021-10-01,2021,202110,на Гоголя,Babidas,BA gre-3658,41,190281,54694.0,135587.0,247.9
,2021-11-01,2021,202111,на Гоголя,Babidas,BA gre-3658,29,112462,38686.0,73776.0,190.7
,2021-12-01,2021,202112,на Гоголя,Babidas,BA gre-3658,35,142170,46690.0,95480.0,204.5
,2022-01-01,2022,202201,на Гоголя,Babidas,BA gre-3658,52,231504,69368.0,162136.0,233.73
,2022-02-01,2022,202202,на Гоголя,Babidas,BA gre-3658,32,136224,42688.0,93536.0,219.12
,2022-03-01,2022,202203,на Гоголя,Babidas,BA gre-3658,26,96148,34684.0,61464.0,177.21
,2022-04-01,2022,202204,на Гоголя,Babidas,BA gre-3658,48,222192,64032.0,158160.0,247.0
,2022-05-01,2022,202205,на Гоголя,Babidas,BA gre-3658,61,305854,81374.0,224480.0,275.86
,2022-06-01,2022,202206,на Гоголя,Babidas,BA gre-3658,58,239598,77372.0,162226.0,209.67
,2022-07-01,2022,202207,на Гоголя,Babidas,BA gre-3658,61,165310,81374.0,83936.0,103.15
,2022-08-01,2022,202208,на Гоголя,Babidas,BA gre-3658,52,173264,69368.0,103896.0,149.78
,2022-09-01,2022,202209,на Гоголя,Babidas,BA gre-3658,55,212960,73370.0,139590.0,190.25
,2022-10-01,2022,202210,на Гоголя,Babidas,BA gre-3658,45,226845,60030.0,166815.0,277.89
,2022-11-01,2022,202211,на Гоголя,Babidas,BA gre-3658,32,135104,42688.0,92416.0,216.49
,2022-12-01,2022,202212,на Гоголя,Babidas,BA gre-3658,39,130572,52026.0,78546.0,150.97
,2021-01-01,2021,202101,на Гоголя,Babidas,BA earth-3530,39,209469,78624.0,130845.0,166.42
,2021-02-01,2021,202102,на Гоголя,Babidas,BA earth-3530,24,129528,48384.0,81144.0,167.71
,2021-03-01,2021,202103,на Гоголя,Babidas,BA earth-3530,20,108960,40320.0,68640.0,170.24
,2021-04-01,2021,202104,на Гоголя,Babidas,BA earth-3530,36,228564,72576.0,155988.0,214.93
,2021-05-01,2021,202105,на Гоголя,Babidas,BA earth-3530,46,295688,92736.0,202952.0,218.85
,2021-06-01,2021,202106,на Гоголя,Babidas,BA earth-3530,44,252516,88704.0,163812.0,184.67
,2021-07-01,2021,202107,на Гоголя,Babidas,BA earth-3530,46,152812,92736.0,60076.0,64.78
,2021-08-01,2021,202108,на Гоголя,Babidas,BA earth-3530,39,203814,78624.0,125190.0,159.23
,2021-09-01,2021,202109,на Гоголя,Babidas,BA earth-3530,41,200941,82656.0,118285.0,143.11
,2021-10-01,2021,202110,на Гоголя,Babidas,BA earth-3530,34,212364,68544.0,143820.0,209.82
,2021-11-01,2021,202111,на Гоголя,Babidas,BA earth-3530,24,131160,48384.0,82776.0,171.08
,2021-12-01,2021,202112,на Гоголя,Babidas,BA earth-3530,29,129920,58464.0,71456.0,122.22
,2022-01-01,2022,202201,на Гоголя,Babidas,BA earth-3530,43,213151,86688.0,126463.0,145.88
,2022-02-01,2022,202202,на Гоголя,Babidas,BA earth-3530,27,163917,54432.0,109485.0,201.14
,2022-03-01,2022,202203,на Гоголя,Babidas,BA earth-3530,22,121308,44352.0,76956.0,173.51
,2022-04-01,2022,202204,на Гоголя,Babidas,BA earth-3530,40,233240,80640.0,152600.0,189.24
,2022-05-01,2022,202205,на Гоголя,Babidas,BA earth-3530,51,321351,102816.0,218535.0,212.55
,2022-06-01,2022,202206,на Гоголя,Babidas,BA earth-3530,48,237792,96768.0,141024.0,145.73
,2022-07-01,2022,202207,на Гоголя,Babidas,BA earth-3530,51,199104,102816.0,96288.0,93.65
,2022-08-01,2022,202208,на Гоголя,Babidas,BA earth-3530,43,190533,86688.0,103845.0,119.79
,2022-09-01,2022,202209,на Гоголя,Babidas,BA earth-3530,45,225900,90720.0,135180.0,149.01
,2022-10-01,2022,202210,на Гоголя,Babidas,BA earth-3530,37,207533,74592.0,132941.0,178.22
,2022-11-01,2022,202211,на Гоголя,Babidas,BA earth-3530,27,144234,54432.0,89802.0,164.98
,2022-12-01,2022,202212,на Гоголя,Babidas,BA earth-3530,32,151008,64512.0,86496.0,134.08
,2021-01-01,2021,202101,на Гоголя,Babidas,BA ais-1740,35,97125,32725.000000000004,64400.0,196.79
,2021-02-01,2021,202102,на Гоголя,Babidas,BA ais-1740,22,60214,20570.000000000004,39644.0,192.73
,2021-03-01,2021,202103,на Гоголя,Babidas,BA ais-1740,18,44406,16830.000000000004,27575.999999999996,163.85
,2021-04-01,2021,202104,на Гоголя,Babidas,BA ais-1740,33,112464,30855.000000000004,81609.0,264.49
,2021-05-01,2021,202105,на Гоголя,Babidas,BA ais-1740,42,159054,39270.00000000001,119784.0,305.03
,2021-06-01,2021,202106,на Гоголя,Babidas,BA ais-1740,40,133320,37400.00000000001,95920.0,256.47
,2021-07-01,2021,202107,на Гоголя,Babidas,BA ais-1740,42,47922,39270.00000000001,8651.999999999993,22.03
,2021-08-01,2021,202108,на Гоголя,Babidas,BA ais-1740,35,76440,32725.000000000004,43715.0,133.58
,2021-09-01,2021,202109,на Гоголя,Babidas,BA ais-1740,37,82103,34595.00000000001,47507.99999999999,137.33
,2021-10-01,2021,202110,на Гоголя,Babidas,BA ais-1740,31,100719,28985.000000000004,71734.0,247.49
,2021-11-01,2021,202111,на Гоголя,Babidas,BA ais-1740,22,70290,20570.000000000004,49720.0,241.71
,2021-12-01,2021,202112,на Гоголя,Babidas,BA ais-1740,27,59508,25245.000000000004,34263.0,135.72
,2022-01-01,2022,202201,на Гоголя,Babidas,BA ais-1740,39,111228,36465.00000000001,74763.0,205.03
,2022-02-01,2022,202202,на Гоголя,Babidas,BA ais-1740,24,74256,22440.000000000004,51816.0,230.91
,2022-03-01,2022,202203,на Гоголя,Babidas,BA ais-1740,20,40940,18700.000000000004,22239.999999999996,118.93
,2022-04-01,2022,202204,на Гоголя,Babidas,BA ais-1740,36,129708,33660.00000000001,96048.0,285.35
,2022-05-01,2022,202205,на Гоголя,Babidas,BA ais-1740,46,165600,43010.00000000001,122590.0,285.03
,2022-06-01,2022,202206,на Гоголя,Babidas,BA ais-1740,44,132572,41140.00000000001,91432.0,222.25
,2022-07-01,2022,202207,на Гоголя,Babidas,BA ais-1740,46,60306,43010.00000000001,17295.999999999993,40.21
,2022-08-01,2022,202208,на Гоголя,Babidas,BA ais-1740,39,90636,36465.00000000001,54170.99999999999,148.56
,2022-09-01,2022,202209,на Гоголя,Babidas,BA ais-1740,41,104673,38335.00000000001,66338.0,173.05
,2022-10-01,2022,202210,на Гоголя,Babidas,BA ais-1740,34,126174,31790.000000000004,94384.0,296.9
,2022-11-01,2022,202211,на Гоголя,Babidas,BA ais-1740,24,75504,22440.000000000004,53064.0,236.47
,2022-12-01,2022,202212,на Гоголя,Babidas,BA ais-1740,29,80736,27115.000000000004,53621.0,197.75
,2021-01-01,2021,202101,на Гоголя,Babidas,BA ice-4231,43,220332,84968.0,135364.0,159.31
,2021-02-01,2021,202102,на Гоголя,Babidas,BA ice-4231,27,139509,53352.0,86157.0,161.49
,2021-03-01,2021,202103,на Гоголя,Babidas,BA ice-4231,22,91696,43472.0,48224.0,110.93
,2021-04-01,2021,202104,на Гоголя,Babidas,BA ice-4231,41,203155,81016.0,122139.0,150.76
,2021-05-01,2021,202105,на Гоголя,Babidas,BA ice-4231,51,325227,100776.0,224451.0,222.72
,2021-06-01,2021,202106,на Гоголя,Babidas,BA ice-4231,49,234024,96824.0,137200.0,141.7
,2021-07-01,2021,202107,на Гоголя,Babidas,BA ice-4231,51,161415,100776.0,60639.0,60.17
,2021-08-01,2021,202108,на Гоголя,Babidas,BA ice-4231,43,171312,84968.0,86344.0,101.62
,2021-09-01,2021,202109,на Гоголя,Babidas,BA ice-4231,46,229034,90896.0,138138.0,151.97
,2021-10-01,2021,202110,на Гоголя,Babidas,BA ice-4231,38,205580,75088.0,130492.0,173.79
,2021-11-01,2021,202111,на Гоголя,Babidas,BA ice-4231,27,123039,53352.0,69687.0,130.62
,2021-12-01,2021,202112,на Гоголя,Babidas,BA ice-4231,33,157608,65208.0,92400.0,141.7
,2022-01-01,2022,202201,на Гоголя,Babidas,BA ice-4231,48,222336,94848.0,127488.0,134.41
,2022-02-01,2022,202202,на Гоголя,Babidas,BA ice-4231,30,147390,59280.0,88110.0,148.63
,2022-03-01,2022,202203,на Гоголя,Babidas,BA ice-4231,24,114816,47424.0,67392.0,142.11
,2022-04-01,2022,202204,на Гоголя,Babidas,BA ice-4231,45,243495,88920.0,154575.0,173.84
,2022-05-01,2022,202205,на Гоголя,Babidas,BA ice-4231,56,308784,110656.0,198128.0,179.05
,2022-06-01,2022,202206,на Гоголя,Babidas,BA ice-4231,53,269611,104728.0,164883.0,157.44
,2022-07-01,2022,202207,на Гоголя,Babidas,BA ice-4231,56,174048,110656.0,63392.0,57.29
,2022-08-01,2022,202208,на Гоголя,Babidas,BA ice-4231,48,218400,94848.0,123552.0,130.26
,2022-09-01,2022,202209,на Гоголя,Babidas,BA ice-4231,51,254286,100776.0,153510.0,152.33
,2022-10-01,2022,202210,на Гоголя,Babidas,BA ice-4231,42,228774,82992.0,145782.0,175.66
,2022-11-01,2022,202211,на Гоголя,Babidas,BA ice-4231,30,156360,59280.0,97080.0,163.77
,2022-12-01,2022,202212,на Гоголя,Babidas,BA ice-4231,36,156996,71136.0,85860.0,120.7
,2021-01-01,2021,202101,на Гоголя,Babidas,BA ai-2960,39,202800,70200.0,132600.0,188.89
,2021-02-01,2021,202102,на Гоголя,Babidas,BA ai-2960,24,138120,43200.0,94920.0,219.72
,2021-03-01,2021,202103,на Гоголя,Babidas,BA ai-2960,20,114420,36000.0,78420.0,217.83
,2021-04-01,2021,202104,на Гоголя,Babidas,BA ai-2960,36,227016,64800.0,162216.0,250.33
,2021-05-01,2021,202105,на Гоголя,Babidas,BA ai-2960,46,305348,82800.0,222548.0,268.78
,2021-06-01,2021,202106,на Гоголя,Babidas,BA ai-2960,44,255024,79200.0,175824.0,222.0
,2021-07-01,2021,202107,на Гоголя,Babidas,BA ai-2960,46,204102,82800.0,121302.0,146.5
,2021-08-01,2021,202108,на Гоголя,Babidas,BA ai-2960,39,230841,70200.0,160641.0,228.83
,2021-09-01,2021,202109,на Гоголя,Babidas,BA ai-2960,41,215537,73800.0,141737.0,192.06
,2021-10-01,2021,202110,на Гоголя,Babidas,BA ai-2960,34,191726,61200.0,130526.0,213.28
,2021-11-01,2021,202111,на Гоголя,Babidas,BA ai-2960,24,131856,43200.0,88656.0,205.22
,2021-12-01,2021,202112,на Гоголя,Babidas,BA ai-2960,29,145783,52200.0,93583.0,179.28
,2022-01-01,2022,202201,на Гоголя,Babidas,BA ai-2960,43,255807,77400.0,178407.0,230.5
,2022-02-01,2022,202202,на Гоголя,Babidas,BA ai-2960,27,154386,48600.0,105786.0,217.67
,2022-03-01,2022,202203,на Гоголя,Babidas,BA ai-2960,22,106458,39600.0,66858.0,168.83
,2022-04-01,2022,202204,на Гоголя,Babidas,BA ai-2960,40,264040,72000.0,192040.0,266.72
,2022-05-01,2022,202205,на Гоголя,Babidas,BA ai-2960,51,306255,91800.0,214455.0,233.61
,2022-06-01,2022,202206,на Гоголя,Babidas,BA ai-2960,48,282672,86400.0,196272.0,227.17
,2022-07-01,2022,202207,на Гоголя,Babidas,BA ai-2960,51,206193,91800.0,114393.0,124.61
,2022-08-01,2022,202208,на Гоголя,Babidas,BA ai-2960,43,222869,77400.0,145469.0,187.94
,2022-09-01,2022,202209,на Гоголя,Babidas,BA ai-2960,45,232425,81000.0,151425.0,186.94
,2022-10-01,2022,202210,на Гоголя,Babidas,BA ai-2960,37,212713,66600.0,146113.0,219.39
,2022-11-01,2022,202211,на Гоголя,Babidas,BA ai-2960,27,140265,48600.0,91665.0,188.61
,2022-12-01,2022,202212,на Гоголя,Babidas,BA ai-2960,32,153728,57600.0,96128.0,166.89
,2021-01-01,2021,202101,на Гоголя,Asic,AS air-7520,26,944580,536900.0,407680.0,75.93
,2021-02-01,2021,202102,на Гоголя,Asic,AS air-7520,17,629510,351050.0,278460.0,79.32
,2021-03-01,2021,202103,на Гоголя,Asic,AS air-7520,13,466375,268450.0,197925.0,73.73
,2021-04-01,2021,202104,на Гоголя,Asic,AS air-7520,25,921150,516250.0,404900.0,78.43
,2021-05-01,2021,202105,на Гоголя,Asic,AS air-7520,31,1141637,640150.0,501487.0,78.34
,2021-06-01,2021,202106,на Гоголя,Asic,AS air-7520,29,1064561,598850.0,465711.0,77.77
,2021-07-01,2021,202107,на Гоголя,Asic,AS air-7520,31,1071143,640150.0,430993.0,67.33
,2021-08-01,2021,202108,на Гоголя,Asic,AS air-7520,26,930826,536900.0,393926.0,73.37
,2021-09-01,2021,202109,на Гоголя,Asic,AS air-7520,28,1016736,578200.0,438536.0,75.85
,2021-10-01,2021,202110,на Гоголя,Asic,AS air-7520,23,830461,474950.0,355511.0,74.85
,2021-11-01,2021,202111,на Гоголя,Asic,AS air-7520,17,620024,351050.0,268974.0,76.62
,2021-12-01,2021,202112,на Гоголя,Asic,AS air-7520,20,703220,413000.0,290220.0,70.27
,2022-01-01,2022,202201,на Гоголя,Asic,AS air-7520,29,1043942,598850.0,445092.0,74.32
,2022-02-01,2022,202202,на Гоголя,Asic,AS air-7520,18,653112,371700.0,281412.0,75.71
,2022-03-01,2022,202203,на Гоголя,Asic,AS air-7520,15,537870,309750.0,228120.0,73.65
,2022-04-01,2022,202204,на Гоголя,Asic,AS air-7520,27,990657,557550.0,433107.0,77.68
,2022-05-01,2022,202205,на Гоголя,Asic,AS air-7520,34,1250860,702100.0,548760.0,78.16
,2022-06-01,2022,202206,на Гоголя,Asic,AS air-7520,32,1147520,660800.0,486720.0,73.66
,2022-07-01,2022,202207,на Гоголя,Asic,AS air-7520,34,1170518,702100.0,468418.0,66.72
,2022-08-01,2022,202208,на Гоголя,Asic,AS air-7520,29,1050873,598850.0,452023.0,75.48
,2022-09-01,2022,202209,на Гоголя,Asic,AS air-7520,31,1114233,640150.0,474083.0,74.06
,2022-10-01,2022,202210,на Гоголя,Asic,AS air-7520,25,910775,516250.0,394525.0,76.42
,2022-11-01,2022,202211,на Гоголя,Asic,AS air-7520,18,649080,371700.0,277380.0,74.62
,2022-12-01,2022,202212,на Гоголя,Asic,AS air-7520,22,782188,454300.0,327888.0,72.17
,2021-01-01,2021,202101,на Гоголя,Asic,AS grou-3318,21,689598,329280.0,360318.0,109.43
,2021-02-01,2021,202102,на Гоголя,Asic,AS grou-3318,13,434070,203840.0,230230.0,112.95
,2021-03-01,2021,202103,на Гоголя,Asic,AS grou-3318,11,362868,172480.0,190388.0,110.38
,2021-04-01,2021,202104,на Гоголя,Asic,AS grou-3318,20,678660,313600.0,365060.0,116.41
,2021-05-01,2021,202105,на Гоголя,Asic,AS grou-3318,25,843400,392000.0,451400.0,115.15
,2021-06-01,2021,202106,на Гоголя,Asic,AS grou-3318,24,808008,376320.0,431688.0,114.71
,2021-07-01,2021,202107,на Гоголя,Asic,AS grou-3318,25,808150,392000.0,416150.0,106.16
,2021-08-01,2021,202108,на Гоголя,Asic,AS grou-3318,21,683613,329280.0,354333.0,107.61
,2021-09-01,2021,202109,на Гоголя,Asic,AS grou-3318,22,712206,344960.0,367246.0,106.46
,2021-10-01,2021,202110,на Гоголя,Asic,AS grou-3318,19,637260,297920.0,339340.0,113.9
,2021-11-01,2021,202111,на Гоголя,Asic,AS grou-3318,13,431717,203840.0,227877.0,111.79
,2021-12-01,2021,202112,на Гоголя,Asic,AS grou-3318,16,524672,250880.0,273792.0,109.13
,2022-01-01,2022,202201,на Гоголя,Asic,AS grou-3318,23,752606,360640.0,391966.0,108.69
,2022-02-01,2022,202202,на Гоголя,Asic,AS grou-3318,15,510765,235200.0,275565.0,117.16
,2022-03-01,2022,202203,на Гоголя,Asic,AS grou-3318,12,397752,188160.0,209592.0,111.39
,2022-04-01,2022,202204,на Гоголя,Asic,AS grou-3318,22,754622,344960.0,409662.0,118.76
,2022-05-01,2022,202205,на Гоголя,Asic,AS grou-3318,27,909846,423360.0,486486.0,114.91
,2022-06-01,2022,202206,на Гоголя,Asic,AS grou-3318,26,874666,407680.0,466986.0,114.55
,2022-07-01,2022,202207,на Гоголя,Asic,AS grou-3318,27,850554,423360.0,427194.0,100.91
,2022-08-01,2022,202208,на Гоголя,Asic,AS grou-3318,23,741336,360640.0,380696.0,105.56
,2022-09-01,2022,202209,на Гоголя,Asic,AS grou-3318,25,834500,392000.0,442500.0,112.88
,2022-10-01,2022,202210,на Гоголя,Asic,AS grou-3318,20,658080,313600.0,344480.0,109.85
,2022-11-01,2022,202211,на Гоголя,Asic,AS grou-3318,15,499800,235200.0,264600.0,112.5
,2022-12-01,2022,202212,на Гоголя,Asic,AS grou-3318,18,587916,282240.0,305676.0,108.3
,2021-01-01,2021,202101,на Гоголя,Asic,AS gre-2748,24,1031256,433440.0,597816.0,137.92
,2021-02-01,2021,202102,на Гоголя,Asic,AS gre-2748,15,656550,270900.0,385650.0,142.36
,2021-03-01,2021,202103,на Гоголя,Asic,AS gre-2748,12,516312,216720.0,299592.0,138.24
,2021-04-01,2021,202104,на Гоголя,Asic,AS gre-2748,22,953964,397320.0,556644.0,140.1
,2021-05-01,2021,202105,на Гоголя,Asic,AS gre-2748,28,1219568,505680.0,713888.0,141.17
,2021-06-01,2021,202106,на Гоголя,Asic,AS gre-2748,26,1124474,469560.0,654914.0,139.47
,2021-07-01,2021,202107,на Гоголя,Asic,AS gre-2748,28,1173956,505680.0,668276.0,132.15
,2021-08-01,2021,202108,на Гоголя,Asic,AS gre-2748,24,1026840,433440.0,593400.0,136.9
,2021-09-01,2021,202109,на Гоголя,Asic,AS gre-2748,25,1068900,451500.0,617400.0,136.74
,2021-10-01,2021,202110,на Гоголя,Asic,AS gre-2748,21,917721,379260.0,538461.0,141.98
,2021-11-01,2021,202111,на Гоголя,Asic,AS gre-2748,15,655605,270900.0,384705.0,142.01
,2021-12-01,2021,202112,на Гоголя,Asic,AS gre-2748,18,774864,325080.0,449784.0,138.36
,2022-01-01,2022,202201,на Гоголя,Asic,AS gre-2748,26,1123226,469560.0,653666.0,139.21
,2022-02-01,2022,202202,на Гоголя,Asic,AS gre-2748,16,690000,288960.0,401040.0,138.79
,2022-03-01,2022,202203,на Гоголя,Asic,AS gre-2748,13,555724,234780.0,320944.0,136.7
,2022-04-01,2022,202204,на Гоголя,Asic,AS gre-2748,24,1056984,433440.0,623544.0,143.86
,2022-05-01,2022,202205,на Гоголя,Asic,AS gre-2748,31,1371750,559860.0,811890.0,145.02
,2022-06-01,2022,202206,на Гоголя,Asic,AS gre-2748,29,1248276,523740.0,724536.0,138.34
,2022-07-01,2022,202207,на Гоголя,Asic,AS gre-2748,31,1310649,559860.0,750789.0,134.1
,2022-08-01,2022,202208,на Гоголя,Asic,AS gre-2748,26,1107886,469560.0,638326.0,135.94
,2022-09-01,2022,202209,на Гоголя,Asic,AS gre-2748,27,1167939,487620.0,680319.0,139.52
,2022-10-01,2022,202210,на Гоголя,Asic,AS gre-2748,23,990610,415380.0,575230.0,138.48
,2022-11-01,2022,202211,на Гоголя,Asic,AS gre-2748,16,691552,288960.0,402592.0,139.32
,2022-12-01,2022,202212,на Гоголя,Asic,AS gre-2748,20,855180,361200.0,493980.0,136.76
,2021-01-01,2021,202101,на Гоголя,Asic,AS earth-9544,21,616287,235200.0,381087.0,162.03
,2021-02-01,2021,202102,на Гоголя,Asic,AS earth-9544,14,407288,156800.0,250488.0,159.75
,2021-03-01,2021,202103,на Гоголя,Asic,AS earth-9544,11,318527,123200.0,195327.0,158.54
,2021-04-01,2021,202104,на Гоголя,Asic,AS earth-9544,20,595880,224000.0,371880.0,166.02
,2021-05-01,2021,202105,на Гоголя,Asic,AS earth-9544,25,756800,280000.0,476800.0,170.29
,2021-06-01,2021,202106,на Гоголя,Asic,AS earth-9544,24,695184,268800.0,426384.0,158.62
,2021-07-01,2021,202107,на Гоголя,Asic,AS earth-9544,25,697950,280000.0,417950.0,149.27
,2021-08-01,2021,202108,на Гоголя,Asic,AS earth-9544,21,597219,235200.0,362019.0,153.92
,2021-09-01,2021,202109,на Гоголя,Asic,AS earth-9544,23,658214,257600.0,400614.0,155.52
,2021-10-01,2021,202110,на Гоголя,Asic,AS earth-9544,19,550221,212800.0,337421.0,158.56
,2021-11-01,2021,202111,на Гоголя,Asic,AS earth-9544,14,412314,156800.0,255514.0,162.96
,2021-12-01,2021,202112,на Гоголя,Asic,AS earth-9544,16,469024,179200.0,289824.0,161.73
,2022-01-01,2022,202201,на Гоголя,Asic,AS earth-9544,23,668725,257600.0,411125.0,159.6
,2022-02-01,2022,202202,на Гоголя,Asic,AS earth-9544,15,435435,168000.0,267435.0,159.19
,2022-03-01,2022,202203,на Гоголя,Asic,AS earth-9544,12,347760,134400.0,213360.0,158.75
,2022-04-01,2022,202204,на Гоголя,Asic,AS earth-9544,22,662310,246400.0,415910.0,168.79
,2022-05-01,2022,202205,на Гоголя,Asic,AS earth-9544,28,837172,313600.0,523572.0,166.96
,2022-06-01,2022,202206,на Гоголя,Asic,AS earth-9544,26,755352,291200.0,464152.0,159.39
,2022-07-01,2022,202207,на Гоголя,Asic,AS earth-9544,28,775292,313600.0,461692.0,147.22
,2022-08-01,2022,202208,на Гоголя,Asic,AS earth-9544,23,661894,257600.0,404294.0,156.95
,2022-09-01,2022,202209,на Гоголя,Asic,AS earth-9544,25,729650,280000.0,449650.0,160.59
,2022-10-01,2022,202210,на Гоголя,Asic,AS earth-9544,21,617421,235200.0,382221.0,162.51
,2022-11-01,2022,202211,на Гоголя,Asic,AS earth-9544,15,440730,168000.0,272730.0,162.34
,2022-12-01,2022,202212,на Гоголя,Asic,AS earth-9544,18,504936,201600.0,303336.0,150.46
,2021-01-01,2021,202101,на Гоголя,Asic,AS ais-7331,27,1250424,680400.0000000001,570023.9999999999,83.78
,2021-02-01,2021,202102,на Гоголя,Asic,AS ais-7331,17,791350,428400.00000000006,362949.99999999994,84.72
,2021-03-01,2021,202103,на Гоголя,Asic,AS ais-7331,14,641466,352800.00000000006,288665.99999999994,81.82
,2021-04-01,2021,202104,на Гоголя,Asic,AS ais-7331,25,1170150,630000.0000000001,540149.9999999999,85.74
,2021-05-01,2021,202105,на Гоголя,Asic,AS ais-7331,32,1505568,806400.0000000001,699167.9999999999,86.7
,2021-06-01,2021,202106,на Гоголя,Asic,AS ais-7331,30,1381290,756000.0000000001,625289.9999999999,82.71
,2021-07-01,2021,202107,на Гоголя,Asic,AS ais-7331,32,1418464,806400.0000000001,612063.9999999999,75.9
,2021-08-01,2021,202108,на Гоголя,Asic,AS ais-7331,27,1233927,680400.0000000001,553526.9999999999,81.35
,2021-09-01,2021,202109,на Гоголя,Asic,AS ais-7331,29,1322458,730800.0000000001,591657.9999999999,80.96
,2021-10-01,2021,202110,на Гоголя,Asic,AS ais-7331,24,1119144,604800.0000000001,514343.9999999999,85.04
,2021-11-01,2021,202111,на Гоголя,Asic,AS ais-7331,17,791367,428400.00000000006,362966.99999999994,84.73
,2021-12-01,2021,202112,на Гоголя,Asic,AS ais-7331,20,909260,504000.00000000006,405259.99999999994,80.41
,2022-01-01,2022,202201,на Гоголя,Asic,AS ais-7331,30,1405110,756000.0000000001,649109.9999999999,85.86
,2022-02-01,2022,202202,на Гоголя,Asic,AS ais-7331,19,883766,478800.00000000006,404965.99999999994,84.58
,2022-03-01,2022,202203,на Гоголя,Asic,AS ais-7331,15,684060,378000.00000000006,306059.99999999994,80.97
,2022-04-01,2022,202204,на Гоголя,Asic,AS ais-7331,28,1304408,705600.0000000001,598807.9999999999,84.87
,2022-05-01,2022,202205,на Гоголя,Asic,AS ais-7331,35,1630370,882000.0000000001,748369.9999999999,84.85
,2022-06-01,2022,202206,на Гоголя,Asic,AS ais-7331,33,1534698,831600.0000000001,703097.9999999999,84.55
,2022-07-01,2022,202207,на Гоголя,Asic,AS ais-7331,35,1563170,882000.0000000001,681169.9999999999,77.23
,2022-08-01,2022,202208,на Гоголя,Asic,AS ais-7331,30,1366050,756000.0000000001,610049.9999999999,80.69
,2022-09-01,2022,202209,на Гоголя,Asic,AS ais-7331,31,1436757,781200.0000000001,655556.9999999999,83.92
,2022-10-01,2022,202210,на Гоголя,Asic,AS ais-7331,26,1213108,655200.0000000001,557907.9999999999,85.15
,2022-11-01,2022,202211,на Гоголя,Asic,AS ais-7331,19,873392,478800.00000000006,394591.99999999994,82.41
,2022-12-01,2022,202212,на Гоголя,Asic,AS ais-7331,22,1002958,554400.0000000001,448557.9999999999,80.91
,2021-01-01,2021,202101,на Гоголя,Asic,AS ice-2172,27,489969,257040.0,232929.0,90.62
,2021-02-01,2021,202102,на Гоголя,Asic,AS ice-2172,17,308550,161840.0,146710.0,90.65
,2021-03-01,2021,202103,на Гоголя,Asic,AS ice-2172,14,253652,133280.0,120372.0,90.32
,2021-04-01,2021,202104,на Гоголя,Asic,AS ice-2172,25,457325,238000.0,219325.0,92.15
,2021-05-01,2021,202105,на Гоголя,Asic,AS ice-2172,32,586240,304640.0,281600.0,92.44
,2021-06-01,2021,202106,на Гоголя,Asic,AS ice-2172,30,533100,285600.0,247500.0,86.66
,2021-07-01,2021,202107,на Гоголя,Asic,AS ice-2172,32,538656,304640.0,234016.0,76.82
,2021-08-01,2021,202108,на Гоголя,Asic,AS ice-2172,27,479493,257040.0,222453.0,86.54
,2021-09-01,2021,202109,на Гоголя,Asic,AS ice-2172,29,528496,276080.0,252416.0,91.43
,2021-10-01,2021,202110,на Гоголя,Asic,AS ice-2172,24,446112,228480.0,217632.0,95.25
,2021-11-01,2021,202111,на Гоголя,Asic,AS ice-2172,17,307972,161840.0,146132.0,90.29
,2021-12-01,2021,202112,на Гоголя,Asic,AS ice-2172,20,348000,190400.0,157600.0,82.77
,2022-01-01,2022,202201,на Гоголя,Asic,AS ice-2172,30,526680,285600.0,241080.0,84.41
,2022-02-01,2022,202202,на Гоголя,Asic,AS ice-2172,19,343197,180880.0,162317.0,89.74
,2022-03-01,2022,202203,на Гоголя,Asic,AS ice-2172,15,260820,142800.0,118020.0,82.65
,2022-04-01,2022,202204,на Гоголя,Asic,AS ice-2172,28,518392,266560.0,251832.0,94.47
,2022-05-01,2022,202205,на Гоголя,Asic,AS ice-2172,35,651525,333200.0,318325.0,95.54
,2022-06-01,2022,202206,на Гоголя,Asic,AS ice-2172,33,608652,314160.0,294492.0,93.74
,2022-07-01,2022,202207,на Гоголя,Asic,AS ice-2172,35,584360,333200.0,251160.0,75.38
,2022-08-01,2022,202208,на Гоголя,Asic,AS ice-2172,30,527310,285600.0,241710.0,84.63
,2022-09-01,2022,202209,на Гоголя,Asic,AS ice-2172,31,572446,295120.0,277326.0,93.97
,2022-10-01,2022,202210,на Гоголя,Asic,AS ice-2172,26,480584,247520.0,233064.0,94.16
,2022-11-01,2022,202211,на Гоголя,Asic,AS ice-2172,19,351063,180880.0,170183.0,94.09
,2022-12-01,2022,202212,на Гоголя,Asic,AS ice-2172,22,384736,209440.0,175296.0,83.7
,2021-01-01,2021,202101,на Гоголя,Asic,AS ai-7676,22,875842,360360.0,515482.0,143.05
,2021-02-01,2021,202102,на Гоголя,Asic,AS ai-7676,14,561274,229320.0,331954.0,144.76
,2021-03-01,2021,202103,на Гоголя,Asic,AS ai-7676,11,436711,180180.0,256531.0,142.37
,2021-04-01,2021,202104,на Гоголя,Asic,AS ai-7676,20,818680,327600.0,491080.0,149.9
,2021-05-01,2021,202105,на Гоголя,Asic,AS ai-7676,26,1055002,425880.0,629122.0,147.72
,2021-06-01,2021,202106,на Гоголя,Asic,AS ai-7676,24,970224,393120.0,577104.0,146.8
,2021-07-01,2021,202107,на Гоголя,Asic,AS ai-7676,26,1006954,425880.0,581074.0,136.44
,2021-08-01,2021,202108,на Гоголя,Asic,AS ai-7676,22,872344,360360.0,511984.0,142.08
,2021-09-01,2021,202109,на Гоголя,Asic,AS ai-7676,23,904728,376740.0,527988.0,140.15
,2021-10-01,2021,202110,на Гоголя,Asic,AS ai-7676,19,761482,311220.0,450262.0,144.68
,2021-11-01,2021,202111,на Гоголя,Asic,AS ai-7676,14,567532,229320.0,338212.0,147.48
,2021-12-01,2021,202112,на Гоголя,Asic,AS ai-7676,16,626400,262080.0,364320.0,139.01
,2022-01-01,2022,202201,на Гоголя,Asic,AS ai-7676,24,964320,393120.0,571200.0,145.3
,2022-02-01,2022,202202,на Гоголя,Asic,AS ai-7676,15,609420,245700.0,363720.0,148.03
,2022-03-01,2022,202203,на Гоголя,Asic,AS ai-7676,12,475716,196560.0,279156.0,142.02
,2022-04-01,2022,202204,на Гоголя,Asic,AS ai-7676,22,904486,360360.0,544126.0,151.0
,2022-05-01,2022,202205,на Гоголя,Asic,AS ai-7676,28,1147748,458640.0,689108.0,150.25
,2022-06-01,2022,202206,на Гоголя,Asic,AS ai-7676,27,1094661,442260.0,652401.0,147.52
,2022-07-01,2022,202207,на Гоголя,Asic,AS ai-7676,28,1082788,458640.0,624148.0,136.09
,2022-08-01,2022,202208,на Гоголя,Asic,AS ai-7676,24,959592,393120.0,566472.0,144.1
,2022-09-01,2022,202209,на Гоголя,Asic,AS ai-7676,25,999825,409500.0,590325.0,144.16
,2022-10-01,2022,202210,на Гоголя,Asic,AS ai-7676,21,841407,343980.0,497427.0,144.61
,2022-11-01,2022,202211,на Гоголя,Asic,AS ai-7676,15,613530,245700.0,367830.0,149.71
,2022-12-01,2022,202212,на Гоголя,Asic,AS ai-7676,18,719712,294840.0,424872.0,144.1
,2021-01-01,2021,202101,на Гоголя,Gunverse,GU air-3053,66,409134,151800.0,257334.0,169.52
,2021-02-01,2021,202102,на Гоголя,Gunverse,GU air-3053,42,290514,96600.0,193914.0,200.74
,2021-03-01,2021,202103,на Гоголя,Gunverse,GU air-3053,33,176385,75900.0,100485.0,132.39
,2021-04-01,2021,202104,на Гоголя,Gunverse,GU air-3053,62,385020,142600.0,242420.0,170.0
,2021-05-01,2021,202105,на Гоголя,Gunverse,GU air-3053,79,540123,181700.0,358423.0,197.26
,2021-06-01,2021,202106,на Гоголя,Gunverse,GU air-3053,75,479325,172500.0,306825.0,177.87
,2021-07-01,2021,202107,на Гоголя,Gunverse,GU air-3053,79,416014,181700.0,234314.0,128.96
,2021-08-01,2021,202108,на Гоголя,Gunverse,GU air-3053,66,357720,151800.0,205920.0,135.65
,2021-09-01,2021,202109,на Гоголя,Gunverse,GU air-3053,71,426994,163300.0,263694.0,161.48
,2021-10-01,2021,202110,на Гоголя,Gunverse,GU air-3053,58,386512,133400.0,253112.0,189.74
,2021-11-01,2021,202111,на Гоголя,Gunverse,GU air-3053,42,243054,96600.0,146454.0,151.61
,2021-12-01,2021,202112,на Гоголя,Gunverse,GU air-3053,50,277600,115000.0,162600.0,141.39
,2022-01-01,2022,202201,на Гоголя,Gunverse,GU air-3053,73,444935,167900.0,277035.0,165.0
,2022-02-01,2022,202202,на Гоголя,Gunverse,GU air-3053,46,273976,105800.0,168176.0,158.96
,2022-03-01,2022,202203,на Гоголя,Gunverse,GU air-3053,37,230658,85100.0,145558.0,171.04
,2022-04-01,2022,202204,на Гоголя,Gunverse,GU air-3053,68,435608,156400.0,279208.0,178.52
,2022-05-01,2022,202205,на Гоголя,Gunverse,GU air-3053,87,603432,200100.0,403332.0,201.57
,2022-06-01,2022,202206,на Гоголя,Gunverse,GU air-3053,82,530048,188600.0,341448.0,181.04
,2022-07-01,2022,202207,на Гоголя,Gunverse,GU air-3053,87,414207,200100.0,214107.0,107.0
,2022-08-01,2022,202208,на Гоголя,Gunverse,GU air-3053,73,453476,167900.0,285576.0,170.09
,2022-09-01,2022,202209,на Гоголя,Gunverse,GU air-3053,78,461058,179400.0,281658.0,157.0
,2022-10-01,2022,202210,на Гоголя,Gunverse,GU air-3053,64,411648,147200.0,264448.0,179.65
,2022-11-01,2022,202211,на Гоголя,Gunverse,GU air-3053,46,295228,105800.0,189428.0,179.04
,2022-12-01,2022,202212,на Гоголя,Gunverse,GU air-3053,55,318065,126500.0,191565.0,151.43
,2021-01-01,2021,202101,на Гоголя,Gunverse,GU grou-6409,59,625695,238950.0,386745.0,161.85
,2021-02-01,2021,202102,на Гоголя,Gunverse,GU grou-6409,37,381877,149850.0,232027.0,154.84
,2021-03-01,2021,202103,на Гоголя,Gunverse,GU grou-6409,30,306390,121500.0,184890.0,152.17
,2021-04-01,2021,202104,на Гоголя,Gunverse,GU grou-6409,55,613965,222750.0,391215.0,175.63
,2021-05-01,2021,202105,на Гоголя,Gunverse,GU grou-6409,70,801080,283500.0,517580.0,182.57
,2021-06-01,2021,202106,на Гоголя,Gunverse,GU grou-6409,66,692406,267300.0,425106.0,159.04
,2021-07-01,2021,202107,на Гоголя,Gunverse,GU grou-6409,70,630210,283500.0,346710.0,122.3
,2021-08-01,2021,202108,на Гоголя,Gunverse,GU grou-6409,59,582625,238950.0,343675.0,143.83
,2021-09-01,2021,202109,на Гоголя,Gunverse,GU grou-6409,62,594022,251100.0,342922.0,136.57
,2021-10-01,2021,202110,на Гоголя,Gunverse,GU grou-6409,51,498474,206550.0,291924.0,141.33
,2021-11-01,2021,202111,на Гоголя,Gunverse,GU grou-6409,37,373256,149850.0,223406.0,149.09
,2021-12-01,2021,202112,на Гоголя,Gunverse,GU grou-6409,44,412148,178200.0,233948.0,131.28
,2022-01-01,2022,202201,на Гоголя,Gunverse,GU grou-6409,65,624455,263250.0,361205.0,137.21
,2022-02-01,2022,202202,на Гоголя,Gunverse,GU grou-6409,41,422792,166050.0,256742.0,154.62
,2022-03-01,2022,202203,на Гоголя,Gunverse,GU grou-6409,33,331419,133650.0,197769.0,147.98
,2022-04-01,2022,202204,на Гоголя,Gunverse,GU grou-6409,61,652822,247050.0,405772.0,164.25
,2022-05-01,2022,202205,на Гоголя,Gunverse,GU grou-6409,77,837144,311850.0,525294.0,168.44
,2022-06-01,2022,202206,на Гоголя,Gunverse,GU grou-6409,73,780735,295650.0,485085.0,164.07
,2022-07-01,2022,202207,на Гоголя,Gunverse,GU grou-6409,77,633171,311850.0,321321.0,103.04
,2022-08-01,2022,202208,на Гоголя,Gunverse,GU grou-6409,65,604500,263250.0,341250.0,129.63
,2022-09-01,2022,202209,на Гоголя,Gunverse,GU grou-6409,69,658743,279450.0,379293.0,135.73
,2022-10-01,2022,202210,на Гоголя,Gunverse,GU grou-6409,57,583737,230850.0,352887.0,152.86
,2022-11-01,2022,202211,на Гоголя,Gunverse,GU grou-6409,41,410984,166050.0,244934.0,147.51
,2022-12-01,2022,202212,на Гоголя,Gunverse,GU grou-6409,49,461727,198450.0,263277.0,132.67
,2021-01-01,2021,202101,на Гоголя,Gunverse,GU gre-2865,66,562782,263339.99999999994,299442.00000000006,113.71
,2021-02-01,2021,202102,на Гоголя,Gunverse,GU gre-2865,42,365946,167579.99999999997,198366.00000000003,118.37
,2021-03-01,2021,202103,на Гоголя,Gunverse,GU gre-2865,33,262911,131669.99999999997,131241.00000000003,99.67
,2021-04-01,2021,202104,на Гоголя,Gunverse,GU gre-2865,62,542810,247379.99999999997,295430.0,119.42
,2021-05-01,2021,202105,на Гоголя,Gunverse,GU gre-2865,79,662652,315209.99999999994,347442.00000000006,110.23
,2021-06-01,2021,202106,на Гоголя,Gunverse,GU gre-2865,75,644175,299249.99999999994,344925.00000000006,115.26
,2021-07-01,2021,202107,на Гоголя,Gunverse,GU gre-2865,79,561058,315209.99999999994,245848.00000000006,77.99
,2021-08-01,2021,202108,на Гоголя,Gunverse,GU gre-2865,66,504900,263339.99999999994,241560.00000000006,91.73
,2021-09-01,2021,202109,на Гоголя,Gunverse,GU gre-2865,71,547410,283289.99999999994,264120.00000000006,93.23
,2021-10-01,2021,202110,на Гоголя,Gunverse,GU gre-2865,58,510864,231419.99999999997,279444.0,120.75
,2021-11-01,2021,202111,на Гоголя,Gunverse,GU gre-2865,42,347046,167579.99999999997,179466.00000000003,107.09
,2021-12-01,2021,202112,на Гоголя,Gunverse,GU gre-2865,50,405050,199499.99999999997,205550.00000000003,103.03
,2022-01-01,2022,202201,на Гоголя,Gunverse,GU gre-2865,73,614441,291269.99999999994,323171.00000000006,110.95
,2022-02-01,2022,202202,на Гоголя,Gunverse,GU gre-2865,46,384008,183539.99999999997,200468.00000000003,109.22
,2022-03-01,2022,202203,на Гоголя,Gunverse,GU gre-2865,37,297813,147629.99999999997,150183.00000000003,101.73
,2022-04-01,2022,202204,на Гоголя,Gunverse,GU gre-2865,68,595952,271319.99999999994,324632.00000000006,119.65
,2022-05-01,2022,202205,на Гоголя,Gunverse,GU gre-2865,87,736542,347129.99999999994,389412.00000000006,112.18
,2022-06-01,2022,202206,на Гоголя,Gunverse,GU gre-2865,82,711350,327179.99999999994,384170.00000000006,117.42
,2022-07-01,2022,202207,на Гоголя,Gunverse,GU gre-2865,87,612567,347129.99999999994,265437.00000000006,76.47
,2022-08-01,2022,202208,на Гоголя,Gunverse,GU gre-2865,73,599841,291269.99999999994,308571.00000000006,105.94
,2022-09-01,2022,202209,на Гоголя,Gunverse,GU gre-2865,78,574002,311219.99999999994,262782.00000000006,84.44
,2022-10-01,2022,202210,на Гоголя,Gunverse,GU gre-2865,64,564032,255359.99999999997,308672.0,120.88
,2022-11-01,2022,202211,на Гоголя,Gunverse,GU gre-2865,46,386538,183539.99999999997,202998.00000000003,110.6
,2022-12-01,2022,202212,на Гоголя,Gunverse,GU gre-2865,55,451715,219449.99999999997,232265.00000000003,105.84
,2021-01-01,2021,202101,на Гоголя,Gunverse,GU earth-4729,58,591600,241570.0,350030.0,144.9
,2021-02-01,2021,202102,на Гоголя,Gunverse,GU earth-4729,36,352980,149940.0,203040.0,135.41
,2021-03-01,2021,202103,на Гоголя,Gunverse,GU earth-4729,29,247312,120785.0,126527.0,104.75
,2021-04-01,2021,202104,на Гоголя,Gunverse,GU earth-4729,54,541080,224910.0,316170.0,140.58
,2021-05-01,2021,202105,на Гоголя,Gunverse,GU earth-4729,69,710562,287385.0,423177.0,147.25
,2021-06-01,2021,202106,на Гоголя,Gunverse,GU earth-4729,65,651365,270725.0,380640.0,140.6
,2021-07-01,2021,202107,на Гоголя,Gunverse,GU earth-4729,69,578151,287385.0,290766.0,101.18
,2021-08-01,2021,202108,на Гоголя,Gunverse,GU earth-4729,58,549260,241570.0,307690.0,127.37
,2021-09-01,2021,202109,на Гоголя,Gunverse,GU earth-4729,62,564386,258230.0,306156.0,118.56
,2021-10-01,2021,202110,на Гоголя,Gunverse,GU earth-4729,51,502299,212415.0,289884.0,136.47
,2021-11-01,2021,202111,на Гоголя,Gunverse,GU earth-4729,36,349308,149940.0,199368.0,132.97
,2021-12-01,2021,202112,на Гоголя,Gunverse,GU earth-4729,44,401412,183260.0,218152.0,119.04
,2022-01-01,2022,202201,на Гоголя,Gunverse,GU earth-4729,64,635904,266560.0,369344.0,138.56
,2022-02-01,2022,202202,на Гоголя,Gunverse,GU earth-4729,40,403080,166600.0,236480.0,141.94
,2022-03-01,2022,202203,на Гоголя,Gunverse,GU earth-4729,32,296096,133280.0,162816.0,122.16
,2022-04-01,2022,202204,на Гоголя,Gunverse,GU earth-4729,60,609960,249900.0,360060.0,144.08
,2022-05-01,2022,202205,на Гоголя,Gunverse,GU earth-4729,76,786296,316540.0,469756.0,148.4
,2022-06-01,2022,202206,на Гоголя,Gunverse,GU earth-4729,72,693144,299880.0,393264.0,131.14
,2022-07-01,2022,202207,на Гоголя,Gunverse,GU earth-4729,76,635056,316540.0,318516.0,100.62
,2022-08-01,2022,202208,на Гоголя,Gunverse,GU earth-4729,64,612672,266560.0,346112.0,129.84
,2022-09-01,2022,202209,на Гоголя,Gunverse,GU earth-4729,68,625396,283220.0,342176.0,120.82
,2022-10-01,2022,202210,на Гоголя,Gunverse,GU earth-4729,56,533120,233240.0,299880.0,128.57
,2022-11-01,2022,202211,на Гоголя,Gunverse,GU earth-4729,40,410760,166600.0,244160.0,146.55
,2022-12-01,2022,202212,на Гоголя,Gunverse,GU earth-4729,48,457872,199920.0,257952.0,129.03
,2021-01-01,2021,202101,на Гоголя,Gunverse,GU ais-4465,58,438074,177480.0,260594.0,146.83
,2021-02-01,2021,202102,на Гоголя,Gunverse,GU ais-4465,36,259956,110160.0,149796.0,135.98
,2021-03-01,2021,202103,на Гоголя,Gunverse,GU ais-4465,29,205639,88740.0,116899.0,131.73
,2021-04-01,2021,202104,на Гоголя,Gunverse,GU ais-4465,54,432162,165240.0,266922.0,161.54
,2021-05-01,2021,202105,на Гоголя,Gunverse,GU ais-4465,69,566007,211140.0,354867.0,168.07
,2021-06-01,2021,202106,на Гоголя,Gunverse,GU ais-4465,65,486980,198900.0,288080.0,144.84
,2021-07-01,2021,202107,на Гоголя,Gunverse,GU ais-4465,69,360042,211140.0,148902.0,70.52
,2021-08-01,2021,202108,на Гоголя,Gunverse,GU ais-4465,58,374738,177480.0,197258.0,111.14
,2021-09-01,2021,202109,на Гоголя,Gunverse,GU ais-4465,62,442618,189720.0,252898.0,133.3
,2021-10-01,2021,202110,на Гоголя,Gunverse,GU ais-4465,51,370260,156060.0,214200.0,137.25
,2021-11-01,2021,202111,на Гоголя,Gunverse,GU ais-4465,36,256752,110160.0,146592.0,133.07
,2021-12-01,2021,202112,на Гоголя,Gunverse,GU ais-4465,44,306240,134640.0,171600.0,127.45
,2022-01-01,2022,202201,на Гоголя,Gunverse,GU ais-4465,64,445824,195840.0,249984.0,127.65
,2022-02-01,2022,202202,на Гоголя,Gunverse,GU ais-4465,40,310760,122400.0,188360.0,153.89
,2022-03-01,2022,202203,на Гоголя,Gunverse,GU ais-4465,32,218592,97920.0,120672.0,123.24
,2022-04-01,2022,202204,на Гоголя,Gunverse,GU ais-4465,60,430500,183600.0,246900.0,134.48
,2022-05-01,2022,202205,на Гоголя,Gunverse,GU ais-4465,76,555940,232560.0,323380.0,139.05
,2022-06-01,2022,202206,на Гоголя,Gunverse,GU ais-4465,72,511704,220320.0,291384.0,132.25
,2022-07-01,2022,202207,на Гоголя,Gunverse,GU ais-4465,76,413668,232560.0,181108.0,77.88
,2022-08-01,2022,202208,на Гоголя,Gunverse,GU ais-4465,64,401856,195840.0,206016.0,105.2
,2022-09-01,2022,202209,на Гоголя,Gunverse,GU ais-4465,68,459000,208080.0,250920.0,120.59
,2022-10-01,2022,202210,на Гоголя,Gunverse,GU ais-4465,56,427168,171360.0,255808.0,149.28
,2022-11-01,2022,202211,на Гоголя,Gunverse,GU ais-4465,40,283600,122400.0,161200.0,131.7
,2022-12-01,2022,202212,на Гоголя,Gunverse,GU ais-4465,48,298512,146880.0,151632.0,103.24
,2021-01-01,2021,202101,на Гоголя,Gunverse,GU ice-8917,61,525759,210816.0,314943.0,149.39
,2021-02-01,2021,202102,на Гоголя,Gunverse,GU ice-8917,38,336034,131328.0,204706.0,155.87
,2021-03-01,2021,202103,на Гоголя,Gunverse,GU ice-8917,31,259966,107136.0,152830.0,142.65
,2021-04-01,2021,202104,на Гоголя,Gunverse,GU ice-8917,57,503595,196992.0,306603.0,155.64
,2021-05-01,2021,202105,на Гоголя,Gunverse,GU ice-8917,72,655128,248832.0,406296.0,163.28
,2021-06-01,2021,202106,на Гоголя,Gunverse,GU ice-8917,68,536724,235008.0,301716.0,128.39
,2021-07-01,2021,202107,на Гоголя,Gunverse,GU ice-8917,72,507312,248832.0,258480.0,103.88
,2021-08-01,2021,202108,на Гоголя,Gunverse,GU ice-8917,61,479765,210816.0,268949.0,127.58
,2021-09-01,2021,202109,на Гоголя,Gunverse,GU ice-8917,64,519168,221184.0,297984.0,134.72
,2021-10-01,2021,202110,на Гоголя,Gunverse,GU ice-8917,53,439635,183168.0,256467.0,140.02
,2021-11-01,2021,202111,на Гоголя,Gunverse,GU ice-8917,38,304532,131328.0,173204.0,131.89
,2021-12-01,2021,202112,на Гоголя,Gunverse,GU ice-8917,46,361606,158976.0,202630.0,127.46
,2022-01-01,2022,202201,на Гоголя,Gunverse,GU ice-8917,67,544040,231552.0,312488.0,134.95
,2022-02-01,2022,202202,на Гоголя,Gunverse,GU ice-8917,42,365820,145152.0,220668.0,152.03
,2022-03-01,2022,202203,на Гоголя,Gunverse,GU ice-8917,34,284206,117504.0,166702.0,141.87
,2022-04-01,2022,202204,на Гоголя,Gunverse,GU ice-8917,63,589491,217728.0,371763.0,170.75
,2022-05-01,2022,202205,на Гоголя,Gunverse,GU ice-8917,79,748209,273024.0,475185.0,174.05
,2022-06-01,2022,202206,на Гоголя,Gunverse,GU ice-8917,75,631725,259200.0,372525.0,143.72
,2022-07-01,2022,202207,на Гоголя,Gunverse,GU ice-8917,79,568879,273024.0,295855.0,108.36
,2022-08-01,2022,202208,на Гоголя,Gunverse,GU ice-8917,67,487827,231552.0,256275.0,110.68
,2022-09-01,2022,202209,на Гоголя,Gunverse,GU ice-8917,71,552096,245376.0,306720.0,125.0
,2022-10-01,2022,202210,на Гоголя,Gunverse,GU ice-8917,58,503382,200448.0,302934.0,151.13
,2022-11-01,2022,202211,на Гоголя,Gunverse,GU ice-8917,42,367164,145152.0,222012.0,152.95
,2022-12-01,2022,202212,на Гоголя,Gunverse,GU ice-8917,50,370600,172800.0,197800.0,114.47
,2021-01-01,2021,202101,на Гоголя,Gunverse,GU ai-3849,63,657090,326781.0,330309.0,101.08
,2021-02-01,2021,202102,на Гоголя,Gunverse,GU ai-3849,39,415545,202293.0,213252.0,105.42
,2021-03-01,2021,202103,на Гоголя,Gunverse,GU ai-3849,32,338528,165984.0,172544.0,103.95
,2021-04-01,2021,202104,на Гоголя,Gunverse,GU ai-3849,59,624869,306033.0,318836.0,104.18
,2021-05-01,2021,202105,на Гоголя,Gunverse,GU ai-3849,74,803344,383838.0,419506.0,109.29
,2021-06-01,2021,202106,на Гоголя,Gunverse,GU ai-3849,70,729470,363090.0,366380.0,100.91
,2021-07-01,2021,202107,на Гоголя,Gunverse,GU ai-3849,74,656676,383838.0,272838.0,71.08
,2021-08-01,2021,202108,на Гоголя,Gunverse,GU ai-3849,63,615132,326781.0,288351.0,88.24
,2021-09-01,2021,202109,на Гоголя,Gunverse,GU ai-3849,66,637230,342342.0,294888.0,86.14
,2021-10-01,2021,202110,на Гоголя,Gunverse,GU ai-3849,55,599830,285285.0,314545.0,110.26
,2021-11-01,2021,202111,на Гоголя,Gunverse,GU ai-3849,39,403026,202293.0,200733.0,99.23
,2021-12-01,2021,202112,на Гоголя,Gunverse,GU ai-3849,47,449179,243789.0,205390.0,84.25
,2022-01-01,2022,202201,на Гоголя,Gunverse,GU ai-3849,69,711321,357903.0,353418.0,98.75
,2022-02-01,2022,202202,на Гоголя,Gunverse,GU ai-3849,43,432021,223041.0,208980.0,93.7
,2022-03-01,2022,202203,на Гоголя,Gunverse,GU ai-3849,35,351540,181545.0,169995.0,93.64
,2022-04-01,2022,202204,на Гоголя,Gunverse,GU ai-3849,65,740220,337155.0,403065.0,119.55
,2022-05-01,2022,202205,на Гоголя,Gunverse,GU ai-3849,82,900606,425334.0,475272.0,111.74
,2022-06-01,2022,202206,на Гоголя,Gunverse,GU ai-3849,77,806344,399399.0,406945.0,101.89
,2022-07-01,2022,202207,на Гоголя,Gunverse,GU ai-3849,82,752842,425334.0,327508.0,77.0
,2022-08-01,2022,202208,на Гоголя,Gunverse,GU ai-3849,69,695313,357903.0,337410.0,94.27
,2022-09-01,2022,202209,на Гоголя,Gunverse,GU ai-3849,73,745403,378651.0,366752.0,96.86
,2022-10-01,2022,202210,на Гоголя,Gunverse,GU ai-3849,60,629880,311220.0,318660.0,102.39
,2022-11-01,2022,202211,на Гоголя,Gunverse,GU ai-3849,43,452704,223041.0,229663.0,102.97
,2022-12-01,2022,202212,на Гоголя,Gunverse,GU ai-3849,52,500864,269724.0,231140.0,85.7
,2021-01-01,2021,202101,на Гоголя,Nuke,NK air-4421,67,886879,402000.0,484879.0,120.62
,2021-02-01,2021,202102,на Гоголя,Nuke,NK air-4421,42,555072,252000.0,303072.0,120.27
,2021-03-01,2021,202103,на Гоголя,Nuke,NK air-4421,34,434520,204000.0,230520.0,113.0
,2021-04-01,2021,202104,на Гоголя,Nuke,NK air-4421,63,856044,378000.0,478044.0,126.47
,2021-05-01,2021,202105,на Гоголя,Nuke,NK air-4421,80,1080320,480000.0,600320.0,125.07
,2021-06-01,2021,202106,на Гоголя,Nuke,NK air-4421,75,988200,450000.0,538200.0,119.6
,2021-07-01,2021,202107,на Гоголя,Nuke,NK air-4421,80,950400,480000.0,470400.0,98.0
,2021-08-01,2021,202108,на Гоголя,Nuke,NK air-4421,67,842860,402000.0,440860.0,109.67
,2021-09-01,2021,202109,на Гоголя,Nuke,NK air-4421,71,870034,426000.0,444034.0,104.23
,2021-10-01,2021,202110,на Гоголя,Nuke,NK air-4421,59,777207,354000.0,423207.0,119.55
,2021-11-01,2021,202111,на Гоголя,Nuke,NK air-4421,42,550074,252000.0,298074.0,118.28
,2021-12-01,2021,202112,на Гоголя,Nuke,NK air-4421,50,645550,300000.0,345550.0,115.18
,2022-01-01,2022,202201,на Гоголя,Nuke,NK air-4421,74,956968,444000.0,512968.0,115.53
,2022-02-01,2022,202202,на Гоголя,Nuke,NK air-4421,46,615572,276000.0,339572.0,123.03
,2022-03-01,2022,202203,на Гоголя,Nuke,NK air-4421,37,483331,222000.0,261331.0,117.72
,2022-04-01,2022,202204,на Гоголя,Nuke,NK air-4421,69,916941,414000.0,502941.0,121.48
,2022-05-01,2022,202205,на Гоголя,Nuke,NK air-4421,88,1282864,528000.0,754864.0,142.97
,2022-06-01,2022,202206,на Гоголя,Nuke,NK air-4421,83,1096015,498000.0,598015.0,120.08
,2022-07-01,2022,202207,на Гоголя,Nuke,NK air-4421,88,1012088,528000.0,484088.0,91.68
,2022-08-01,2022,202208,на Гоголя,Nuke,NK air-4421,74,922928,444000.0,478928.0,107.87
,2022-09-01,2022,202209,на Гоголя,Nuke,NK air-4421,78,979680,468000.0,511680.0,109.33
,2022-10-01,2022,202210,на Гоголя,Nuke,NK air-4421,65,909090,390000.0,519090.0,133.1
,2022-11-01,2022,202211,на Гоголя,Nuke,NK air-4421,46,609546,276000.0,333546.0,120.85
,2022-12-01,2022,202212,на Гоголя,Nuke,NK air-4421,55,682825,330000.0,352825.0,106.92
,2021-01-01,2021,202101,на Гоголя,Nuke,NK grou-9880,49,472017,260190.0,211827.0,81.41
,2021-02-01,2021,202102,на Гоголя,Nuke,NK grou-9880,31,316355,164610.0,151745.0,92.18
,2021-03-01,2021,202103,на Гоголя,Nuke,NK grou-9880,25,259275,132750.0,126525.0,95.31
,2021-04-01,2021,202104,на Гоголя,Nuke,NK grou-9880,46,511290,244260.0,267030.0,109.32
,2021-05-01,2021,202105,на Гоголя,Nuke,NK grou-9880,58,659170,307980.0,351190.0,114.03
,2021-06-01,2021,202106,на Гоголя,Nuke,NK grou-9880,55,590920,292050.0,298870.0,102.34
,2021-07-01,2021,202107,на Гоголя,Nuke,NK grou-9880,58,513242,307980.0,205262.0,66.65
,2021-08-01,2021,202108,на Гоголя,Nuke,NK grou-9880,49,470645,260190.0,210455.0,80.89
,2021-09-01,2021,202109,на Гоголя,Nuke,NK grou-9880,52,481312,276120.0,205192.0,74.31
,2021-10-01,2021,202110,на Гоголя,Nuke,NK grou-9880,43,443588,228330.0,215258.0,94.27
,2021-11-01,2021,202111,на Гоголя,Nuke,NK grou-9880,31,325996,164610.0,161386.0,98.04
,2021-12-01,2021,202112,на Гоголя,Nuke,NK grou-9880,37,351611,196470.0,155141.0,78.96
,2022-01-01,2022,202201,на Гоголя,Nuke,NK grou-9880,53,516273,281430.0,234843.0,83.45
,2022-02-01,2022,202202,на Гоголя,Nuke,NK grou-9880,34,364888,180540.0,184348.0,102.11
,2022-03-01,2022,202203,на Гоголя,Nuke,NK grou-9880,27,253341,143370.0,109971.0,76.7
,2022-04-01,2022,202204,на Гоголя,Nuke,NK grou-9880,50,543200,265500.0,277700.0,104.6
,2022-05-01,2022,202205,на Гоголя,Nuke,NK grou-9880,63,659736,334530.0,325206.0,97.21
,2022-06-01,2022,202206,на Гоголя,Nuke,NK grou-9880,60,599640,318600.0,281040.0,88.21
,2022-07-01,2022,202207,на Гоголя,Nuke,NK grou-9880,63,575946,334530.0,241416.0,72.17
,2022-08-01,2022,202208,на Гоголя,Nuke,NK grou-9880,53,518022,281430.0,236592.0,84.07
,2022-09-01,2022,202209,на Гоголя,Nuke,NK grou-9880,57,560196,302670.0,257526.0,85.08
,2022-10-01,2022,202210,на Гоголя,Nuke,NK grou-9880,47,507083,249570.0,257513.0,103.18
,2022-11-01,2022,202211,на Гоголя,Nuke,NK grou-9880,34,343468,180540.0,162928.0,90.24
,2022-12-01,2022,202212,на Гоголя,Nuke,NK grou-9880,40,402120,212400.0,189720.0,89.32
,2021-01-01,2021,202101,на Гоголя,Nuke,NK gre-7983,46,369564,148120.0,221444.0,149.5
,2021-02-01,2021,202102,на Гоголя,Nuke,NK gre-7983,29,240207,93380.0,146827.0,157.24
,2021-03-01,2021,202103,на Гоголя,Nuke,NK gre-7983,23,161897,74060.0,87837.0,118.6
,2021-04-01,2021,202104,на Гоголя,Nuke,NK gre-7983,44,386936,141680.0,245256.0,173.11
,2021-05-01,2021,202105,на Гоголя,Nuke,NK gre-7983,55,493790,177100.0,316690.0,178.82
,2021-06-01,2021,202106,на Гоголя,Nuke,NK gre-7983,52,430768,167440.0,263328.0,157.27
,2021-07-01,2021,202107,на Гоголя,Nuke,NK gre-7983,55,390115,177100.0,213015.0,120.28
,2021-08-01,2021,202108,на Гоголя,Nuke,NK gre-7983,46,350474,148120.0,202354.0,136.61
,2021-09-01,2021,202109,на Гоголя,Nuke,NK gre-7983,49,398370,157780.0,240590.0,152.48
,2021-10-01,2021,202110,на Гоголя,Nuke,NK gre-7983,41,321030,132020.0,189010.0,143.17
,2021-11-01,2021,202111,на Гоголя,Nuke,NK gre-7983,29,230608,93380.0,137228.0,146.96
,2021-12-01,2021,202112,на Гоголя,Nuke,NK gre-7983,35,262640,112700.0,149940.0,133.04
,2022-01-01,2022,202201,на Гоголя,Nuke,NK gre-7983,51,416619,164220.0,252399.0,153.7
,2022-02-01,2022,202202,на Гоголя,Nuke,NK gre-7983,32,264256,103040.0,161216.0,156.46
,2022-03-01,2022,202203,на Гоголя,Nuke,NK gre-7983,26,185770,83720.0,102050.0,121.89
,2022-04-01,2022,202204,на Гоголя,Nuke,NK gre-7983,48,413424,154560.0,258864.0,167.48
,2022-05-01,2022,202205,на Гоголя,Nuke,NK gre-7983,60,551340,193200.0,358140.0,185.37
,2022-06-01,2022,202206,на Гоголя,Nuke,NK gre-7983,57,500004,183540.0,316464.0,172.42
,2022-07-01,2022,202207,на Гоголя,Nuke,NK gre-7983,60,403080,193200.0,209880.0,108.63
,2022-08-01,2022,202208,на Гоголя,Nuke,NK gre-7983,51,395352,164220.0,231132.0,140.75
,2022-09-01,2022,202209,на Гоголя,Nuke,NK gre-7983,54,444960,173880.0,271080.0,155.9
,2022-10-01,2022,202210,на Гоголя,Nuke,NK gre-7983,45,395145,144900.0,250245.0,172.7
,2022-11-01,2022,202211,на Гоголя,Nuke,NK gre-7983,32,283168,103040.0,180128.0,174.81
,2022-12-01,2022,202212,на Гоголя,Nuke,NK gre-7983,38,268166,122360.0,145806.0,119.16
,2021-01-01,2021,202101,на Гоголя,Nuke,NK earth-5320,58,450718,192270.0,258448.0,134.42
,2021-02-01,2021,202102,на Гоголя,Nuke,NK earth-5320,36,286092,119340.0,166752.0,139.73
,2021-03-01,2021,202103,на Гоголя,Nuke,NK earth-5320,29,197693,96135.0,101558.0,105.64
,2021-04-01,2021,202104,на Гоголя,Nuke,NK earth-5320,54,464076,179010.0,285066.0,159.25
,2021-05-01,2021,202105,на Гоголя,Nuke,NK earth-5320,68,610504,225420.0,385084.0,170.83
,2021-06-01,2021,202106,на Гоголя,Nuke,NK earth-5320,65,519415,215475.0,303940.0,141.06
,2021-07-01,2021,202107,на Гоголя,Nuke,NK earth-5320,68,465120,225420.0,239700.0,106.33
,2021-08-01,2021,202108,на Гоголя,Nuke,NK earth-5320,58,451762,192270.0,259492.0,134.96
,2021-09-01,2021,202109,на Гоголя,Nuke,NK earth-5320,61,440298,202215.0,238083.0,117.74
,2021-10-01,2021,202110,на Гоголя,Nuke,NK earth-5320,50,408350,165750.0,242600.0,146.37
,2021-11-01,2021,202111,на Гоголя,Nuke,NK earth-5320,36,272736,119340.0,153396.0,128.54
,2021-12-01,2021,202112,на Гоголя,Nuke,NK earth-5320,43,315319,142545.0,172774.0,121.21
,2022-01-01,2022,202201,на Гоголя,Nuke,NK earth-5320,63,484911,208845.0,276066.0,132.19
,2022-02-01,2022,202202,на Гоголя,Nuke,NK earth-5320,40,316920,132600.0,184320.0,139.0
,2022-03-01,2022,202203,на Гоголя,Nuke,NK earth-5320,32,239232,106080.0,133152.0,125.52
,2022-04-01,2022,202204,на Гоголя,Nuke,NK earth-5320,59,492296,195585.0,296711.0,151.7
,2022-05-01,2022,202205,на Гоголя,Nuke,NK earth-5320,75,645600,248625.0,396975.0,159.67
,2022-06-01,2022,202206,на Гоголя,Nuke,NK earth-5320,71,574674,235365.0,339309.0,144.16
,2022-07-01,2022,202207,на Гоголя,Nuke,NK earth-5320,75,454950,248625.0,206325.0,82.99
,2022-08-01,2022,202208,на Гоголя,Nuke,NK earth-5320,63,481887,208845.0,273042.0,130.74
,2022-09-01,2022,202209,на Гоголя,Nuke,NK earth-5320,67,490440,222105.0,268335.0,120.81
,2022-10-01,2022,202210,на Гоголя,Nuke,NK earth-5320,55,457050,182325.0,274725.0,150.68
,2022-11-01,2022,202211,на Гоголя,Nuke,NK earth-5320,40,324080,132600.0,191480.0,144.4
,2022-12-01,2022,202212,на Гоголя,Nuke,NK earth-5320,48,347760,159120.0,188640.0,118.55
,2021-01-01,2021,202101,на Гоголя,Nuke,NK ais-5028,63,693882,296100.0,397782.0,134.34
,2021-02-01,2021,202102,на Гоголя,Nuke,NK ais-5028,40,445480,188000.0,257480.0,136.96
,2021-03-01,2021,202103,на Гоголя,Nuke,NK ais-5028,32,351936,150400.0,201536.0,134.0
,2021-04-01,2021,202104,на Гоголя,Nuke,NK ais-5028,59,700802,277300.0,423502.0,152.72
,2021-05-01,2021,202105,на Гоголя,Nuke,NK ais-5028,75,913575,352500.0,561075.0,159.17
,2021-06-01,2021,202106,на Гоголя,Nuke,NK ais-5028,71,802016,333700.0,468316.0,140.34
,2021-07-01,2021,202107,на Гоголя,Nuke,NK ais-5028,75,745650,352500.0,393150.0,111.53
,2021-08-01,2021,202108,на Гоголя,Nuke,NK ais-5028,63,701127,296100.0,405027.0,136.79
,2021-09-01,2021,202109,на Гоголя,Nuke,NK ais-5028,67,710602,314900.0,395702.0,125.66
,2021-10-01,2021,202110,на Гоголя,Nuke,NK ais-5028,55,648835,258500.0,390335.0,151.0
,2021-11-01,2021,202111,на Гоголя,Nuke,NK ais-5028,40,433280,188000.0,245280.0,130.47
,2021-12-01,2021,202112,на Гоголя,Nuke,NK ais-5028,48,494352,225600.0,268752.0,119.13
,2022-01-01,2022,202201,на Гоголя,Nuke,NK ais-5028,69,746580,324300.0,422280.0,130.21
,2022-02-01,2022,202202,на Гоголя,Nuke,NK ais-5028,44,481800,206800.0,275000.0,132.98
,2022-03-01,2022,202203,на Гоголя,Nuke,NK ais-5028,35,388255,164500.0,223755.0,136.02
,2022-04-01,2022,202204,на Гоголя,Nuke,NK ais-5028,65,749255,305500.0,443755.0,145.26
,2022-05-01,2022,202205,на Гоголя,Nuke,NK ais-5028,82,946854,385400.0,561454.0,145.68
,2022-06-01,2022,202206,на Гоголя,Nuke,NK ais-5028,78,855036,366600.0,488436.0,133.23
,2022-07-01,2022,202207,на Гоголя,Nuke,NK ais-5028,82,782690,385400.0,397290.0,103.09
,2022-08-01,2022,202208,на Гоголя,Nuke,NK ais-5028,69,752445,324300.0,428145.0,132.02
,2022-09-01,2022,202209,на Гоголя,Nuke,NK ais-5028,74,810818,347800.0,463018.0,133.13
,2022-10-01,2022,202210,на Гоголя,Nuke,NK ais-5028,61,685579,286700.0,398879.0,139.13
,2022-11-01,2022,202211,на Гоголя,Nuke,NK ais-5028,44,520564,206800.0,313764.0,151.72
,2022-12-01,2022,202212,на Гоголя,Nuke,NK ais-5028,52,542932,244400.0,298532.0,122.15
,2021-01-01,2021,202101,на Гоголя,Nuke,NK ice-4908,67,709262,359723.0,349539.0,97.17
,2021-02-01,2021,202102,на Гоголя,Nuke,NK ice-4908,42,453852,225498.0,228354.0,101.27
,2021-03-01,2021,202103,на Гоголя,Nuke,NK ice-4908,34,342720,182546.0,160174.0,87.74
,2021-04-01,2021,202104,на Гоголя,Nuke,NK ice-4908,62,654844,332878.0,321966.0,96.72
,2021-05-01,2021,202105,на Гоголя,Nuke,NK ice-4908,79,891673,424151.0,467522.0,110.23
,2021-06-01,2021,202106,на Гоголя,Nuke,NK ice-4908,75,804900,402675.0,402225.0,99.89
,2021-07-01,2021,202107,на Гоголя,Nuke,NK ice-4908,79,674107,424151.0,249956.0,58.93
,2021-08-01,2021,202108,на Гоголя,Nuke,NK ice-4908,67,661290,359723.0,301567.0,83.83
,2021-09-01,2021,202109,на Гоголя,Nuke,NK ice-4908,71,701622,381199.0,320423.0,84.06
,2021-10-01,2021,202110,на Гоголя,Nuke,NK ice-4908,58,579768,311402.0,268366.0,86.18
,2021-11-01,2021,202111,на Гоголя,Nuke,NK ice-4908,42,421554,225498.0,196056.0,86.94
,2021-12-01,2021,202112,на Гоголя,Nuke,NK ice-4908,50,514250,268450.0,245800.0,91.56
,2022-01-01,2022,202201,на Гоголя,Nuke,NK ice-4908,73,732190,391937.0,340253.0,86.81
,2022-02-01,2022,202202,на Гоголя,Nuke,NK ice-4908,46,463082,246974.0,216108.0,87.5
,2022-03-01,2022,202203,на Гоголя,Nuke,NK ice-4908,37,377955,198653.0,179302.0,90.26
,2022-04-01,2022,202204,на Гоголя,Nuke,NK ice-4908,69,713667,370461.0,343206.0,92.64
,2022-05-01,2022,202205,на Гоголя,Nuke,NK ice-4908,87,1008504,467103.0,541401.0,115.91
,2022-06-01,2022,202206,на Гоголя,Nuke,NK ice-4908,82,876170,440258.0,435912.0,99.01
,2022-07-01,2022,202207,на Гоголя,Nuke,NK ice-4908,87,819540,467103.0,352437.0,75.45
,2022-08-01,2022,202208,на Гоголя,Nuke,NK ice-4908,73,741169,391937.0,349232.0,89.1
,2022-09-01,2022,202209,на Гоголя,Nuke,NK ice-4908,78,811044,418782.0,392262.0,93.67
,2022-10-01,2022,202210,на Гоголя,Nuke,NK ice-4908,64,686464,343616.0,342848.0,99.78
,2022-11-01,2022,202211,на Гоголя,Nuke,NK ice-4908,46,480470,246974.0,233496.0,94.54
,2022-12-01,2022,202212,на Гоголя,Nuke,NK ice-4908,55,554565,295295.0,259270.0,87.8
,2021-01-01,2021,202101,на Гоголя,Nuke,NK ai-2826,48,598272,264000.0,334272.0,126.62
,2021-02-01,2021,202102,на Гоголя,Nuke,NK ai-2826,30,386610,165000.0,221610.0,134.31
,2021-03-01,2021,202103,на Гоголя,Nuke,NK ai-2826,24,288960,132000.0,156960.0,118.91
,2021-04-01,2021,202104,на Гоголя,Nuke,NK ai-2826,45,592290,247500.0,344790.0,139.31
,2021-05-01,2021,202105,на Гоголя,Nuke,NK ai-2826,56,704312,308000.0,396312.0,128.67
,2021-06-01,2021,202106,на Гоголя,Nuke,NK ai-2826,53,644798,291500.0,353298.0,121.2
,2021-07-01,2021,202107,на Гоголя,Nuke,NK ai-2826,56,593432,308000.0,285432.0,92.67
,2021-08-01,2021,202108,на Гоголя,Nuke,NK ai-2826,48,584544,264000.0,320544.0,121.42
,2021-09-01,2021,202109,на Гоголя,Nuke,NK ai-2826,50,608250,275000.0,333250.0,121.18
,2021-10-01,2021,202110,на Гоголя,Nuke,NK ai-2826,42,542304,231000.0,311304.0,134.76
,2021-11-01,2021,202111,на Гоголя,Nuke,NK ai-2826,30,365550,165000.0,200550.0,121.55
,2021-12-01,2021,202112,на Гоголя,Nuke,NK ai-2826,36,426960,198000.0,228960.0,115.64
,2022-01-01,2022,202201,на Гоголя,Nuke,NK ai-2826,52,617344,286000.0,331344.0,115.85
,2022-02-01,2022,202202,на Гоголя,Nuke,NK ai-2826,33,401742,181500.0,220242.0,121.35
,2022-03-01,2022,202203,на Гоголя,Nuke,NK ai-2826,26,305786,143000.0,162786.0,113.84
,2022-04-01,2022,202204,на Гоголя,Nuke,NK ai-2826,49,646996,269500.0,377496.0,140.07
,2022-05-01,2022,202205,на Гоголя,Nuke,NK ai-2826,62,789136,341000.0,448136.0,131.42
,2022-06-01,2022,202206,на Гоголя,Nuke,NK ai-2826,59,712307,324500.0,387807.0,119.51
,2022-07-01,2022,202207,на Гоголя,Nuke,NK ai-2826,62,644242,341000.0,303242.0,88.93
,2022-08-01,2022,202208,на Гоголя,Nuke,NK ai-2826,52,636116,286000.0,350116.0,122.42
,2022-09-01,2022,202209,на Гоголя,Nuke,NK ai-2826,55,642125,302500.0,339625.0,112.27
,2022-10-01,2022,202210,на Гоголя,Nuke,NK ai-2826,46,599978,253000.0,346978.0,137.15
,2022-11-01,2022,202211,на Гоголя,Nuke,NK ai-2826,33,401973,181500.0,220473.0,121.47
,2022-12-01,2022,202212,на Гоголя,Nuke,NK ai-2826,39,461331,214500.0,246831.0,115.07
,2021-01-01,2021,202101,на Гоголя,Rubok,RB air-7636,15,63225,22680.0,40545.0,178.77
,2021-02-01,2021,202102,на Гоголя,Rubok,RB air-7636,9,31905,13608.0,18297.0,134.46
,2021-03-01,2021,202103,на Гоголя,Rubok,RB air-7636,8,23648,12096.0,11552.0,95.5
,2021-04-01,2021,202104,на Гоголя,Rubok,RB air-7636,14,63336,21168.0,42168.0,199.21
,2021-05-01,2021,202105,на Гоголя,Rubok,RB air-7636,18,86544,27216.0,59328.0,217.99
,2021-06-01,2021,202106,на Гоголя,Rubok,RB air-7636,17,82025,25704.0,56321.0,219.11
,2021-07-01,2021,202107,на Гоголя,Rubok,RB air-7636,18,40734,27216.0,13518.0,49.67
,2021-08-01,2021,202108,на Гоголя,Rubok,RB air-7636,15,48495,22680.0,25815.0,113.82
,2021-09-01,2021,202109,на Гоголя,Rubok,RB air-7636,16,61376,24192.0,37184.0,153.7
,2021-10-01,2021,202110,на Гоголя,Rubok,RB air-7636,13,52702,19656.0,33046.0,168.12
,2021-11-01,2021,202111,на Гоголя,Rubok,RB air-7636,9,40023,13608.0,26415.0,194.11
,2021-12-01,2021,202112,на Гоголя,Rubok,RB air-7636,11,36091,16632.0,19459.0,117.0
,2022-01-01,2022,202201,на Гоголя,Rubok,RB air-7636,16,59280,24192.0,35088.0,145.04
,2022-02-01,2022,202202,на Гоголя,Rubok,RB air-7636,10,39890,15120.0,24770.0,163.82
,2022-03-01,2022,202203,на Гоголя,Rubok,RB air-7636,8,30600,12096.0,18504.0,152.98
,2022-04-01,2022,202204,на Гоголя,Rubok,RB air-7636,15,69420,22680.0,46740.0,206.08
,2022-05-01,2022,202205,на Гоголя,Rubok,RB air-7636,19,97964,28728.0,69236.0,241.01
,2022-06-01,2022,202206,на Гоголя,Rubok,RB air-7636,18,72882,27216.0,45666.0,167.79
,2022-07-01,2022,202207,на Гоголя,Rubok,RB air-7636,19,42788,28728.0,14060.0,48.94
,2022-08-01,2022,202208,на Гоголя,Rubok,RB air-7636,16,59680,24192.0,35488.0,146.69
,2022-09-01,2022,202209,на Гоголя,Rubok,RB air-7636,17,74562,25704.0,48858.0,190.08
,2022-10-01,2022,202210,на Гоголя,Rubok,RB air-7636,14,55006,21168.0,33838.0,159.85
,2022-11-01,2022,202211,на Гоголя,Rubok,RB air-7636,10,36300,15120.0,21180.0,140.08
,2022-12-01,2022,202212,на Гоголя,Rubok,RB air-7636,12,43896,18144.0,25752.0,141.93
,2021-01-01,2021,202101,на Гоголя,Rubok,RB grou-5163,18,57294,14076.0,43218.0,307.03
,2021-02-01,2021,202102,на Гоголя,Rubok,RB grou-5163,12,32760,9384.0,23376.0,249.1
,2021-03-01,2021,202103,на Гоголя,Rubok,RB grou-5163,9,16560,7038.0,9522.0,135.29
,2021-04-01,2021,202104,на Гоголя,Rubok,RB grou-5163,17,62713,13294.0,49419.0,371.74
,2021-05-01,2021,202105,на Гоголя,Rubok,RB grou-5163,22,72358,17204.0,55154.0,320.59
,2021-06-01,2021,202106,на Гоголя,Rubok,RB grou-5163,20,67560,15640.0,51920.0,331.97
,2021-07-01,2021,202107,на Гоголя,Rubok,RB grou-5163,22,34606,17204.0,17402.0,101.15
,2021-08-01,2021,202108,на Гоголя,Rubok,RB grou-5163,18,41508,14076.0,27432.0,194.88
,2021-09-01,2021,202109,на Гоголя,Rubok,RB grou-5163,19,50654,14858.0,35796.0,240.92
,2021-10-01,2021,202110,на Гоголя,Rubok,RB grou-5163,16,58128,12512.0,45616.0,364.58
,2021-11-01,2021,202111,на Гоголя,Rubok,RB grou-5163,12,34500,9384.0,25116.0,267.65
,2021-12-01,2021,202112,на Гоголя,Rubok,RB grou-5163,14,35238,10948.0,24290.0,221.87
,2022-01-01,2022,202201,на Гоголя,Rubok,RB grou-5163,20,47820,15640.0,32180.0,205.75
,2022-02-01,2022,202202,на Гоголя,Rubok,RB grou-5163,13,43992,10166.0,33826.0,332.74
,2022-03-01,2022,202203,на Гоголя,Rubok,RB grou-5163,10,24930,7820.0,17110.0,218.8
,2022-04-01,2022,202204,на Гоголя,Rubok,RB grou-5163,19,73492,14858.0,58634.0,394.63
,2022-05-01,2022,202205,на Гоголя,Rubok,RB grou-5163,24,80784,18768.0,62016.0,330.43
,2022-06-01,2022,202206,на Гоголя,Rubok,RB grou-5163,22,62612,17204.0,45408.0,263.94
,2022-07-01,2022,202207,на Гоголя,Rubok,RB grou-5163,24,23520,18768.0,4752.0,25.32
,2022-08-01,2022,202208,на Гоголя,Rubok,RB grou-5163,20,41960,15640.0,26320.0,168.29
,2022-09-01,2022,202209,на Гоголя,Rubok,RB grou-5163,21,61740,16422.0,45318.0,275.96
,2022-10-01,2022,202210,на Гоголя,Rubok,RB grou-5163,18,50742,14076.0,36666.0,260.49
,2022-11-01,2022,202211,на Гоголя,Rubok,RB grou-5163,13,35386,10166.0,25220.0,248.08
,2022-12-01,2022,202212,на Гоголя,Rubok,RB grou-5163,15,30600,11730.0,18870.0,160.87
,2021-01-01,2021,202101,на Гоголя,Rubok,RB gre-1678,16,78800,28000.0,50800.0,181.43
,2021-02-01,2021,202102,на Гоголя,Rubok,RB gre-1678,10,45630,17500.0,28130.0,160.74
,2021-03-01,2021,202103,на Гоголя,Rubok,RB gre-1678,8,36480,14000.0,22480.0,160.57
,2021-04-01,2021,202104,на Гоголя,Rubok,RB gre-1678,15,80730,26250.0,54480.0,207.54
,2021-05-01,2021,202105,на Гоголя,Rubok,RB gre-1678,19,107806,33250.0,74556.0,224.23
,2021-06-01,2021,202106,на Гоголя,Rubok,RB gre-1678,18,88776,31500.0,57276.0,181.83
,2021-07-01,2021,202107,на Гоголя,Rubok,RB gre-1678,19,73682,33250.0,40432.0,121.6
,2021-08-01,2021,202108,на Гоголя,Rubok,RB gre-1678,16,62384,28000.0,34384.0,122.8
,2021-09-01,2021,202109,на Гоголя,Rubok,RB gre-1678,17,82093,29750.0,52343.0,175.94
,2021-10-01,2021,202110,на Гоголя,Rubok,RB gre-1678,14,78974,24500.0,54474.0,222.34
,2021-11-01,2021,202111,на Гоголя,Rubok,RB gre-1678,10,50090,17500.0,32590.0,186.23
,2021-12-01,2021,202112,на Гоголя,Rubok,RB gre-1678,12,52584,21000.0,31584.0,150.4
,2022-01-01,2022,202201,на Гоголя,Rubok,RB gre-1678,18,92574,31500.0,61074.0,193.89
,2022-02-01,2022,202202,на Гоголя,Rubok,RB gre-1678,11,47124,19250.0,27874.0,144.8
,2022-03-01,2022,202203,на Гоголя,Rubok,RB gre-1678,9,43830,15750.0,28080.0,178.29
,2022-04-01,2022,202204,на Гоголя,Rubok,RB gre-1678,17,90202,29750.0,60452.0,203.2
,2022-05-01,2022,202205,на Гоголя,Rubok,RB gre-1678,21,118020,36750.0,81270.0,221.14
,2022-06-01,2022,202206,на Гоголя,Rubok,RB gre-1678,20,101520,35000.0,66520.0,190.06
,2022-07-01,2022,202207,на Гоголя,Rubok,RB gre-1678,21,65079,36750.0,28329.0,77.09
,2022-08-01,2022,202208,на Гоголя,Rubok,RB gre-1678,18,76752,31500.0,45252.0,143.66
,2022-09-01,2022,202209,на Гоголя,Rubok,RB gre-1678,19,91105,33250.0,57855.0,174.0
,2022-10-01,2022,202210,на Гоголя,Rubok,RB gre-1678,16,77264,28000.0,49264.0,175.94
,2022-11-01,2022,202211,на Гоголя,Rubok,RB gre-1678,11,48312,19250.0,29062.0,150.97
,2022-12-01,2022,202212,на Гоголя,Rubok,RB gre-1678,14,64736,24500.0,40236.0,164.23
,2021-01-01,2021,202101,на Гоголя,Rubok,RB earth-5369,15,84585,37800.0,46785.0,123.77
,2021-02-01,2021,202102,на Гоголя,Rubok,RB earth-5369,9,47088,22680.0,24408.0,107.62
,2021-03-01,2021,202103,на Гоголя,Rubok,RB earth-5369,8,36824,20160.0,16664.0,82.66
,2021-04-01,2021,202104,на Гоголя,Rubok,RB earth-5369,14,87682,35280.0,52402.0,148.53
,2021-05-01,2021,202105,на Гоголя,Rubok,RB earth-5369,18,111978,45360.0,66618.0,146.87
,2021-06-01,2021,202106,на Гоголя,Rubok,RB earth-5369,17,104295,42840.0,61455.0,143.45
,2021-07-01,2021,202107,на Гоголя,Rubok,RB earth-5369,18,77868,45360.0,32508.0,71.67
,2021-08-01,2021,202108,на Гоголя,Rubok,RB earth-5369,15,69690,37800.0,31890.0,84.37
,2021-09-01,2021,202109,на Гоголя,Rubok,RB earth-5369,16,84000,40320.0,43680.0,108.33
,2021-10-01,2021,202110,на Гоголя,Rubok,RB earth-5369,13,75569,32760.0,42809.0,130.67
,2021-11-01,2021,202111,на Гоголя,Rubok,RB earth-5369,9,47322,22680.0,24642.0,108.65
,2021-12-01,2021,202112,на Гоголя,Rubok,RB earth-5369,11,51337,27720.0,23617.0,85.2
,2022-01-01,2022,202201,на Гоголя,Rubok,RB earth-5369,16,89200,40320.0,48880.0,121.23
,2022-02-01,2022,202202,на Гоголя,Rubok,RB earth-5369,10,49540,25200.0,24340.0,96.59
,2022-03-01,2022,202203,на Гоголя,Rubok,RB earth-5369,8,40136,20160.0,19976.0,99.09
,2022-04-01,2022,202204,на Гоголя,Rubok,RB earth-5369,15,90585,37800.0,52785.0,139.64
,2022-05-01,2022,202205,на Гоголя,Rubok,RB earth-5369,19,125609,47880.0,77729.0,162.34
,2022-06-01,2022,202206,на Гоголя,Rubok,RB earth-5369,18,104904,45360.0,59544.0,131.27
,2022-07-01,2022,202207,на Гоголя,Rubok,RB earth-5369,19,83885,47880.0,36005.0,75.2
,2022-08-01,2022,202208,на Гоголя,Rubok,RB earth-5369,16,72096,40320.0,31776.0,78.81
,2022-09-01,2022,202209,на Гоголя,Rubok,RB earth-5369,17,91749,42840.0,48909.0,114.17
,2022-10-01,2022,202210,на Гоголя,Rubok,RB earth-5369,14,75530,35280.0,40250.0,114.09
,2022-11-01,2022,202211,на Гоголя,Rubok,RB earth-5369,10,52380,25200.0,27180.0,107.86
,2022-12-01,2022,202212,на Гоголя,Rubok,RB earth-5369,12,61944,30240.0,31704.0,104.84
,2021-01-01,2021,202101,на Гоголя,Rubok,RB ais-8935,19,65018,17556.0,47462.0,270.35
,2021-02-01,2021,202102,на Гоголя,Rubok,RB ais-8935,12,42768,11088.0,31680.0,285.71
,2021-03-01,2021,202103,на Гоголя,Rubok,RB ais-8935,10,28580,9240.0,19340.0,209.31
,2021-04-01,2021,202104,на Гоголя,Rubok,RB ais-8935,18,66204,16632.0,49572.0,298.05
,2021-05-01,2021,202105,на Гоголя,Rubok,RB ais-8935,22,90442,20328.0,70114.0,344.91
,2021-06-01,2021,202106,на Гоголя,Rubok,RB ais-8935,21,78981,19404.0,59577.0,307.03
,2021-07-01,2021,202107,на Гоголя,Rubok,RB ais-8935,22,46926,20328.0,26598.0,130.84
,2021-08-01,2021,202108,на Гоголя,Rubok,RB ais-8935,19,45182,17556.0,27626.0,157.36
,2021-09-01,2021,202109,на Гоголя,Rubok,RB ais-8935,20,68420,18480.0,49940.0,270.24
,2021-10-01,2021,202110,на Гоголя,Rubok,RB ais-8935,17,68204,15708.0,52496.0,334.2
,2021-11-01,2021,202111,на Гоголя,Rubok,RB ais-8935,12,44664,11088.0,33576.0,302.81
,2021-12-01,2021,202112,на Гоголя,Rubok,RB ais-8935,14,36274,12936.0,23338.0,180.41
,2022-01-01,2022,202201,на Гоголя,Rubok,RB ais-8935,21,70581,19404.0,51177.0,263.74
,2022-02-01,2022,202202,на Гоголя,Rubok,RB ais-8935,13,49257,12012.0,37245.0,310.06
,2022-03-01,2022,202203,на Гоголя,Rubok,RB ais-8935,11,30723,10164.0,20559.0,202.27
,2022-04-01,2022,202204,на Гоголя,Rubok,RB ais-8935,19,74005,17556.0,56449.0,321.54
,2022-05-01,2022,202205,на Гоголя,Rubok,RB ais-8935,25,101000,23100.0,77900.0,337.23
,2022-06-01,2022,202206,на Гоголя,Rubok,RB ais-8935,23,76705,21252.0,55453.0,260.93
,2022-07-01,2022,202207,на Гоголя,Rubok,RB ais-8935,25,41975,23100.0,18875.0,81.71
,2022-08-01,2022,202208,на Гоголя,Rubok,RB ais-8935,21,50190,19404.0,30786.0,158.66
,2022-09-01,2022,202209,на Гоголя,Rubok,RB ais-8935,22,70114,20328.0,49786.0,244.91
,2022-10-01,2022,202210,на Гоголя,Rubok,RB ais-8935,18,75060,16632.0,58428.0,351.3
,2022-11-01,2022,202211,на Гоголя,Rubok,RB ais-8935,13,38389,12012.0,26377.0,219.59
,2022-12-01,2022,202212,на Гоголя,Rubok,RB ais-8935,16,44704,14784.0,29920.0,202.38
,2021-01-01,2021,202101,на Гоголя,Rubok,RB ice-6256,15,66870,16380.0,50490.0,308.24
,2021-02-01,2021,202102,на Гоголя,Rubok,RB ice-6256,10,37790,10920.0,26870.0,246.06
,2021-03-01,2021,202103,на Гоголя,Rubok,RB ice-6256,8,22040,8736.0,13304.0,152.29
,2021-04-01,2021,202104,на Гоголя,Rubok,RB ice-6256,14,59178,15288.0,43890.0,287.09
,2021-05-01,2021,202105,на Гоголя,Rubok,RB ice-6256,18,88938,19656.0,69282.0,352.47
,2021-06-01,2021,202106,на Гоголя,Rubok,RB ice-6256,17,68204,18564.0,49640.0,267.4
,2021-07-01,2021,202107,на Гоголя,Rubok,RB ice-6256,18,50004,19656.0,30348.0,154.4
,2021-08-01,2021,202108,на Гоголя,Rubok,RB ice-6256,15,47700,16380.0,31320.0,191.21
,2021-09-01,2021,202109,на Гоголя,Rubok,RB ice-6256,16,57936,17472.0,40464.0,231.59
,2021-10-01,2021,202110,на Гоголя,Rubok,RB ice-6256,13,53924,14196.0,39728.0,279.85
,2021-11-01,2021,202111,на Гоголя,Rubok,RB ice-6256,10,40190,10920.0,29270.0,268.04
,2021-12-01,2021,202112,на Гоголя,Rubok,RB ice-6256,12,42552,13104.0,29448.0,224.73
,2022-01-01,2022,202201,на Гоголя,Rubok,RB ice-6256,17,69836,18564.0,51272.0,276.19
,2022-02-01,2022,202202,на Гоголя,Rubok,RB ice-6256,11,37851,12012.0,25839.0,215.11
,2022-03-01,2022,202203,на Гоголя,Rubok,RB ice-6256,9,23625,9828.0,13797.0,140.38
,2022-04-01,2022,202204,на Гоголя,Rubok,RB ice-6256,16,63504,17472.0,46032.0,263.46
,2022-05-01,2022,202205,на Гоголя,Rubok,RB ice-6256,20,97780,21840.0,75940.0,347.71
,2022-06-01,2022,202206,на Гоголя,Rubok,RB ice-6256,19,67735,20748.0,46987.0,226.47
,2022-07-01,2022,202207,на Гоголя,Rubok,RB ice-6256,20,42280,21840.0,20440.0,93.59
,2022-08-01,2022,202208,на Гоголя,Rubok,RB ice-6256,17,52020,18564.0,33456.0,180.22
,2022-09-01,2022,202209,на Гоголя,Rubok,RB ice-6256,18,66276,19656.0,46620.0,237.18
,2022-10-01,2022,202210,на Гоголя,Rubok,RB ice-6256,15,68580,16380.0,52200.0,318.68
,2022-11-01,2022,202211,на Гоголя,Rubok,RB ice-6256,11,38742,12012.0,26730.0,222.53
,2022-12-01,2022,202212,на Гоголя,Rubok,RB ice-6256,13,38792,14196.0,24596.0,173.26
,2021-01-01,2021,202101,на Гоголя,Rubok,RB ai-9349,19,67678,16606.0,51072.0,307.55
,2021-02-01,2021,202102,на Гоголя,Rubok,RB ai-9349,12,47124,10488.0,36636.0,349.31
,2021-03-01,2021,202103,на Гоголя,Rubok,RB ai-9349,10,24370,8740.0,15630.0,178.83
,2021-04-01,2021,202104,на Гоголя,Rubok,RB ai-9349,18,62334,15732.0,46602.0,296.22
,2021-05-01,2021,202105,на Гоголя,Rubok,RB ai-9349,23,93219,20102.0,73117.0,363.73
,2021-06-01,2021,202106,на Гоголя,Rubok,RB ai-9349,22,74228,19228.0,55000.0,286.04
,2021-07-01,2021,202107,на Гоголя,Rubok,RB ai-9349,23,43631,20102.0,23529.0,117.05
,2021-08-01,2021,202108,на Гоголя,Rubok,RB ai-9349,19,55385,16606.0,38779.0,233.52
,2021-09-01,2021,202109,на Гоголя,Rubok,RB ai-9349,21,62832,18354.0,44478.0,242.33
,2021-10-01,2021,202110,на Гоголя,Rubok,RB ai-9349,17,53380,14858.0,38522.0,259.27
,2021-11-01,2021,202111,на Гоголя,Rubok,RB ai-9349,12,32292,10488.0,21804.0,207.89
,2021-12-01,2021,202112,на Гоголя,Rubok,RB ai-9349,15,39765,13110.0,26655.0,203.32
,2022-01-01,2022,202201,на Гоголя,Rubok,RB ai-9349,21,53697,18354.0,35343.0,192.56
,2022-02-01,2022,202202,на Гоголя,Rubok,RB ai-9349,13,43654,11362.0,32292.0,284.21
,2022-03-01,2022,202203,на Гоголя,Rubok,RB ai-9349,11,30778,9614.0,21164.0,220.14
,2022-04-01,2022,202204,на Гоголя,Rubok,RB ai-9349,20,68340,17480.0,50860.0,290.96
,2022-05-01,2022,202205,на Гоголя,Rubok,RB ai-9349,25,84600,21850.0,62750.0,287.19
,2022-06-01,2022,202206,на Гоголя,Rubok,RB ai-9349,24,63888,20976.0,42912.0,204.58
,2022-07-01,2022,202207,на Гоголя,Rubok,RB ai-9349,25,40700,21850.0,18850.0,86.27
,2022-08-01,2022,202208,на Гоголя,Rubok,RB ai-9349,21,48300,18354.0,29946.0,163.16
,2022-09-01,2022,202209,на Гоголя,Rubok,RB ai-9349,23,54878,20102.0,34776.0,173.0
,2022-10-01,2022,202210,на Гоголя,Rubok,RB ai-9349,19,58140,16606.0,41534.0,250.11
,2022-11-01,2022,202211,на Гоголя,Rubok,RB ai-9349,13,45448,11362.0,34086.0,300.0
,2022-12-01,2022,202212,на Гоголя,Rubok,RB ai-9349,16,38080,13984.0,24096.0,172.31
,2021-01-01,2021,202101,на Горького,Galosha,KA air-9558,67,763398,402000.0,361398.0,89.9
,2021-02-01,2021,202102,на Горького,Galosha,KA air-9558,42,484008,252000.0,232008.0,92.07
,2021-03-01,2021,202103,на Горького,Galosha,KA air-9558,34,383078,204000.0,179078.0,87.78
,2021-04-01,2021,202104,на Горького,Galosha,KA air-9558,62,722982,372000.0,350982.0,94.35
,2021-05-01,2021,202105,на Горького,Galosha,KA air-9558,79,982207,474000.0,508207.0,107.22
,2021-06-01,2021,202106,на Горького,Galosha,KA air-9558,75,869100,450000.0,419100.0,93.13
,2021-07-01,2021,202107,на Горького,Galosha,KA air-9558,79,813463,474000.0,339463.0,71.62
,2021-08-01,2021,202108,на Горького,Galosha,KA air-9558,67,727017,402000.0,325017.0,80.85
,2021-09-01,2021,202109,на Горького,Galosha,KA air-9558,71,767013,426000.0,341013.0,80.05
,2021-10-01,2021,202110,на Горького,Galosha,KA air-9558,58,635738,348000.0,287738.0,82.68
,2021-11-01,2021,202111,на Горького,Galosha,KA air-9558,42,455658,252000.0,203658.0,80.82
,2021-12-01,2021,202112,на Горького,Galosha,KA air-9558,50,572300,300000.0,272300.0,90.77
,2022-01-01,2022,202201,на Горького,Galosha,KA air-9558,73,825922,438000.0,387922.0,88.57
,2022-02-01,2022,202202,на Горького,Galosha,KA air-9558,46,540776,276000.0,264776.0,95.93
,2022-03-01,2022,202203,на Горького,Galosha,KA air-9558,37,401857,222000.0,179857.0,81.02
,2022-04-01,2022,202204,на Горького,Galosha,KA air-9558,69,817719,414000.0,403719.0,97.52
,2022-05-01,2022,202205,на Горького,Galosha,KA air-9558,87,1039041,522000.0,517041.0,99.05
,2022-06-01,2022,202206,на Горького,Galosha,KA air-9558,82,977686,492000.0,485686.0,98.72
,2022-07-01,2022,202207,на Горького,Galosha,KA air-9558,87,813102,522000.0,291102.0,55.77
,2022-08-01,2022,202208,на Горького,Galosha,KA air-9558,73,796722,438000.0,358722.0,81.9
,2022-09-01,2022,202209,на Горького,Galosha,KA air-9558,78,828828,468000.0,360828.0,77.1
,2022-10-01,2022,202210,на Горького,Galosha,KA air-9558,64,731776,384000.0,347776.0,90.57
,2022-11-01,2022,202211,на Горького,Galosha,KA air-9558,46,533002,276000.0,257002.0,93.12
,2022-12-01,2022,202212,на Горького,Galosha,KA air-9558,55,561275,330000.0,231275.0,70.08
,2021-01-01,2021,202101,на Горького,Galosha,KA grou-7567,61,782691,431880.0,350811.0,81.23
,2021-02-01,2021,202102,на Горького,Galosha,KA grou-7567,38,491606,269040.0,222566.0,82.73
,2021-03-01,2021,202103,на Горького,Galosha,KA grou-7567,31,380153,219480.0,160673.0,73.21
,2021-04-01,2021,202104,на Горького,Galosha,KA grou-7567,57,793383,403560.0,389823.0,96.6
,2021-05-01,2021,202105,на Горького,Galosha,KA grou-7567,72,953928,509760.0,444168.0,87.13
,2021-06-01,2021,202106,на Горького,Galosha,KA grou-7567,69,904314,488520.0,415794.0,85.11
,2021-07-01,2021,202107,на Горького,Galosha,KA grou-7567,72,826632,509760.0,316872.0,62.16
,2021-08-01,2021,202108,на Горького,Galosha,KA grou-7567,61,776347,431880.0,344467.0,79.76
,2021-09-01,2021,202109,на Горького,Galosha,KA grou-7567,65,868010,460200.0,407810.0,88.62
,2021-10-01,2021,202110,на Горького,Galosha,KA grou-7567,53,717461,375240.0,342221.0,91.2
,2021-11-01,2021,202111,на Горького,Galosha,KA grou-7567,38,515432,269040.0,246392.0,91.58
,2021-12-01,2021,202112,на Горького,Galosha,KA grou-7567,46,572976,325680.0,247296.0,75.93
,2022-01-01,2022,202201,на Горького,Galosha,KA grou-7567,67,875824,474360.0,401464.0,84.63
,2022-02-01,2022,202202,на Горького,Galosha,KA grou-7567,42,564102,297360.0,266742.0,89.7
,2022-03-01,2022,202203,на Горького,Galosha,KA grou-7567,34,420478,240720.0,179758.0,74.68
,2022-04-01,2022,202204,на Горького,Galosha,KA grou-7567,63,848106,446040.0,402066.0,90.14
,2022-05-01,2022,202205,на Горького,Galosha,KA grou-7567,80,1134160,566400.0,567760.0,100.24
,2022-06-01,2022,202206,на Горького,Galosha,KA grou-7567,75,1019325,531000.0,488325.0,91.96
,2022-07-01,2022,202207,на Горького,Galosha,KA grou-7567,80,956720,566400.0,390320.0,68.91
,2022-08-01,2022,202208,на Горького,Galosha,KA grou-7567,67,858940,474360.0,384580.0,81.07
,2022-09-01,2022,202209,на Горького,Galosha,KA grou-7567,71,917746,502680.0,415066.0,82.57
,2022-10-01,2022,202210,на Горького,Galosha,KA grou-7567,59,798801,417720.0,381081.0,91.23
,2022-11-01,2022,202211,на Горького,Galosha,KA grou-7567,42,558768,297360.0,261408.0,87.91
,2022-12-01,2022,202212,на Горького,Galosha,KA grou-7567,50,630450,354000.0,276450.0,78.09
,2021-01-01,2021,202101,на Горького,Galosha,KA gre-2749,61,1628700,640500.0,988200.0,154.29
,2021-02-01,2021,202102,на Горького,Galosha,KA gre-2749,38,1003922,399000.0,604922.0,151.61
,2021-03-01,2021,202103,на Горького,Galosha,KA gre-2749,31,778627,325500.0,453127.0,139.21
,2021-04-01,2021,202104,на Горького,Galosha,KA gre-2749,57,1544301,598500.0,945801.0,158.03
,2021-05-01,2021,202105,на Горького,Galosha,KA gre-2749,72,1948032,756000.0,1192032.0,157.68
,2021-06-01,2021,202106,на Горького,Galosha,KA gre-2749,69,1816287,724500.0,1091787.0,150.7
,2021-07-01,2021,202107,на Горького,Galosha,KA gre-2749,72,1798344,756000.0,1042344.0,137.88
,2021-08-01,2021,202108,на Горького,Galosha,KA gre-2749,61,1597895,640500.0,957395.0,149.48
,2021-09-01,2021,202109,на Горького,Galosha,KA gre-2749,65,1691560,682500.0,1009060.0,147.85
,2021-10-01,2021,202110,на Горького,Galosha,KA gre-2749,53,1395861,556500.0,839361.0,150.83
,2021-11-01,2021,202111,на Горького,Galosha,KA gre-2749,38,1006620,399000.0,607620.0,152.29
,2021-12-01,2021,202112,на Горького,Galosha,KA gre-2749,46,1198530,483000.0,715530.0,148.14
,2022-01-01,2022,202201,на Горького,Galosha,KA gre-2749,67,1770140,703500.0,1066640.0,151.62
,2022-02-01,2022,202202,на Горького,Galosha,KA gre-2749,42,1117704,441000.0,676704.0,153.45
,2022-03-01,2022,202203,на Горького,Galosha,KA gre-2749,34,877166,357000.0,520166.0,145.7
,2022-04-01,2022,202204,на Горького,Galosha,KA gre-2749,63,1654758,661500.0,993258.0,150.15
,2022-05-01,2022,202205,на Горького,Galosha,KA gre-2749,80,2181840,840000.0,1341840.0,159.74
,2022-06-01,2022,202206,на Горького,Galosha,KA gre-2749,75,1982025,787500.0,1194525.0,151.69
,2022-07-01,2022,202207,на Горького,Galosha,KA gre-2749,80,1997840,840000.0,1157840.0,137.84
,2022-08-01,2022,202208,на Горького,Galosha,KA gre-2749,67,1724111,703500.0,1020611.0,145.08
,2022-09-01,2022,202209,на Горького,Galosha,KA gre-2749,71,1836841,745500.0,1091341.0,146.39
,2022-10-01,2022,202210,на Горького,Galosha,KA gre-2749,59,1564621,619500.0,945121.0,152.56
,2022-11-01,2022,202211,на Горького,Galosha,KA gre-2749,42,1100442,441000.0,659442.0,149.53
,2022-12-01,2022,202212,на Горького,Galosha,KA gre-2749,50,1301550,525000.0,776550.0,147.91
,2021-01-01,2021,202101,на Горького,Galosha,KA earth-3018,66,1221264,493680.0,727584.0,147.38
,2021-02-01,2021,202102,на Горького,Galosha,KA earth-3018,41,748701,306680.0,442021.0,144.13
,2021-03-01,2021,202103,на Горького,Galosha,KA earth-3018,33,577401,246840.0,330561.0,133.92
,2021-04-01,2021,202104,на Горького,Galosha,KA earth-3018,62,1172854,463760.0,709094.0,152.9
,2021-05-01,2021,202105,на Горького,Galosha,KA earth-3018,78,1480050,583440.0,896610.0,153.68
,2021-06-01,2021,202106,на Горького,Galosha,KA earth-3018,74,1311946,553520.0,758426.0,137.02
,2021-07-01,2021,202107,на Горького,Galosha,KA earth-3018,78,1327014,583440.0,743574.0,127.45
,2021-08-01,2021,202108,на Горького,Galosha,KA earth-3018,66,1217106,493680.0,723426.0,146.54
,2021-09-01,2021,202109,на Горького,Galosha,KA earth-3018,70,1269660,523600.0,746060.0,142.49
,2021-10-01,2021,202110,на Горького,Galosha,KA earth-3018,58,1092430,433840.0,658590.0,151.8
,2021-11-01,2021,202111,на Горького,Galosha,KA earth-3018,41,763092,306680.0,456412.0,148.82
,2021-12-01,2021,202112,на Горького,Galosha,KA earth-3018,50,894200,374000.0,520200.0,139.09
,2022-01-01,2022,202201,на Горького,Galosha,KA earth-3018,73,1313270,546040.0,767230.0,140.51
,2022-02-01,2022,202202,на Горького,Galosha,KA earth-3018,46,837798,344080.0,493718.0,143.49
,2022-03-01,2022,202203,на Горького,Galosha,KA earth-3018,37,664705,276760.0,387945.0,140.17
,2022-04-01,2022,202204,на Горького,Galosha,KA earth-3018,68,1244672,508640.0,736032.0,144.71
,2022-05-01,2022,202205,на Горького,Galosha,KA earth-3018,86,1646900,643280.0,1003620.0,156.02
,2022-06-01,2022,202206,на Горького,Galosha,KA earth-3018,82,1537992,613360.0,924632.0,150.75
,2022-07-01,2022,202207,на Горького,Galosha,KA earth-3018,86,1483586,643280.0,840306.0,130.63
,2022-08-01,2022,202208,на Горького,Galosha,KA earth-3018,73,1268229,546040.0,722189.0,132.26
,2022-09-01,2022,202209,на Горького,Galosha,KA earth-3018,77,1415876,575960.0,839916.0,145.83
,2022-10-01,2022,202210,на Горького,Galosha,KA earth-3018,64,1145664,478720.0,666944.0,139.32
,2022-11-01,2022,202211,на Горького,Galosha,KA earth-3018,46,852334,344080.0,508254.0,147.71
,2022-12-01,2022,202212,на Горького,Galosha,KA earth-3018,55,984830,411400.0,573430.0,139.39
,2021-01-01,2021,202101,на Горького,Galosha,KA ais-3700,51,1604970,856800.0,748170.0,87.32
,2021-02-01,2021,202102,на Горького,Galosha,KA ais-3700,32,990496,537600.0,452896.0,84.24
,2021-03-01,2021,202103,на Горького,Galosha,KA ais-3700,26,805480,436800.0,368680.0,84.4
,2021-04-01,2021,202104,на Горького,Galosha,KA ais-3700,48,1535568,806400.0,729168.0,90.42
,2021-05-01,2021,202105,на Горького,Galosha,KA ais-3700,61,1963773,1024800.0,938973.0,91.62
,2021-06-01,2021,202106,на Горького,Galosha,KA ais-3700,58,1781412,974400.0,807012.0,82.82
,2021-07-01,2021,202107,на Горького,Galosha,KA ais-3700,61,1837869,1024800.0,813069.0,79.34
,2021-08-01,2021,202108,на Горького,Galosha,KA ais-3700,51,1563507,856800.0,706707.0,82.48
,2021-09-01,2021,202109,на Горького,Galosha,KA ais-3700,55,1697520,924000.0,773520.0,83.71
,2021-10-01,2021,202110,на Горького,Galosha,KA ais-3700,45,1390770,756000.0,634770.0,83.96
,2021-11-01,2021,202111,на Горького,Galosha,KA ais-3700,32,996736,537600.0,459136.0,85.4
,2021-12-01,2021,202112,на Горького,Galosha,KA ais-3700,39,1188018,655200.0,532818.0,81.32
,2022-01-01,2022,202201,на Горького,Galosha,KA ais-3700,57,1803822,957600.0,846222.0,88.37
,2022-02-01,2022,202202,на Горького,Galosha,KA ais-3700,36,1146168,604800.0,541368.0,89.51
,2022-03-01,2022,202203,на Горького,Galosha,KA ais-3700,29,897840,487200.0,410640.0,84.29
,2022-04-01,2022,202204,на Горького,Galosha,KA ais-3700,53,1673104,890400.0,782704.0,87.9
,2022-05-01,2022,202205,на Горького,Galosha,KA ais-3700,67,2126848,1125600.0,1001248.0,88.95
,2022-06-01,2022,202206,на Горького,Galosha,KA ais-3700,64,2014336,1075200.0,939136.0,87.35
,2022-07-01,2022,202207,на Горького,Galosha,KA ais-3700,67,1975495,1125600.0,849895.0,75.51
,2022-08-01,2022,202208,на Горького,Galosha,KA ais-3700,57,1755885,957600.0,798285.0,83.36
,2022-09-01,2022,202209,на Горького,Galosha,KA ais-3700,60,1842960,1008000.0,834960.0,82.83
,2022-10-01,2022,202210,на Горького,Galosha,KA ais-3700,50,1563450,840000.0,723450.0,86.12
,2022-11-01,2022,202211,на Горького,Galosha,KA ais-3700,36,1133568,604800.0,528768.0,87.43
,2022-12-01,2022,202212,на Горького,Galosha,KA ais-3700,43,1331968,722400.0,609568.0,84.38
,2021-01-01,2021,202101,на Горького,Galosha,KA ice-7591,49,770084,301350.0,468734.0,155.54
,2021-02-01,2021,202102,на Горького,Galosha,KA ice-7591,31,505269,190650.0,314619.0,165.02
,2021-03-01,2021,202103,на Горького,Galosha,KA ice-7591,25,397525,153750.0,243775.0,158.55
,2021-04-01,2021,202104,на Горького,Galosha,KA ice-7591,46,779102,282900.0,496202.0,175.4
,2021-05-01,2021,202105,на Горького,Galosha,KA ice-7591,58,992032,356700.0,635332.0,178.11
,2021-06-01,2021,202106,на Горького,Galosha,KA ice-7591,55,873840,338250.0,535590.0,158.34
,2021-07-01,2021,202107,на Горького,Galosha,KA ice-7591,58,880962,356700.0,524262.0,146.98
,2021-08-01,2021,202108,на Горького,Galosha,KA ice-7591,49,789684,301350.0,488334.0,162.05
,2021-09-01,2021,202109,на Горького,Galosha,KA ice-7591,52,838292,319800.0,518492.0,162.13
,2021-10-01,2021,202110,на Горького,Galosha,KA ice-7591,43,680346,264450.0,415896.0,157.27
,2021-11-01,2021,202111,на Горького,Galosha,KA ice-7591,31,510849,190650.0,320199.0,167.95
,2021-12-01,2021,202112,на Горького,Galosha,KA ice-7591,37,575202,227550.0,347652.0,152.78
,2022-01-01,2022,202201,на Горького,Galosha,KA ice-7591,54,881496,332100.0,549396.0,165.43
,2022-02-01,2022,202202,на Горького,Galosha,KA ice-7591,34,550936,209100.0,341836.0,163.48
,2022-03-01,2022,202203,на Горького,Galosha,KA ice-7591,27,442071,166050.0,276021.0,166.23
,2022-04-01,2022,202204,на Горького,Galosha,KA ice-7591,51,840990,313650.0,527340.0,168.13
,2022-05-01,2022,202205,на Горького,Galosha,KA ice-7591,64,1084352,393600.0,690752.0,175.5
,2022-06-01,2022,202206,на Горького,Galosha,KA ice-7591,61,987712,375150.0,612562.0,163.28
,2022-07-01,2022,202207,на Горького,Galosha,KA ice-7591,64,947584,393600.0,553984.0,140.75
,2022-08-01,2022,202208,на Горького,Galosha,KA ice-7591,54,849636,332100.0,517536.0,155.84
,2022-09-01,2022,202209,на Горького,Galosha,KA ice-7591,57,929670,350550.0,579120.0,165.2
,2022-10-01,2022,202210,на Горького,Galosha,KA ice-7591,47,754585,289050.0,465535.0,161.06
,2022-11-01,2022,202211,на Горького,Galosha,KA ice-7591,34,537676,209100.0,328576.0,157.14
,2022-12-01,2022,202212,на Горького,Galosha,KA ice-7591,41,637345,252150.0,385195.0,152.76
,2021-01-01,2021,202101,на Горького,Galosha,KA ai-2818,64,770752,281600.0,489152.0,173.7
,2021-02-01,2021,202102,на Горького,Galosha,KA ai-2818,40,504680,176000.0,328680.0,186.75
,2021-03-01,2021,202103,на Горького,Galosha,KA ai-2818,32,382432,140800.0,241632.0,171.61
,2021-04-01,2021,202104,на Горького,Galosha,KA ai-2818,60,750420,264000.0,486420.0,184.25
,2021-05-01,2021,202105,на Горького,Galosha,KA ai-2818,76,1023036,334400.0,688636.0,205.93
,2021-06-01,2021,202106,на Горького,Galosha,KA ai-2818,72,870552,316800.0,553752.0,174.8
,2021-07-01,2021,202107,на Горького,Galosha,KA ai-2818,76,791540,334400.0,457140.0,136.7
,2021-08-01,2021,202108,на Горького,Galosha,KA ai-2818,64,733184,281600.0,451584.0,160.36
,2021-09-01,2021,202109,на Горького,Galosha,KA ai-2818,68,807432,299200.0,508232.0,169.86
,2021-10-01,2021,202110,на Горького,Galosha,KA ai-2818,56,717864,246400.0,471464.0,191.34
,2021-11-01,2021,202111,на Горького,Galosha,KA ai-2818,40,487200,176000.0,311200.0,176.82
,2021-12-01,2021,202112,на Горького,Galosha,KA ai-2818,48,561840,211200.0,350640.0,166.02
,2022-01-01,2022,202201,на Горького,Galosha,KA ai-2818,71,898860,312400.0,586460.0,187.73
,2022-02-01,2022,202202,на Горького,Galosha,KA ai-2818,44,568788,193600.0,375188.0,193.8
,2022-03-01,2022,202203,на Горького,Galosha,KA ai-2818,36,413640,158400.0,255240.0,161.14
,2022-04-01,2022,202204,на Горького,Galosha,KA ai-2818,66,863610,290400.0,573210.0,197.39
,2022-05-01,2022,202205,на Горького,Galosha,KA ai-2818,84,1074696,369600.0,705096.0,190.77
,2022-06-01,2022,202206,на Горького,Galosha,KA ai-2818,80,1010080,352000.0,658080.0,186.95
,2022-07-01,2022,202207,на Горького,Galosha,KA ai-2818,84,905184,369600.0,535584.0,144.91
,2022-08-01,2022,202208,на Горького,Galosha,KA ai-2818,71,824949,312400.0,512549.0,164.07
,2022-09-01,2022,202209,на Горького,Galosha,KA ai-2818,75,874875,330000.0,544875.0,165.11
,2022-10-01,2022,202210,на Горького,Galosha,KA ai-2818,62,777790,272800.0,504990.0,185.11
,2022-11-01,2022,202211,на Горького,Galosha,KA ai-2818,44,517440,193600.0,323840.0,167.27
,2022-12-01,2022,202212,на Горького,Galosha,KA ai-2818,53,616231,233200.0,383031.0,164.25
,2021-01-01,2021,202101,на Горького,Babidas,BA air-5353,33,146652,59829.0,86823.0,145.12
,2021-02-01,2021,202102,на Горького,Babidas,BA air-5353,21,106218,38073.0,68145.0,178.99
,2021-03-01,2021,202103,на Горького,Babidas,BA air-5353,17,83062,30821.0,52241.0,169.5
,2021-04-01,2021,202104,на Горького,Babidas,BA air-5353,31,165943,56203.0,109740.0,195.26
,2021-05-01,2021,202105,на Горького,Babidas,BA air-5353,39,213681,70707.0,142974.0,202.21
,2021-06-01,2021,202106,на Горького,Babidas,BA air-5353,37,166241,67081.0,99160.0,147.82
,2021-07-01,2021,202107,на Горького,Babidas,BA air-5353,39,135642,70707.0,64935.0,91.84
,2021-08-01,2021,202108,на Горького,Babidas,BA air-5353,33,150051,59829.0,90222.0,150.8
,2021-09-01,2021,202109,на Горького,Babidas,BA air-5353,35,158865,63455.0,95410.0,150.36
,2021-10-01,2021,202110,на Горького,Babidas,BA air-5353,29,163908,52577.0,111331.0,211.75
,2021-11-01,2021,202111,на Горького,Babidas,BA air-5353,21,106932,38073.0,68859.0,180.86
,2021-12-01,2021,202112,на Горького,Babidas,BA air-5353,25,116950,45325.0,71625.0,158.03
,2022-01-01,2022,202201,на Горького,Babidas,BA air-5353,36,175320,65268.0,110052.0,168.62
,2022-02-01,2022,202202,на Горького,Babidas,BA air-5353,23,130203,41699.0,88504.0,212.24
,2022-03-01,2022,202203,на Горького,Babidas,BA air-5353,18,75816,32634.0,43182.0,132.32
,2022-04-01,2022,202204,на Горького,Babidas,BA air-5353,34,171768,61642.0,110126.0,178.65
,2022-05-01,2022,202205,на Горького,Babidas,BA air-5353,43,236328,77959.0,158369.0,203.14
,2022-06-01,2022,202206,на Горького,Babidas,BA air-5353,40,203680,72520.0,131160.0,180.86
,2022-07-01,2022,202207,на Горького,Babidas,BA air-5353,43,132741,77959.0,54782.0,70.27
,2022-08-01,2022,202208,на Горького,Babidas,BA air-5353,36,157140,65268.0,91872.0,140.76
,2022-09-01,2022,202209,на Горького,Babidas,BA air-5353,38,149834,68894.0,80940.0,117.48
,2022-10-01,2022,202210,на Горького,Babidas,BA air-5353,31,176111,56203.0,119908.0,213.35
,2022-11-01,2022,202211,на Горького,Babidas,BA air-5353,23,110515,41699.0,68816.0,165.03
,2022-12-01,2022,202212,на Горького,Babidas,BA air-5353,27,111132,48951.0,62181.0,127.03
,2021-01-01,2021,202101,на Горького,Babidas,BA grou-9248,26,95602,29900.0,65702.0,219.74
,2021-02-01,2021,202102,на Горького,Babidas,BA grou-9248,16,70912,18400.0,52512.0,285.39
,2021-03-01,2021,202103,на Горького,Babidas,BA grou-9248,13,44408,14950.0,29458.0,197.04
,2021-04-01,2021,202104,на Горького,Babidas,BA grou-9248,24,96264,27600.0,68664.0,248.78
,2021-05-01,2021,202105,на Горького,Babidas,BA grou-9248,30,131790,34500.0,97290.0,282.0
,2021-06-01,2021,202106,на Горького,Babidas,BA grou-9248,29,113158,33350.0,79808.0,239.3
,2021-07-01,2021,202107,на Горького,Babidas,BA grou-9248,30,57570,34500.0,23070.0,66.87
,2021-08-01,2021,202108,на Горького,Babidas,BA grou-9248,26,87152,29900.0,57252.0,191.48
,2021-09-01,2021,202109,на Горького,Babidas,BA grou-9248,27,85374,31050.0,54324.0,174.96
,2021-10-01,2021,202110,на Горького,Babidas,BA grou-9248,23,91701,26450.0,65251.0,246.7
,2021-11-01,2021,202111,на Горького,Babidas,BA grou-9248,16,66576,18400.0,48176.0,261.83
,2021-12-01,2021,202112,на Горького,Babidas,BA grou-9248,19,61028,21850.0,39178.0,179.3
,2022-01-01,2022,202201,на Горького,Babidas,BA grou-9248,28,103376,32200.0,71176.0,221.04
,2022-02-01,2022,202202,на Горького,Babidas,BA grou-9248,18,73890,20700.0,53190.0,256.96
,2022-03-01,2022,202203,на Горького,Babidas,BA grou-9248,14,47530,16100.0,31430.0,195.22
,2022-04-01,2022,202204,на Горького,Babidas,BA grou-9248,26,105430,29900.0,75530.0,252.61
,2022-05-01,2022,202205,на Горького,Babidas,BA grou-9248,33,138138,37950.0,100188.0,264.0
,2022-06-01,2022,202206,на Горького,Babidas,BA grou-9248,32,110080,36800.0,73280.0,199.13
,2022-07-01,2022,202207,на Горького,Babidas,BA grou-9248,33,71544,37950.0,33594.0,88.52
,2022-08-01,2022,202208,на Горького,Babidas,BA grou-9248,28,104776,32200.0,72576.0,225.39
,2022-09-01,2022,202209,на Горького,Babidas,BA grou-9248,30,97380,34500.0,62880.0,182.26
,2022-10-01,2022,202210,на Горького,Babidas,BA grou-9248,25,111325,28750.0,82575.0,287.22
,2022-11-01,2022,202211,на Горького,Babidas,BA grou-9248,18,63612,20700.0,42912.0,207.3
,2022-12-01,2022,202212,на Горького,Babidas,BA grou-9248,21,65541,24150.0,41391.0,171.39
,2021-01-01,2021,202101,на Горького,Babidas,BA gre-3658,33,138171,44022.0,94149.0,213.87
,2021-02-01,2021,202102,на Горького,Babidas,BA gre-3658,21,92799,28014.0,64785.0,231.26
,2021-03-01,2021,202103,на Горького,Babidas,BA gre-3658,17,66062,22678.0,43384.0,191.3
,2021-04-01,2021,202104,на Горького,Babidas,BA gre-3658,31,155744,41354.0,114390.0,276.61
,2021-05-01,2021,202105,на Горького,Babidas,BA gre-3658,39,198978,52026.0,146952.0,282.46
,2021-06-01,2021,202106,на Горького,Babidas,BA gre-3658,37,167129,49358.0,117771.0,238.61
,2021-07-01,2021,202107,на Горького,Babidas,BA gre-3658,39,120861,52026.0,68835.0,132.31
,2021-08-01,2021,202108,на Горького,Babidas,BA gre-3658,33,111276,44022.0,67254.0,152.77
,2021-09-01,2021,202109,на Горького,Babidas,BA gre-3658,35,134050,46690.0,87360.0,187.11
,2021-10-01,2021,202110,на Горького,Babidas,BA gre-3658,29,132356,38686.0,93670.0,242.13
,2021-11-01,2021,202111,на Горького,Babidas,BA gre-3658,21,88158,28014.0,60144.0,214.69
,2021-12-01,2021,202112,на Горького,Babidas,BA gre-3658,25,97000,33350.0,63650.0,190.85
,2022-01-01,2022,202201,на Горького,Babidas,BA gre-3658,36,140148,48024.0,92124.0,191.83
,2022-02-01,2022,202202,на Горького,Babidas,BA gre-3658,23,103753,30682.0,73071.0,238.16
,2022-03-01,2022,202203,на Горького,Babidas,BA gre-3658,18,61146,24012.0,37134.0,154.65
,2022-04-01,2022,202204,на Горького,Babidas,BA gre-3658,34,166940,45356.0,121584.0,268.07
,2022-05-01,2022,202205,на Горького,Babidas,BA gre-3658,43,203046,57362.0,145684.0,253.97
,2022-06-01,2022,202206,на Горького,Babidas,BA gre-3658,41,166583,54694.0,111889.0,204.57
,2022-07-01,2022,202207,на Горького,Babidas,BA gre-3658,43,129086,57362.0,71724.0,125.04
,2022-08-01,2022,202208,на Горького,Babidas,BA gre-3658,36,129168,48024.0,81144.0,168.97
,2022-09-01,2022,202209,на Горького,Babidas,BA gre-3658,38,151658,50692.0,100966.0,199.18
,2022-10-01,2022,202210,на Горького,Babidas,BA gre-3658,32,137888,42688.0,95200.0,223.01
,2022-11-01,2022,202211,на Горького,Babidas,BA gre-3658,23,101154,30682.0,70472.0,229.69
,2022-12-01,2022,202212,на Горького,Babidas,BA gre-3658,27,97551,36018.0,61533.0,170.84
,2021-01-01,2021,202101,на Горького,Babidas,BA earth-3530,27,149499,54432.0,95067.0,174.65
,2021-02-01,2021,202102,на Горького,Babidas,BA earth-3530,17,101252,34272.0,66980.0,195.44
,2021-03-01,2021,202103,на Горького,Babidas,BA earth-3530,14,59976,28224.0,31752.0,112.5
,2021-04-01,2021,202104,на Горького,Babidas,BA earth-3530,26,149162,52416.0,96746.0,184.57
,2021-05-01,2021,202105,на Горького,Babidas,BA earth-3530,32,185472,64512.0,120960.0,187.5
,2021-06-01,2021,202106,на Горького,Babidas,BA earth-3530,31,175770,62496.0,113274.0,181.25
,2021-07-01,2021,202107,на Горького,Babidas,BA earth-3530,32,122560,64512.0,58048.0,89.98
,2021-08-01,2021,202108,на Горького,Babidas,BA earth-3530,27,152280,54432.0,97848.0,179.76
,2021-09-01,2021,202109,на Горького,Babidas,BA earth-3530,29,145667,58464.0,87203.0,149.16
,2021-10-01,2021,202110,на Горького,Babidas,BA earth-3530,24,120144,48384.0,71760.0,148.31
,2021-11-01,2021,202111,на Горького,Babidas,BA earth-3530,17,99943,34272.0,65671.0,191.62
,2021-12-01,2021,202112,на Горького,Babidas,BA earth-3530,21,107856,42336.0,65520.0,154.76
,2022-01-01,2022,202201,на Горького,Babidas,BA earth-3530,30,161040,60480.0,100560.0,166.27
,2022-02-01,2022,202202,на Горького,Babidas,BA earth-3530,19,102486,38304.0,64182.0,167.56
,2022-03-01,2022,202203,на Горького,Babidas,BA earth-3530,15,75195,30240.0,44955.0,148.66
,2022-04-01,2022,202204,на Горького,Babidas,BA earth-3530,28,154812,56448.0,98364.0,174.26
,2022-05-01,2022,202205,на Горького,Babidas,BA earth-3530,36,239004,72576.0,166428.0,229.32
,2022-06-01,2022,202206,на Горького,Babidas,BA earth-3530,34,190332,68544.0,121788.0,177.68
,2022-07-01,2022,202207,на Горького,Babidas,BA earth-3530,36,147060,72576.0,74484.0,102.63
,2022-08-01,2022,202208,на Горького,Babidas,BA earth-3530,30,139260,60480.0,78780.0,130.26
,2022-09-01,2022,202209,на Горького,Babidas,BA earth-3530,32,167200,64512.0,102688.0,159.18
,2022-10-01,2022,202210,на Горького,Babidas,BA earth-3530,26,163202,52416.0,110786.0,211.36
,2022-11-01,2022,202211,на Горького,Babidas,BA earth-3530,19,104120,38304.0,65816.0,171.83
,2022-12-01,2022,202212,на Горького,Babidas,BA earth-3530,23,121302,46368.0,74934.0,161.61
,2021-01-01,2021,202101,на Горького,Babidas,BA ais-1740,25,67075,23375.000000000004,43700.0,186.95
,2021-02-01,2021,202102,на Горького,Babidas,BA ais-1740,16,44336,14960.000000000002,29376.0,196.36
,2021-03-01,2021,202103,на Горького,Babidas,BA ais-1740,13,29796,12155.000000000002,17641.0,145.13
,2021-04-01,2021,202104,на Горького,Babidas,BA ais-1740,23,75785,21505.000000000004,54280.0,252.41
,2021-05-01,2021,202105,на Горького,Babidas,BA ais-1740,29,101500,27115.000000000004,74385.0,274.33
,2021-06-01,2021,202106,на Горького,Babidas,BA ais-1740,28,88032,26180.000000000004,61852.0,236.26
,2021-07-01,2021,202107,на Горького,Babidas,BA ais-1740,29,30044,27115.000000000004,2928.9999999999964,10.8
,2021-08-01,2021,202108,на Горького,Babidas,BA ais-1740,25,56750,23375.000000000004,33375.0,142.78
,2021-09-01,2021,202109,на Горького,Babidas,BA ais-1740,26,61178,24310.000000000004,36868.0,151.66
,2021-10-01,2021,202110,на Горького,Babidas,BA ais-1740,22,60390,20570.000000000004,39820.0,193.58
,2021-11-01,2021,202111,на Горького,Babidas,BA ais-1740,16,44288,14960.000000000002,29328.0,196.04
,2021-12-01,2021,202112,на Горького,Babidas,BA ais-1740,19,36898,17765.000000000004,19132.999999999996,107.7
,2022-01-01,2022,202201,на Горького,Babidas,BA ais-1740,27,77058,25245.000000000004,51813.0,205.24
,2022-02-01,2022,202202,на Горького,Babidas,BA ais-1740,17,46954,15895.000000000002,31059.0,195.4
,2022-03-01,2022,202203,на Горького,Babidas,BA ais-1740,14,34454,13090.000000000002,21364.0,163.21
,2022-04-01,2022,202204,на Горького,Babidas,BA ais-1740,26,93990,24310.000000000004,69680.0,286.63
,2022-05-01,2022,202205,на Горького,Babidas,BA ais-1740,32,126688,29920.000000000004,96768.0,323.42
,2022-06-01,2022,202206,на Горького,Babidas,BA ais-1740,31,81282,28985.000000000004,52297.0,180.43
,2022-07-01,2022,202207,на Горького,Babidas,BA ais-1740,32,64224,29920.000000000004,34304.0,114.65
,2022-08-01,2022,202208,на Горького,Babidas,BA ais-1740,27,68337,25245.000000000004,43092.0,170.7
,2022-09-01,2022,202209,на Горького,Babidas,BA ais-1740,29,76328,27115.000000000004,49213.0,181.5
,2022-10-01,2022,202210,на Горького,Babidas,BA ais-1740,24,64032,22440.000000000004,41592.0,185.35
,2022-11-01,2022,202211,на Горького,Babidas,BA ais-1740,17,49487,15895.000000000002,33592.0,211.34
,2022-12-01,2022,202212,на Горького,Babidas,BA ais-1740,21,58002,19635.000000000004,38367.0,195.4
,2021-01-01,2021,202101,на Горького,Babidas,BA ice-4231,30,144690,59280.0,85410.0,144.08
,2021-02-01,2021,202102,на Горького,Babidas,BA ice-4231,19,103265,37544.0,65721.0,175.05
,2021-03-01,2021,202103,на Горького,Babidas,BA ice-4231,15,67110,29640.0,37470.0,126.42
,2021-04-01,2021,202104,на Горького,Babidas,BA ice-4231,29,178872,57304.0,121568.0,212.15
,2021-05-01,2021,202105,на Горького,Babidas,BA ice-4231,36,189000,71136.0,117864.0,165.69
,2021-06-01,2021,202106,на Горького,Babidas,BA ice-4231,34,167212,67184.0,100028.0,148.89
,2021-07-01,2021,202107,на Горького,Babidas,BA ice-4231,36,125964,71136.0,54828.0,77.07
,2021-08-01,2021,202108,на Горького,Babidas,BA ice-4231,30,153390,59280.0,94110.0,158.76
,2021-09-01,2021,202109,на Горького,Babidas,BA ice-4231,32,146112,63232.0,82880.0,131.07
,2021-10-01,2021,202110,на Горького,Babidas,BA ice-4231,27,139401,53352.0,86049.0,161.29
,2021-11-01,2021,202111,на Горького,Babidas,BA ice-4231,19,101232,37544.0,63688.0,169.64
,2021-12-01,2021,202112,на Горького,Babidas,BA ice-4231,23,110722,45448.0,65274.0,143.62
,2022-01-01,2022,202201,на Горького,Babidas,BA ice-4231,33,169488,65208.0,104280.0,159.92
,2022-02-01,2022,202202,на Горького,Babidas,BA ice-4231,21,117264,41496.0,75768.0,182.59
,2022-03-01,2022,202203,на Горького,Babidas,BA ice-4231,17,69224,33592.0,35632.0,106.07
,2022-04-01,2022,202204,на Горького,Babidas,BA ice-4231,31,156116,61256.0,94860.0,154.86
,2022-05-01,2022,202205,на Горького,Babidas,BA ice-4231,40,233960,79040.0,154920.0,196.0
,2022-06-01,2022,202206,на Горького,Babidas,BA ice-4231,38,221198,75088.0,146110.0,194.59
,2022-07-01,2022,202207,на Горького,Babidas,BA ice-4231,40,132960,79040.0,53920.0,68.22
,2022-08-01,2022,202208,на Горького,Babidas,BA ice-4231,33,142164,65208.0,76956.0,118.02
,2022-09-01,2022,202209,на Горького,Babidas,BA ice-4231,36,175068,71136.0,103932.0,146.1
,2022-10-01,2022,202210,на Горького,Babidas,BA ice-4231,29,155382,57304.0,98078.0,171.15
,2022-11-01,2022,202211,на Горького,Babidas,BA ice-4231,21,113169,41496.0,71673.0,172.72
,2022-12-01,2022,202212,на Горького,Babidas,BA ice-4231,25,100875,49400.0,51475.0,104.2
,2021-01-01,2021,202101,на Горького,Babidas,BA ai-2960,27,148392,48600.0,99792.0,205.33
,2021-02-01,2021,202102,на Горького,Babidas,BA ai-2960,17,100878,30600.0,70278.0,229.67
,2021-03-01,2021,202103,на Горького,Babidas,BA ai-2960,14,76132,25200.0,50932.0,202.11
,2021-04-01,2021,202104,на Горького,Babidas,BA ai-2960,26,161668,46800.0,114868.0,245.44
,2021-05-01,2021,202105,на Горького,Babidas,BA ai-2960,32,209600,57600.0,152000.0,263.89
,2021-06-01,2021,202106,на Горького,Babidas,BA ai-2960,31,176917,55800.0,121117.0,217.06
,2021-07-01,2021,202107,на Горького,Babidas,BA ai-2960,32,140896,57600.0,83296.0,144.61
,2021-08-01,2021,202108,на Горького,Babidas,BA ai-2960,27,138348,48600.0,89748.0,184.67
,2021-09-01,2021,202109,на Горького,Babidas,BA ai-2960,29,150568,52200.0,98368.0,188.44
,2021-10-01,2021,202110,на Горького,Babidas,BA ai-2960,24,143112,43200.0,99912.0,231.28
,2021-11-01,2021,202111,на Горького,Babidas,BA ai-2960,17,90610,30600.0,60010.0,196.11
,2021-12-01,2021,202112,на Горького,Babidas,BA ai-2960,21,110586,37800.0,72786.0,192.56
,2022-01-01,2022,202201,на Горького,Babidas,BA ai-2960,30,190200,54000.0,136200.0,252.22
,2022-02-01,2022,202202,на Горького,Babidas,BA ai-2960,19,120688,34200.0,86488.0,252.89
,2022-03-01,2022,202203,на Горького,Babidas,BA ai-2960,15,88650,27000.0,61650.0,228.33
,2022-04-01,2022,202204,на Горького,Babidas,BA ai-2960,28,161280,50400.0,110880.0,220.0
,2022-05-01,2022,202205,на Горького,Babidas,BA ai-2960,36,228312,64800.0,163512.0,252.33
,2022-06-01,2022,202206,на Горького,Babidas,BA ai-2960,34,189346,61200.0,128146.0,209.39
,2022-07-01,2022,202207,на Горького,Babidas,BA ai-2960,36,140904,64800.0,76104.0,117.44
,2022-08-01,2022,202208,на Горького,Babidas,BA ai-2960,30,155250,54000.0,101250.0,187.5
,2022-09-01,2022,202209,на Горького,Babidas,BA ai-2960,32,161088,57600.0,103488.0,179.67
,2022-10-01,2022,202210,на Горького,Babidas,BA ai-2960,26,170846,46800.0,124046.0,265.06
,2022-11-01,2022,202211,на Горького,Babidas,BA ai-2960,19,116299,34200.0,82099.0,240.06
,2022-12-01,2022,202212,на Горького,Babidas,BA ai-2960,23,119416,41400.0,78016.0,188.44
,2021-01-01,2021,202101,на Горького,Asic,AS air-7520,18,653580,371700.0,281880.0,75.84
,2021-02-01,2021,202102,на Горького,Asic,AS air-7520,12,431496,247800.0,183696.0,74.13
,2021-03-01,2021,202103,на Горького,Asic,AS air-7520,9,326736,185850.0,140886.0,75.81
,2021-04-01,2021,202104,на Горького,Asic,AS air-7520,17,618358,351050.0,267308.0,76.15
,2021-05-01,2021,202105,на Горького,Asic,AS air-7520,22,822140,454300.0,367840.0,80.97
,2021-06-01,2021,202106,на Горького,Asic,AS air-7520,21,766815,433650.0,333165.0,76.83
,2021-07-01,2021,202107,на Горького,Asic,AS air-7520,22,756668,454300.0,302368.0,66.56
,2021-08-01,2021,202108,на Горького,Asic,AS air-7520,18,644616,371700.0,272916.0,73.42
,2021-09-01,2021,202109,на Горького,Asic,AS air-7520,20,704700,413000.0,291700.0,70.63
,2021-10-01,2021,202110,на Горького,Asic,AS air-7520,16,591376,330400.0,260976.0,78.99
,2021-11-01,2021,202111,на Горького,Asic,AS air-7520,12,435984,247800.0,188184.0,75.94
,2021-12-01,2021,202112,на Горького,Asic,AS air-7520,14,493682,289100.0,204582.0,70.77
,2022-01-01,2022,202201,на Горького,Asic,AS air-7520,20,720060,413000.0,307060.0,74.35
,2022-02-01,2022,202202,на Горького,Asic,AS air-7520,13,474240,268450.0,205790.0,76.66
,2022-03-01,2022,202203,на Горького,Asic,AS air-7520,10,359190,206500.0,152690.0,73.94
,2022-04-01,2022,202204,на Горького,Asic,AS air-7520,19,696749,392350.0,304399.0,77.58
,2022-05-01,2022,202205,на Горького,Asic,AS air-7520,24,892920,495600.0,397320.0,80.17
,2022-06-01,2022,202206,на Горького,Asic,AS air-7520,23,841363,474950.0,366413.0,77.15
,2022-07-01,2022,202207,на Горького,Asic,AS air-7520,24,834552,495600.0,338952.0,68.39
,2022-08-01,2022,202208,на Горького,Asic,AS air-7520,20,705020,413000.0,292020.0,70.71
,2022-09-01,2022,202209,на Горького,Asic,AS air-7520,22,799128,454300.0,344828.0,75.9
,2022-10-01,2022,202210,на Горького,Asic,AS air-7520,18,661032,371700.0,289332.0,77.84
,2022-11-01,2022,202211,на Горького,Asic,AS air-7520,13,475644,268450.0,207194.0,77.18
,2022-12-01,2022,202212,на Горького,Asic,AS air-7520,15,534345,309750.0,224595.0,72.51
,2021-01-01,2021,202101,на Горького,Asic,AS grou-3318,15,499950,235200.0,264750.0,112.56
,2021-02-01,2021,202102,на Горького,Asic,AS grou-3318,10,334110,156800.0,177310.0,113.08
,2021-03-01,2021,202103,на Горького,Asic,AS grou-3318,8,258376,125440.0,132936.0,105.98
,2021-04-01,2021,202104,на Горького,Asic,AS grou-3318,14,473522,219520.0,254002.0,115.71
,2021-05-01,2021,202105,на Горького,Asic,AS grou-3318,18,602802,282240.0,320562.0,113.58
,2021-06-01,2021,202106,на Горького,Asic,AS grou-3318,17,564213,266560.0,297653.0,111.66
,2021-07-01,2021,202107,на Горького,Asic,AS grou-3318,18,581472,282240.0,299232.0,106.02
,2021-08-01,2021,202108,на Горького,Asic,AS grou-3318,15,484530,235200.0,249330.0,106.01
,2021-09-01,2021,202109,на Горького,Asic,AS grou-3318,16,530624,250880.0,279744.0,111.51
,2021-10-01,2021,202110,на Горького,Asic,AS grou-3318,13,435058,203840.0,231218.0,113.43
,2021-11-01,2021,202111,на Горького,Asic,AS grou-3318,10,337130,156800.0,180330.0,115.01
,2021-12-01,2021,202112,на Горького,Asic,AS grou-3318,11,361834,172480.0,189354.0,109.78
,2022-01-01,2022,202201,на Горького,Asic,AS grou-3318,16,525936,250880.0,275056.0,109.64
,2022-02-01,2022,202202,на Горького,Asic,AS grou-3318,10,334580,156800.0,177780.0,113.38
,2022-03-01,2022,202203,на Горького,Asic,AS grou-3318,8,261640,125440.0,136200.0,108.58
,2022-04-01,2022,202204,на Горького,Asic,AS grou-3318,15,509565,235200.0,274365.0,116.65
,2022-05-01,2022,202205,на Горького,Asic,AS grou-3318,19,650332,297920.0,352412.0,118.29
,2022-06-01,2022,202206,на Горького,Asic,AS grou-3318,18,591120,282240.0,308880.0,109.44
,2022-07-01,2022,202207,на Горького,Asic,AS grou-3318,19,606157,297920.0,308237.0,103.46
,2022-08-01,2022,202208,на Горького,Asic,AS grou-3318,16,525664,250880.0,274784.0,109.53
,2022-09-01,2022,202209,на Горького,Asic,AS grou-3318,17,562989,266560.0,296429.0,111.21
,2022-10-01,2022,202210,на Горького,Asic,AS grou-3318,14,466634,219520.0,247114.0,112.57
,2022-11-01,2022,202211,на Горького,Asic,AS grou-3318,10,335000,156800.0,178200.0,113.65
,2022-12-01,2022,202212,на Горького,Asic,AS grou-3318,12,393204,188160.0,205044.0,108.97
,2021-01-01,2021,202101,на Горького,Asic,AS gre-2748,17,731000,307020.0,423980.0,138.1
,2021-02-01,2021,202102,на Горького,Asic,AS gre-2748,11,475772,198660.0,277112.0,139.49
,2021-03-01,2021,202103,на Горького,Asic,AS gre-2748,9,379647,162540.0,217107.0,133.57
,2021-04-01,2021,202104,на Горького,Asic,AS gre-2748,16,706704,288960.0,417744.0,144.57
,2021-05-01,2021,202105,на Горького,Asic,AS gre-2748,20,884680,361200.0,523480.0,144.93
,2021-06-01,2021,202106,на Горького,Asic,AS gre-2748,19,829008,343140.0,485868.0,141.59
,2021-07-01,2021,202107,на Горького,Asic,AS gre-2748,20,836380,361200.0,475180.0,131.56
,2021-08-01,2021,202108,на Горького,Asic,AS gre-2748,17,727396,307020.0,420376.0,136.92
,2021-09-01,2021,202109,на Горького,Asic,AS gre-2748,18,771840,325080.0,446760.0,137.43
,2021-10-01,2021,202110,на Горького,Asic,AS gre-2748,15,649140,270900.0,378240.0,139.62
,2021-11-01,2021,202111,на Горького,Asic,AS gre-2748,11,472362,198660.0,273702.0,137.77
,2021-12-01,2021,202112,на Горького,Asic,AS gre-2748,13,556231,234780.0,321451.0,136.92
,2022-01-01,2022,202201,на Горького,Asic,AS gre-2748,18,778878,325080.0,453798.0,139.6
,2022-02-01,2022,202202,на Горького,Asic,AS gre-2748,12,525768,216720.0,309048.0,142.6
,2022-03-01,2022,202203,на Горького,Asic,AS gre-2748,9,379926,162540.0,217386.0,133.74
,2022-04-01,2022,202204,на Горького,Asic,AS gre-2748,17,741778,307020.0,434758.0,141.61
,2022-05-01,2022,202205,на Горького,Asic,AS gre-2748,22,979528,397320.0,582208.0,146.53
,2022-06-01,2022,202206,на Горького,Asic,AS gre-2748,20,879680,361200.0,518480.0,143.54
,2022-07-01,2022,202207,на Горького,Asic,AS gre-2748,22,907632,397320.0,510312.0,128.44
,2022-08-01,2022,202208,на Горького,Asic,AS gre-2748,18,775530,325080.0,450450.0,138.57
,2022-09-01,2022,202209,на Горького,Asic,AS gre-2748,19,816316,343140.0,473176.0,137.9
,2022-10-01,2022,202210,на Горького,Asic,AS gre-2748,16,698864,288960.0,409904.0,141.85
,2022-11-01,2022,202211,на Горького,Asic,AS gre-2748,12,513180,216720.0,296460.0,136.79
,2022-12-01,2022,202212,на Горького,Asic,AS gre-2748,14,596638,252840.0,343798.0,135.97
,2021-01-01,2021,202101,на Горького,Asic,AS earth-9544,15,439245,168000.0,271245.0,161.46
,2021-02-01,2021,202102,на Горького,Asic,AS earth-9544,10,296100,112000.0,184100.0,164.38
,2021-03-01,2021,202103,на Горького,Asic,AS earth-9544,8,228432,89600.0,138832.0,154.95
,2021-04-01,2021,202104,на Горького,Asic,AS earth-9544,14,420448,156800.0,263648.0,168.14
,2021-05-01,2021,202105,на Горького,Asic,AS earth-9544,18,536886,201600.0,335286.0,166.31
,2021-06-01,2021,202106,на Горького,Asic,AS earth-9544,17,487560,190400.0,297160.0,156.07
,2021-07-01,2021,202107,на Горького,Asic,AS earth-9544,18,501498,201600.0,299898.0,148.76
,2021-08-01,2021,202108,на Горького,Asic,AS earth-9544,15,441405,168000.0,273405.0,162.74
,2021-09-01,2021,202109,на Горького,Asic,AS earth-9544,16,452400,179200.0,273200.0,152.46
,2021-10-01,2021,202110,на Горького,Asic,AS earth-9544,13,388427,145600.0,242827.0,166.78
,2021-11-01,2021,202111,на Горького,Asic,AS earth-9544,10,298420,112000.0,186420.0,166.45
,2021-12-01,2021,202112,на Горького,Asic,AS earth-9544,11,308242,123200.0,185042.0,150.2
,2022-01-01,2022,202201,на Горького,Asic,AS earth-9544,17,498253,190400.0,307853.0,161.69
,2022-02-01,2022,202202,на Горького,Asic,AS earth-9544,11,326227,123200.0,203027.0,164.79
,2022-03-01,2022,202203,на Горького,Asic,AS earth-9544,9,259758,100800.0,158958.0,157.7
,2022-04-01,2022,202204,на Горького,Asic,AS earth-9544,16,478320,179200.0,299120.0,166.92
,2022-05-01,2022,202205,на Горького,Asic,AS earth-9544,20,597500,224000.0,373500.0,166.74
,2022-06-01,2022,202206,на Горького,Asic,AS earth-9544,19,559702,212800.0,346902.0,163.02
,2022-07-01,2022,202207,на Горького,Asic,AS earth-9544,20,553280,224000.0,329280.0,147.0
,2022-08-01,2022,202208,на Горького,Asic,AS earth-9544,17,496332,190400.0,305932.0,160.68
,2022-09-01,2022,202209,на Горького,Asic,AS earth-9544,18,518166,201600.0,316566.0,157.03
,2022-10-01,2022,202210,на Горького,Asic,AS earth-9544,15,446295,168000.0,278295.0,165.65
,2022-11-01,2022,202211,на Горького,Asic,AS earth-9544,11,327954,123200.0,204754.0,166.2
,2022-12-01,2022,202212,на Горького,Asic,AS earth-9544,13,375596,145600.0,229996.0,157.96
,2021-01-01,2021,202101,на Горького,Asic,AS ais-7331,19,876964,478800.00000000006,398163.99999999994,83.16
,2021-02-01,2021,202102,на Горького,Asic,AS ais-7331,12,560472,302400.00000000006,258071.99999999994,85.34
,2021-03-01,2021,202103,на Горького,Asic,AS ais-7331,10,460770,252000.00000000003,208769.99999999997,82.85
,2021-04-01,2021,202104,на Горького,Asic,AS ais-7331,18,839718,453600.00000000006,386117.99999999994,85.12
,2021-05-01,2021,202105,на Горького,Asic,AS ais-7331,22,1042734,554400.0000000001,488333.9999999999,88.08
,2021-06-01,2021,202106,на Горького,Asic,AS ais-7331,21,973497,529200.0000000001,444296.9999999999,83.96
,2021-07-01,2021,202107,на Горького,Asic,AS ais-7331,22,985666,554400.0000000001,431265.9999999999,77.79
,2021-08-01,2021,202108,на Горького,Asic,AS ais-7331,19,874019,478800.00000000006,395218.99999999994,82.54
,2021-09-01,2021,202109,на Горького,Asic,AS ais-7331,20,914680,504000.00000000006,410679.99999999994,81.48
,2021-10-01,2021,202110,на Горького,Asic,AS ais-7331,17,790500,428400.00000000006,362099.99999999994,84.52
,2021-11-01,2021,202111,на Горького,Asic,AS ais-7331,12,556944,302400.00000000006,254543.99999999994,84.17
,2021-12-01,2021,202112,на Горького,Asic,AS ais-7331,14,643930,352800.00000000006,291129.99999999994,82.52
,2022-01-01,2022,202201,на Горького,Asic,AS ais-7331,21,959301,529200.0000000001,430100.9999999999,81.27
,2022-02-01,2022,202202,на Горького,Asic,AS ais-7331,13,605605,327600.00000000006,278004.99999999994,84.86
,2022-03-01,2022,202203,на Горького,Asic,AS ais-7331,11,500995,277200.00000000006,223794.99999999994,80.73
,2022-04-01,2022,202204,на Горького,Asic,AS ais-7331,20,932260,504000.00000000006,428259.99999999994,84.97
,2022-05-01,2022,202205,на Горького,Asic,AS ais-7331,25,1169275,630000.0000000001,539274.9999999999,85.6
,2022-06-01,2022,202206,на Горького,Asic,AS ais-7331,23,1079482,579600.0000000001,499881.9999999999,86.25
,2022-07-01,2022,202207,на Горького,Asic,AS ais-7331,25,1110475,630000.0000000001,480474.9999999999,76.27
,2022-08-01,2022,202208,на Горького,Asic,AS ais-7331,21,973140,529200.0000000001,443939.9999999999,83.89
,2022-09-01,2022,202209,на Горького,Asic,AS ais-7331,22,1019370,554400.0000000001,464969.9999999999,83.87
,2022-10-01,2022,202210,на Горького,Asic,AS ais-7331,18,832878,453600.00000000006,379277.99999999994,83.62
,2022-11-01,2022,202211,на Горького,Asic,AS ais-7331,13,606944,327600.00000000006,279343.99999999994,85.27
,2022-12-01,2022,202212,на Горького,Asic,AS ais-7331,16,737600,403200.00000000006,334399.99999999994,82.94
,2021-01-01,2021,202101,на Горького,Asic,AS ice-2172,19,346104,180880.0,165224.0,91.34
,2021-02-01,2021,202102,на Горького,Asic,AS ice-2172,12,222432,114240.0,108192.0,94.71
,2021-03-01,2021,202103,на Горького,Asic,AS ice-2172,10,173620,95200.0,78420.0,82.37
,2021-04-01,2021,202104,на Горького,Asic,AS ice-2172,18,330786,171360.0,159426.0,93.04
,2021-05-01,2021,202105,на Горького,Asic,AS ice-2172,22,409904,209440.0,200464.0,95.71
,2021-06-01,2021,202106,на Горького,Asic,AS ice-2172,21,377517,199920.0,177597.0,88.83
,2021-07-01,2021,202107,на Горького,Asic,AS ice-2172,22,378664,209440.0,169224.0,80.8
,2021-08-01,2021,202108,на Горького,Asic,AS ice-2172,19,332671,180880.0,151791.0,83.92
,2021-09-01,2021,202109,на Горького,Asic,AS ice-2172,20,361540,190400.0,171140.0,89.88
,2021-10-01,2021,202110,на Горького,Asic,AS ice-2172,17,319515,161840.0,157675.0,97.43
,2021-11-01,2021,202111,на Горького,Asic,AS ice-2172,12,225672,114240.0,111432.0,97.54
,2021-12-01,2021,202112,на Горького,Asic,AS ice-2172,14,251846,133280.0,118566.0,88.96
,2022-01-01,2022,202201,на Горького,Asic,AS ice-2172,21,378609,199920.0,178689.0,89.38
,2022-02-01,2022,202202,на Горького,Asic,AS ice-2172,13,245076,123760.0,121316.0,98.03
,2022-03-01,2022,202203,на Горького,Asic,AS ice-2172,11,194689,104720.0,89969.0,85.91
,2022-04-01,2022,202204,на Горького,Asic,AS ice-2172,20,375520,190400.0,185120.0,97.23
,2022-05-01,2022,202205,на Горького,Asic,AS ice-2172,25,467750,238000.0,229750.0,96.53
,2022-06-01,2022,202206,на Горького,Asic,AS ice-2172,23,416369,218960.0,197409.0,90.16
,2022-07-01,2022,202207,на Горького,Asic,AS ice-2172,25,412525,238000.0,174525.0,73.33
,2022-08-01,2022,202208,на Горького,Asic,AS ice-2172,21,368424,199920.0,168504.0,84.29
,2022-09-01,2022,202209,на Горького,Asic,AS ice-2172,22,398530,209440.0,189090.0,90.28
,2022-10-01,2022,202210,на Горького,Asic,AS ice-2172,18,331470,171360.0,160110.0,93.43
,2022-11-01,2022,202211,на Горького,Asic,AS ice-2172,13,246051,123760.0,122291.0,98.81
,2022-12-01,2022,202212,на Горького,Asic,AS ice-2172,16,283408,152320.0,131088.0,86.06
,2021-01-01,2021,202101,на Горького,Asic,AS ai-7676,15,602190,245700.0,356490.0,145.09
,2021-02-01,2021,202102,на Горького,Asic,AS ai-7676,10,403580,163800.0,239780.0,146.39
,2021-03-01,2021,202103,на Горького,Asic,AS ai-7676,8,317696,131040.0,186656.0,142.44
,2021-04-01,2021,202104,на Горького,Asic,AS ai-7676,14,573566,229320.0,344246.0,150.12
,2021-05-01,2021,202105,на Горького,Asic,AS ai-7676,18,743346,294840.0,448506.0,152.12
,2021-06-01,2021,202106,на Горького,Asic,AS ai-7676,17,689469,278460.0,411009.0,147.6
,2021-07-01,2021,202107,на Горького,Asic,AS ai-7676,18,707130,294840.0,412290.0,139.84
,2021-08-01,2021,202108,на Горького,Asic,AS ai-7676,15,592980,245700.0,347280.0,141.34
,2021-09-01,2021,202109,на Горького,Asic,AS ai-7676,16,645312,262080.0,383232.0,146.23
,2021-10-01,2021,202110,на Горького,Asic,AS ai-7676,13,521105,212940.0,308165.0,144.72
,2021-11-01,2021,202111,на Горького,Asic,AS ai-7676,10,406300,163800.0,242500.0,148.05
,2021-12-01,2021,202112,на Горького,Asic,AS ai-7676,12,474276,196560.0,277716.0,141.29
,2022-01-01,2022,202201,на Горького,Asic,AS ai-7676,17,679966,278460.0,401506.0,144.19
,2022-02-01,2022,202202,на Горького,Asic,AS ai-7676,11,452155,180180.0,271975.0,150.95
,2022-03-01,2022,202203,на Горького,Asic,AS ai-7676,9,362205,147420.0,214785.0,145.7
,2022-04-01,2022,202204,на Горького,Asic,AS ai-7676,16,649712,262080.0,387632.0,147.91
,2022-05-01,2022,202205,на Горького,Asic,AS ai-7676,20,829720,327600.0,502120.0,153.27
,2022-06-01,2022,202206,на Горького,Asic,AS ai-7676,19,760684,311220.0,449464.0,144.42
,2022-07-01,2022,202207,на Горького,Asic,AS ai-7676,20,781040,327600.0,453440.0,138.41
,2022-08-01,2022,202208,на Горького,Asic,AS ai-7676,17,675784,278460.0,397324.0,142.69
,2022-09-01,2022,202209,на Горького,Asic,AS ai-7676,18,708876,294840.0,414036.0,140.43
,2022-10-01,2022,202210,на Горького,Asic,AS ai-7676,15,610140,245700.0,364440.0,148.33
,2022-11-01,2022,202211,на Горького,Asic,AS ai-7676,11,445016,180180.0,264836.0,146.98
,2022-12-01,2022,202212,на Горького,Asic,AS ai-7676,13,514813,212940.0,301873.0,141.76
,2021-01-01,2021,202101,на Горького,Gunverse,GU air-3053,47,280355,108100.0,172255.0,159.35
,2021-02-01,2021,202102,на Горького,Gunverse,GU air-3053,29,205059,66700.0,138359.0,207.43
,2021-03-01,2021,202103,на Горького,Gunverse,GU air-3053,24,125328,55200.0,70128.0,127.04
,2021-04-01,2021,202104,на Горького,Gunverse,GU air-3053,44,285648,101200.0,184448.0,182.26
,2021-05-01,2021,202105,на Горького,Gunverse,GU air-3053,55,386980,126500.0,260480.0,205.91
,2021-06-01,2021,202106,на Горького,Gunverse,GU air-3053,52,338624,119600.0,219024.0,183.13
,2021-07-01,2021,202107,на Горького,Gunverse,GU air-3053,55,276815,126500.0,150315.0,118.83
,2021-08-01,2021,202108,на Горького,Gunverse,GU air-3053,47,283974,108100.0,175874.0,162.7
,2021-09-01,2021,202109,на Горького,Gunverse,GU air-3053,50,285500,115000.0,170500.0,148.26
,2021-10-01,2021,202110,на Горького,Gunverse,GU air-3053,41,258218,94300.0,163918.0,173.83
,2021-11-01,2021,202111,на Горького,Gunverse,GU air-3053,29,175392,66700.0,108692.0,162.96
,2021-12-01,2021,202112,на Горького,Gunverse,GU air-3053,35,183610,80500.0,103110.0,128.09
,2022-01-01,2022,202201,на Горького,Gunverse,GU air-3053,51,335019,117300.0,217719.0,185.61
,2022-02-01,2022,202202,на Горького,Gunverse,GU air-3053,32,197184,73600.0,123584.0,167.91
,2022-03-01,2022,202203,на Горького,Gunverse,GU air-3053,26,158236,59800.0,98436.0,164.61
,2022-04-01,2022,202204,на Горького,Gunverse,GU air-3053,48,322896,110400.0,212496.0,192.48
,2022-05-01,2022,202205,на Горького,Gunverse,GU air-3053,61,397232,140300.0,256932.0,183.13
,2022-06-01,2022,202206,на Горького,Gunverse,GU air-3053,58,378450,133400.0,245050.0,183.7
,2022-07-01,2022,202207,на Горького,Gunverse,GU air-3053,61,318969,140300.0,178669.0,127.35
,2022-08-01,2022,202208,на Горького,Gunverse,GU air-3053,51,302787,117300.0,185487.0,158.13
,2022-09-01,2022,202209,на Горького,Gunverse,GU air-3053,54,285984,124200.0,161784.0,130.26
,2022-10-01,2022,202210,на Горького,Gunverse,GU air-3053,45,296280,103500.0,192780.0,186.26
,2022-11-01,2022,202211,на Горького,Gunverse,GU air-3053,32,206176,73600.0,132576.0,180.13
,2022-12-01,2022,202212,на Горького,Gunverse,GU air-3053,39,197925,89700.0,108225.0,120.65
,2021-01-01,2021,202101,на Горького,Gunverse,GU grou-6409,41,426728,166050.0,260678.0,156.99
,2021-02-01,2021,202102,на Горького,Gunverse,GU grou-6409,26,254046,105300.0,148746.0,141.26
,2021-03-01,2021,202103,на Горького,Gunverse,GU grou-6409,21,201411,85050.0,116361.0,136.81
,2021-04-01,2021,202104,на Горького,Gunverse,GU grou-6409,39,407043,157950.0,249093.0,157.7
,2021-05-01,2021,202105,на Горького,Gunverse,GU grou-6409,49,531601,198450.0,333151.0,167.88
,2021-06-01,2021,202106,на Горького,Gunverse,GU grou-6409,46,483552,186300.0,297252.0,159.56
,2021-07-01,2021,202107,на Горького,Gunverse,GU grou-6409,49,439824,198450.0,241374.0,121.63
,2021-08-01,2021,202108,на Горького,Gunverse,GU grou-6409,41,415002,166050.0,248952.0,149.93
,2021-09-01,2021,202109,на Горького,Gunverse,GU grou-6409,44,431508,178200.0,253308.0,142.15
,2021-10-01,2021,202110,на Горького,Gunverse,GU grou-6409,36,382176,145800.0,236376.0,162.12
,2021-11-01,2021,202111,на Горького,Gunverse,GU grou-6409,26,278434,105300.0,173134.0,164.42
,2021-12-01,2021,202112,на Горького,Gunverse,GU grou-6409,31,294996,125550.0,169446.0,134.96
,2022-01-01,2022,202201,на Горького,Gunverse,GU grou-6409,45,453960,182250.0,271710.0,149.09
,2022-02-01,2022,202202,на Горького,Gunverse,GU grou-6409,29,305428,117450.0,187978.0,160.05
,2022-03-01,2022,202203,на Горького,Gunverse,GU grou-6409,23,222226,93150.0,129076.0,138.57
,2022-04-01,2022,202204,на Горького,Gunverse,GU grou-6409,43,460229,174150.0,286079.0,164.27
,2022-05-01,2022,202205,на Горького,Gunverse,GU grou-6409,54,557820,218700.0,339120.0,155.06
,2022-06-01,2022,202206,на Горького,Gunverse,GU grou-6409,51,539580,206550.0,333030.0,161.23
,2022-07-01,2022,202207,на Горького,Gunverse,GU grou-6409,54,460944,218700.0,242244.0,110.77
,2022-08-01,2022,202208,на Горького,Gunverse,GU grou-6409,45,435510,182250.0,253260.0,138.96
,2022-09-01,2022,202209,на Горького,Gunverse,GU grou-6409,48,500976,194400.0,306576.0,157.7
,2022-10-01,2022,202210,на Горького,Gunverse,GU grou-6409,40,431120,162000.0,269120.0,166.12
,2022-11-01,2022,202211,на Горького,Gunverse,GU grou-6409,29,285186,117450.0,167736.0,142.81
,2022-12-01,2022,202212,на Горького,Gunverse,GU grou-6409,34,338266,137700.0,200566.0,145.65
,2021-01-01,2021,202101,на Горького,Gunverse,GU gre-2865,47,375624,187529.99999999997,188094.00000000003,100.3
,2021-02-01,2021,202102,на Горького,Gunverse,GU gre-2865,29,248791,115709.99999999999,133081.0,115.01
,2021-03-01,2021,202103,на Горького,Gunverse,GU gre-2865,24,196608,95759.99999999999,100848.00000000001,105.31
,2021-04-01,2021,202104,на Горького,Gunverse,GU gre-2865,44,386452,175559.99999999997,210892.00000000003,120.13
,2021-05-01,2021,202105,на Горького,Gunverse,GU gre-2865,55,529100,219449.99999999997,309650.0,141.1
,2021-06-01,2021,202106,на Горького,Gunverse,GU gre-2865,52,429780,207479.99999999997,222300.00000000003,107.14
,2021-07-01,2021,202107,на Горького,Gunverse,GU gre-2865,55,368665,219449.99999999997,149215.00000000003,67.99
,2021-08-01,2021,202108,на Горького,Gunverse,GU gre-2865,47,364391,187529.99999999997,176861.00000000003,94.31
,2021-09-01,2021,202109,на Горького,Gunverse,GU gre-2865,50,369250,199499.99999999997,169750.00000000003,85.09
,2021-10-01,2021,202110,на Горького,Gunverse,GU gre-2865,41,333371,163589.99999999997,169781.00000000003,103.78
,2021-11-01,2021,202111,на Горького,Gunverse,GU gre-2865,29,252967,115709.99999999999,137257.0,118.62
,2021-12-01,2021,202112,на Горького,Gunverse,GU gre-2865,35,285565,139649.99999999997,145915.00000000003,104.49
,2022-01-01,2022,202201,на Горького,Gunverse,GU gre-2865,51,428808,203489.99999999997,225318.00000000003,110.73
,2022-02-01,2022,202202,на Горького,Gunverse,GU gre-2865,32,279008,127679.99999999999,151328.0,118.52
,2022-03-01,2022,202203,на Горького,Gunverse,GU gre-2865,26,213174,103739.99999999999,109434.00000000001,105.49
,2022-04-01,2022,202204,на Горького,Gunverse,GU gre-2865,48,448032,191519.99999999997,256512.00000000003,133.93
,2022-05-01,2022,202205,на Горького,Gunverse,GU gre-2865,61,572790,243389.99999999997,329400.0,135.34
,2022-06-01,2022,202206,на Горького,Gunverse,GU gre-2865,58,471946,231419.99999999997,240526.00000000003,103.93
,2022-07-01,2022,202207,на Горького,Gunverse,GU gre-2865,61,390461,243389.99999999997,147071.00000000003,60.43
,2022-08-01,2022,202208,на Горького,Gunverse,GU gre-2865,51,411621,203489.99999999997,208131.00000000003,102.28
,2022-09-01,2022,202209,на Горького,Gunverse,GU gre-2865,54,427734,215459.99999999997,212274.00000000003,98.52
,2022-10-01,2022,202210,на Горького,Gunverse,GU gre-2865,45,393615,179549.99999999997,214065.00000000003,119.22
,2022-11-01,2022,202211,на Горького,Gunverse,GU gre-2865,32,250496,127679.99999999999,122816.00000000001,96.19
,2022-12-01,2022,202212,на Горького,Gunverse,GU gre-2865,39,281853,155609.99999999997,126243.00000000003,81.13
,2021-01-01,2021,202101,на Горького,Gunverse,GU earth-4729,41,418856,170765.0,248091.0,145.28
,2021-02-01,2021,202102,на Горького,Gunverse,GU earth-4729,26,262704,108290.0,154414.0,142.59
,2021-03-01,2021,202103,на Горького,Gunverse,GU earth-4729,21,184632,87465.0,97167.0,111.09
,2021-04-01,2021,202104,на Горького,Gunverse,GU earth-4729,38,401812,158270.0,243542.0,153.88
,2021-05-01,2021,202105,на Горького,Gunverse,GU earth-4729,48,500160,199920.0,300240.0,150.18
,2021-06-01,2021,202106,на Горького,Gunverse,GU earth-4729,46,436356,191590.0,244766.0,127.76
,2021-07-01,2021,202107,на Горького,Gunverse,GU earth-4729,48,404736,199920.0,204816.0,102.45
,2021-08-01,2021,202108,на Горького,Gunverse,GU earth-4729,41,354445,170765.0,183680.0,107.56
,2021-09-01,2021,202109,на Горького,Gunverse,GU earth-4729,43,409661,179095.0,230566.0,128.74
,2021-10-01,2021,202110,на Горького,Gunverse,GU earth-4729,36,377532,149940.0,227592.0,151.79
,2021-11-01,2021,202111,на Горького,Gunverse,GU earth-4729,26,261872,108290.0,153582.0,141.82
,2021-12-01,2021,202112,на Горького,Gunverse,GU earth-4729,31,294469,129115.0,165354.0,128.07
,2022-01-01,2022,202201,на Горького,Gunverse,GU earth-4729,45,459225,187425.0,271800.0,145.02
,2022-02-01,2022,202202,на Горького,Gunverse,GU earth-4729,28,278040,116620.0,161420.0,138.42
,2022-03-01,2022,202203,на Горького,Gunverse,GU earth-4729,23,216844,95795.0,121049.0,126.36
,2022-04-01,2022,202204,на Горького,Gunverse,GU earth-4729,42,444192,174930.0,269262.0,153.93
,2022-05-01,2022,202205,на Горького,Gunverse,GU earth-4729,53,562807,220745.0,342062.0,154.96
,2022-06-01,2022,202206,на Горького,Gunverse,GU earth-4729,50,482800,208250.0,274550.0,131.84
,2022-07-01,2022,202207,на Горького,Gunverse,GU earth-4729,53,439370,220745.0,218625.0,99.04
,2022-08-01,2022,202208,на Горького,Gunverse,GU earth-4729,45,415350,187425.0,227925.0,121.61
,2022-09-01,2022,202209,на Горького,Gunverse,GU earth-4729,48,469488,199920.0,269568.0,134.84
,2022-10-01,2022,202210,на Горького,Gunverse,GU earth-4729,39,381888,162435.0,219453.0,135.1
,2022-11-01,2022,202211,на Горького,Gunverse,GU earth-4729,28,277004,116620.0,160384.0,137.53
,2022-12-01,2022,202212,на Горького,Gunverse,GU earth-4729,34,311202,141610.0,169592.0,119.76
,2021-01-01,2021,202101,на Горького,Gunverse,GU ais-4465,41,301965,125460.0,176505.0,140.69
,2021-02-01,2021,202102,на Горького,Gunverse,GU ais-4465,26,199212,79560.0,119652.0,150.39
,2021-03-01,2021,202103,на Горького,Gunverse,GU ais-4465,21,135954,64260.0,71694.0,111.57
,2021-04-01,2021,202104,на Горького,Gunverse,GU ais-4465,38,307572,116280.0,191292.0,164.51
,2021-05-01,2021,202105,на Горького,Gunverse,GU ais-4465,48,380736,146880.0,233856.0,159.22
,2021-06-01,2021,202106,на Горького,Gunverse,GU ais-4465,46,316986,140760.0,176226.0,125.2
,2021-07-01,2021,202107,на Горького,Gunverse,GU ais-4465,48,289680,146880.0,142800.0,97.22
,2021-08-01,2021,202108,на Горького,Gunverse,GU ais-4465,41,253462,125460.0,128002.0,102.03
,2021-09-01,2021,202109,на Горького,Gunverse,GU ais-4465,43,285219,131580.0,153639.0,116.76
,2021-10-01,2021,202110,на Горького,Gunverse,GU ais-4465,36,256644,110160.0,146484.0,132.97
,2021-11-01,2021,202111,на Горького,Gunverse,GU ais-4465,26,173524,79560.0,93964.0,118.1
,2021-12-01,2021,202112,на Горького,Gunverse,GU ais-4465,31,220534,94860.0,125674.0,132.48
,2022-01-01,2022,202201,на Горького,Gunverse,GU ais-4465,45,311445,137700.0,173745.0,126.18
,2022-02-01,2022,202202,на Горького,Gunverse,GU ais-4465,28,194124,85680.0,108444.0,126.57
,2022-03-01,2022,202203,на Горького,Gunverse,GU ais-4465,23,148327,70380.0,77947.0,110.75
,2022-04-01,2022,202204,на Горького,Gunverse,GU ais-4465,42,308532,128520.0,180012.0,140.07
,2022-05-01,2022,202205,на Горького,Gunverse,GU ais-4465,53,421085,162180.0,258905.0,159.64
,2022-06-01,2022,202206,на Горького,Gunverse,GU ais-4465,50,356250,153000.0,203250.0,132.84
,2022-07-01,2022,202207,на Горького,Gunverse,GU ais-4465,53,336126,162180.0,173946.0,107.25
,2022-08-01,2022,202208,на Горького,Gunverse,GU ais-4465,45,325260,137700.0,187560.0,136.21
,2022-09-01,2022,202209,на Горького,Gunverse,GU ais-4465,48,345984,146880.0,199104.0,135.56
,2022-10-01,2022,202210,на Горького,Gunverse,GU ais-4465,39,279123,119340.0,159783.0,133.89
,2022-11-01,2022,202211,на Горького,Gunverse,GU ais-4465,28,200536,85680.0,114856.0,134.05
,2022-12-01,2022,202212,на Горького,Gunverse,GU ais-4465,34,240550,104040.0,136510.0,131.21
,2021-01-01,2021,202101,на Горького,Gunverse,GU ice-8917,43,371993,148608.0,223385.0,150.32
,2021-02-01,2021,202102,на Горького,Gunverse,GU ice-8917,27,230553,93312.0,137241.0,147.08
,2021-03-01,2021,202103,на Горького,Gunverse,GU ice-8917,22,174460,76032.0,98428.0,129.46
,2021-04-01,2021,202104,на Горького,Gunverse,GU ice-8917,40,344080,138240.0,205840.0,148.9
,2021-05-01,2021,202105,на Горького,Gunverse,GU ice-8917,51,463029,176256.0,286773.0,162.7
,2021-06-01,2021,202106,на Горького,Gunverse,GU ice-8917,48,434304,165888.0,268416.0,161.81
,2021-07-01,2021,202107,на Горького,Gunverse,GU ice-8917,51,323187,176256.0,146931.0,83.36
,2021-08-01,2021,202108,на Горького,Gunverse,GU ice-8917,43,342667,148608.0,194059.0,130.58
,2021-09-01,2021,202109,на Горького,Gunverse,GU ice-8917,45,351315,155520.0,195795.0,125.9
,2021-10-01,2021,202110,на Горького,Gunverse,GU ice-8917,37,322233,127872.0,194361.0,152.0
,2021-11-01,2021,202111,на Горького,Gunverse,GU ice-8917,27,215865,93312.0,122553.0,131.34
,2021-12-01,2021,202112,на Горького,Gunverse,GU ice-8917,32,267264,110592.0,156672.0,141.67
,2022-01-01,2022,202201,на Горького,Gunverse,GU ice-8917,47,410921,162432.0,248489.0,152.98
,2022-02-01,2022,202202,на Горького,Gunverse,GU ice-8917,29,252532,100224.0,152308.0,151.97
,2022-03-01,2022,202203,на Горького,Gunverse,GU ice-8917,24,190608,82944.0,107664.0,129.8
,2022-04-01,2022,202204,на Горького,Gunverse,GU ice-8917,44,397672,152064.0,245608.0,161.52
,2022-05-01,2022,202205,на Горького,Gunverse,GU ice-8917,56,511168,193536.0,317632.0,164.12
,2022-06-01,2022,202206,на Горького,Gunverse,GU ice-8917,53,428982,183168.0,245814.0,134.2
,2022-07-01,2022,202207,на Горького,Gunverse,GU ice-8917,56,390320,193536.0,196784.0,101.68
,2022-08-01,2022,202208,на Горького,Gunverse,GU ice-8917,47,374543,162432.0,212111.0,130.58
,2022-09-01,2022,202209,на Горького,Gunverse,GU ice-8917,50,388100,172800.0,215300.0,124.59
,2022-10-01,2022,202210,на Горького,Gunverse,GU ice-8917,41,351042,141696.0,209346.0,147.74
,2022-11-01,2022,202211,на Горького,Gunverse,GU ice-8917,29,235045,100224.0,134821.0,134.52
,2022-12-01,2022,202212,на Горького,Gunverse,GU ice-8917,35,286510,120960.0,165550.0,136.86
,2021-01-01,2021,202101,на Горького,Gunverse,GU ai-3849,44,477444,228228.0,249216.0,109.2
,2021-02-01,2021,202102,на Горького,Gunverse,GU ai-3849,28,295344,145236.0,150108.0,103.35
,2021-03-01,2021,202103,на Горького,Gunverse,GU ai-3849,22,222310,114114.0,108196.0,94.81
,2021-04-01,2021,202104,на Горького,Gunverse,GU ai-3849,41,446982,212667.0,234315.0,110.18
,2021-05-01,2021,202105,на Горького,Gunverse,GU ai-3849,52,562276,269724.0,292552.0,108.46
,2021-06-01,2021,202106,на Горького,Gunverse,GU ai-3849,49,525525,254163.0,271362.0,106.77
,2021-07-01,2021,202107,на Горького,Gunverse,GU ai-3849,52,451880,269724.0,182156.0,67.53
,2021-08-01,2021,202108,на Горького,Gunverse,GU ai-3849,44,422752,228228.0,194524.0,85.23
,2021-09-01,2021,202109,на Горького,Gunverse,GU ai-3849,47,478413,243789.0,234624.0,96.24
,2021-10-01,2021,202110,на Горького,Gunverse,GU ai-3849,39,418821,202293.0,216528.0,107.04
,2021-11-01,2021,202111,на Горького,Gunverse,GU ai-3849,28,297388,145236.0,152152.0,104.76
,2021-12-01,2021,202112,на Горького,Gunverse,GU ai-3849,33,339669,171171.0,168498.0,98.44
,2022-01-01,2022,202201,на Горького,Gunverse,GU ai-3849,48,492672,248976.0,243696.0,97.88
,2022-02-01,2022,202202,на Горького,Gunverse,GU ai-3849,30,312630,155610.0,157020.0,100.91
,2022-03-01,2022,202203,на Горького,Gunverse,GU ai-3849,24,245760,124488.0,121272.0,97.42
,2022-04-01,2022,202204,на Горького,Gunverse,GU ai-3849,45,456840,233415.0,223425.0,95.72
,2022-05-01,2022,202205,на Горького,Gunverse,GU ai-3849,57,635607,295659.0,339948.0,114.98
,2022-06-01,2022,202206,на Горького,Gunverse,GU ai-3849,54,560790,280098.0,280692.0,100.21
,2022-07-01,2022,202207,на Горького,Gunverse,GU ai-3849,57,492708,295659.0,197049.0,66.65
,2022-08-01,2022,202208,на Горького,Gunverse,GU ai-3849,48,464256,248976.0,215280.0,86.47
,2022-09-01,2022,202209,на Горького,Gunverse,GU ai-3849,51,510816,264537.0,246279.0,93.1
,2022-10-01,2022,202210,на Горького,Gunverse,GU ai-3849,42,427980,217854.0,210126.0,96.45
,2022-11-01,2022,202211,на Горького,Gunverse,GU ai-3849,30,323670,155610.0,168060.0,108.0
,2022-12-01,2022,202212,на Горького,Gunverse,GU ai-3849,36,340092,186732.0,153360.0,82.13
,2021-01-01,2021,202101,на Горького,Nuke,NK air-4421,47,623267,282000.0,341267.0,121.02
,2021-02-01,2021,202102,на Горького,Nuke,NK air-4421,30,406470,180000.0,226470.0,125.82
,2021-03-01,2021,202103,на Горького,Nuke,NK air-4421,24,313440,144000.0,169440.0,117.67
,2021-04-01,2021,202104,на Горького,Nuke,NK air-4421,44,585904,264000.0,321904.0,121.93
,2021-05-01,2021,202105,на Горького,Nuke,NK air-4421,56,768152,336000.0,432152.0,128.62
,2021-06-01,2021,202106,на Горького,Nuke,NK air-4421,53,716242,318000.0,398242.0,125.23
,2021-07-01,2021,202107,на Горького,Nuke,NK air-4421,56,664440,336000.0,328440.0,97.75
,2021-08-01,2021,202108,на Горького,Nuke,NK air-4421,47,619836,282000.0,337836.0,119.8
,2021-09-01,2021,202109,на Горького,Nuke,NK air-4421,50,627900,300000.0,327900.0,109.3
,2021-10-01,2021,202110,на Горького,Nuke,NK air-4421,41,559445,246000.0,313445.0,127.42
,2021-11-01,2021,202111,на Горького,Nuke,NK air-4421,30,390990,180000.0,210990.0,117.22
,2021-12-01,2021,202112,на Горького,Nuke,NK air-4421,35,450660,210000.0,240660.0,114.6
,2022-01-01,2022,202201,на Горького,Nuke,NK air-4421,52,665288,312000.0,353288.0,113.23
,2022-02-01,2022,202202,на Горького,Nuke,NK air-4421,33,450318,198000.0,252318.0,127.43
,2022-03-01,2022,202203,на Горького,Nuke,NK air-4421,26,331318,156000.0,175318.0,112.38
,2022-04-01,2022,202204,на Горького,Nuke,NK air-4421,49,675122,294000.0,381122.0,129.63
,2022-05-01,2022,202205,на Горького,Nuke,NK air-4421,61,855342,366000.0,489342.0,133.7
,2022-06-01,2022,202206,на Горького,Nuke,NK air-4421,58,750926,348000.0,402926.0,115.78
,2022-07-01,2022,202207,на Горького,Nuke,NK air-4421,61,692289,366000.0,326289.0,89.15
,2022-08-01,2022,202208,на Горького,Nuke,NK air-4421,52,664404,312000.0,352404.0,112.95
,2022-09-01,2022,202209,на Горького,Nuke,NK air-4421,55,708455,330000.0,378455.0,114.68
,2022-10-01,2022,202210,на Горького,Nuke,NK air-4421,45,576720,270000.0,306720.0,113.6
,2022-11-01,2022,202211,на Горького,Nuke,NK air-4421,33,434544,198000.0,236544.0,119.47
,2022-12-01,2022,202212,на Горького,Nuke,NK air-4421,39,500136,234000.0,266136.0,113.73
,2021-01-01,2021,202101,на Горького,Nuke,NK grou-9880,34,332384,180540.0,151844.0,84.11
,2021-02-01,2021,202102,на Горького,Nuke,NK grou-9880,22,222244,116820.0,105424.0,90.24
,2021-03-01,2021,202103,на Горького,Nuke,NK grou-9880,17,159154,90270.0,68884.0,76.31
,2021-04-01,2021,202104,на Горького,Nuke,NK grou-9880,32,336928,169920.0,167008.0,98.29
,2021-05-01,2021,202105,на Горького,Nuke,NK grou-9880,41,455223,217710.0,237513.0,109.1
,2021-06-01,2021,202106,на Горького,Nuke,NK grou-9880,38,372324,201780.0,170544.0,84.52
,2021-07-01,2021,202107,на Горького,Nuke,NK grou-9880,41,357397,217710.0,139687.0,64.16
,2021-08-01,2021,202108,на Горького,Nuke,NK grou-9880,34,351696,180540.0,171156.0,94.8
,2021-09-01,2021,202109,на Горького,Nuke,NK grou-9880,36,363204,191160.0,172044.0,90.0
,2021-10-01,2021,202110,на Горького,Nuke,NK grou-9880,30,327030,159300.0,167730.0,105.29
,2021-11-01,2021,202111,на Горького,Nuke,NK grou-9880,22,232078,116820.0,115258.0,98.66
,2021-12-01,2021,202112,на Горького,Nuke,NK grou-9880,26,263536,138060.0,125476.0,90.89
,2022-01-01,2022,202201,на Горького,Nuke,NK grou-9880,38,390716,201780.0,188936.0,93.63
,2022-02-01,2022,202202,на Горького,Nuke,NK grou-9880,24,258768,127440.0,131328.0,103.05
,2022-03-01,2022,202203,на Горького,Nuke,NK grou-9880,19,188385,100890.0,87495.0,86.72
,2022-04-01,2022,202204,на Горького,Nuke,NK grou-9880,35,376915,185850.0,191065.0,102.81
,2022-05-01,2022,202205,на Горького,Nuke,NK grou-9880,45,518760,238950.0,279810.0,117.1
,2022-06-01,2022,202206,на Горького,Nuke,NK grou-9880,42,428736,223020.0,205716.0,92.24
,2022-07-01,2022,202207,на Горького,Nuke,NK grou-9880,45,409410,238950.0,170460.0,71.34
,2022-08-01,2022,202208,на Горького,Nuke,NK grou-9880,38,382090,201780.0,180310.0,89.36
,2022-09-01,2022,202209,на Горького,Nuke,NK grou-9880,40,414520,212400.0,202120.0,95.16
,2022-10-01,2022,202210,на Горького,Nuke,NK grou-9880,33,349800,175230.0,174570.0,99.62
,2022-11-01,2022,202211,на Горького,Nuke,NK grou-9880,24,241296,127440.0,113856.0,89.34
,2022-12-01,2022,202212,на Горького,Nuke,NK grou-9880,28,288232,148680.0,139552.0,93.86
,2021-01-01,2021,202101,на Горького,Nuke,NK gre-7983,33,270105,106260.0,163845.0,154.19
,2021-02-01,2021,202102,на Горького,Nuke,NK gre-7983,21,182952,67620.0,115332.0,170.56
,2021-03-01,2021,202103,на Горького,Nuke,NK gre-7983,17,135201,54740.0,80461.0,146.99
,2021-04-01,2021,202104,на Горького,Nuke,NK gre-7983,31,272242,99820.0,172422.0,172.73
,2021-05-01,2021,202105,на Горького,Nuke,NK gre-7983,39,361959,125580.0,236379.0,188.23
,2021-06-01,2021,202106,на Горького,Nuke,NK gre-7983,37,299922,119140.0,180782.0,151.74
,2021-07-01,2021,202107,на Горького,Nuke,NK gre-7983,39,248079,125580.0,122499.0,97.55
,2021-08-01,2021,202108,на Горького,Nuke,NK gre-7983,33,239778,106260.0,133518.0,125.65
,2021-09-01,2021,202109,на Горького,Nuke,NK gre-7983,35,261205,112700.0,148505.0,131.77
,2021-10-01,2021,202110,на Горького,Nuke,NK gre-7983,29,235132,93380.0,141752.0,151.8
,2021-11-01,2021,202111,на Горького,Nuke,NK gre-7983,21,159894,67620.0,92274.0,136.46
,2021-12-01,2021,202112,на Горького,Nuke,NK gre-7983,25,204525,80500.0,124025.0,154.07
,2022-01-01,2022,202201,на Горького,Nuke,NK gre-7983,36,292212,115920.0,176292.0,152.08
,2022-02-01,2022,202202,на Горького,Nuke,NK gre-7983,23,208288,74060.0,134228.0,181.24
,2022-03-01,2022,202203,на Горького,Nuke,NK gre-7983,18,146016,57960.0,88056.0,151.93
,2022-04-01,2022,202204,на Горького,Nuke,NK gre-7983,34,296446,109480.0,186966.0,170.78
,2022-05-01,2022,202205,на Горького,Nuke,NK gre-7983,42,399042,135240.0,263802.0,195.06
,2022-06-01,2022,202206,на Горького,Nuke,NK gre-7983,40,321920,128800.0,193120.0,149.94
,2022-07-01,2022,202207,на Горького,Nuke,NK gre-7983,42,297612,135240.0,162372.0,120.06
,2022-08-01,2022,202208,на Горького,Nuke,NK gre-7983,36,273996,115920.0,158076.0,136.37
,2022-09-01,2022,202209,на Горького,Nuke,NK gre-7983,38,292144,122360.0,169784.0,138.76
,2022-10-01,2022,202210,на Горького,Nuke,NK gre-7983,31,265763,99820.0,165943.0,166.24
,2022-11-01,2022,202211,на Горького,Nuke,NK gre-7983,23,191038,74060.0,116978.0,157.95
,2022-12-01,2022,202212,на Горького,Nuke,NK gre-7983,27,206442,86940.0,119502.0,137.45
,2021-01-01,2021,202101,на Горького,Nuke,NK earth-5320,40,304560,132600.0,171960.0,129.68
,2021-02-01,2021,202102,на Горького,Nuke,NK earth-5320,25,202775,82875.0,119900.0,144.68
,2021-03-01,2021,202103,на Горького,Nuke,NK earth-5320,20,135700,66300.0,69400.0,104.68
,2021-04-01,2021,202104,на Горького,Nuke,NK earth-5320,38,304722,125970.0,178752.0,141.9
,2021-05-01,2021,202105,на Горького,Nuke,NK earth-5320,48,428304,159120.0,269184.0,169.17
,2021-06-01,2021,202106,на Горького,Nuke,NK earth-5320,45,347625,149175.0,198450.0,133.03
,2021-07-01,2021,202107,на Горького,Nuke,NK earth-5320,48,314112,159120.0,154992.0,97.41
,2021-08-01,2021,202108,на Горького,Nuke,NK earth-5320,40,274080,132600.0,141480.0,106.7
,2021-09-01,2021,202109,на Горького,Nuke,NK earth-5320,43,301430,142545.0,158885.0,111.46
,2021-10-01,2021,202110,на Горького,Nuke,NK earth-5320,35,274645,116025.0,158620.0,136.71
,2021-11-01,2021,202111,на Горького,Nuke,NK earth-5320,25,195825,82875.0,112950.0,136.29
,2021-12-01,2021,202112,на Горького,Nuke,NK earth-5320,30,211320,99450.0,111870.0,112.49
,2022-01-01,2022,202201,на Горького,Nuke,NK earth-5320,44,326392,145860.0,180532.0,123.77
,2022-02-01,2022,202202,на Горького,Nuke,NK earth-5320,28,215600,92820.0,122780.0,132.28
,2022-03-01,2022,202203,на Горького,Nuke,NK earth-5320,22,167420,72930.0,94490.0,129.56
,2022-04-01,2022,202204,на Горького,Nuke,NK earth-5320,42,371154,139230.0,231924.0,166.58
,2022-05-01,2022,202205,на Горького,Nuke,NK earth-5320,53,438999,175695.0,263304.0,149.86
,2022-06-01,2022,202206,на Горького,Nuke,NK earth-5320,50,392100,165750.0,226350.0,136.56
,2022-07-01,2022,202207,на Горького,Nuke,NK earth-5320,53,341373,175695.0,165678.0,94.3
,2022-08-01,2022,202208,на Горького,Nuke,NK earth-5320,44,301620,145860.0,155760.0,106.79
,2022-09-01,2022,202209,на Горького,Nuke,NK earth-5320,47,327872,155805.0,172067.0,110.44
,2022-10-01,2022,202210,на Горького,Nuke,NK earth-5320,39,295815,129285.0,166530.0,128.81
,2022-11-01,2022,202211,на Горького,Nuke,NK earth-5320,28,205492,92820.0,112672.0,121.39
,2022-12-01,2022,202212,на Горького,Nuke,NK earth-5320,33,252384,109395.0,142989.0,130.71
,2021-01-01,2021,202101,на Горького,Nuke,NK ais-5028,44,495924,206800.0,289124.0,139.81
,2021-02-01,2021,202102,на Горького,Nuke,NK ais-5028,28,333368,131600.0,201768.0,153.32
,2021-03-01,2021,202103,на Горького,Nuke,NK ais-5028,22,241230,103400.0,137830.0,133.3
,2021-04-01,2021,202104,на Горького,Nuke,NK ais-5028,42,475734,197400.0,278334.0,141.0
,2021-05-01,2021,202105,на Горького,Nuke,NK ais-5028,53,599536,249100.0,350436.0,140.68
,2021-06-01,2021,202106,на Горького,Nuke,NK ais-5028,50,556000,235000.0,321000.0,136.6
,2021-07-01,2021,202107,на Горького,Nuke,NK ais-5028,53,539699,249100.0,290599.0,116.66
,2021-08-01,2021,202108,на Горького,Nuke,NK ais-5028,44,466840,206800.0,260040.0,125.74
,2021-09-01,2021,202109,на Горького,Nuke,NK ais-5028,47,508540,220900.0,287640.0,130.21
,2021-10-01,2021,202110,на Горького,Nuke,NK ais-5028,39,462189,183300.0,278889.0,152.15
,2021-11-01,2021,202111,на Горького,Nuke,NK ais-5028,28,324604,131600.0,193004.0,146.66
,2021-12-01,2021,202112,на Горького,Nuke,NK ais-5028,33,372372,155100.0,217272.0,140.09
,2022-01-01,2022,202201,на Горького,Nuke,NK ais-5028,49,577171,230300.0,346871.0,150.62
,2022-02-01,2022,202202,на Горького,Nuke,NK ais-5028,31,366389,145700.0,220689.0,151.47
,2022-03-01,2022,202203,на Горького,Nuke,NK ais-5028,25,274150,117500.0,156650.0,133.32
,2022-04-01,2022,202204,на Горького,Nuke,NK ais-5028,46,545330,216200.0,329130.0,152.23
,2022-05-01,2022,202205,на Горького,Nuke,NK ais-5028,58,721752,272600.0,449152.0,164.77
,2022-06-01,2022,202206,на Горького,Nuke,NK ais-5028,55,597575,258500.0,339075.0,131.17
,2022-07-01,2022,202207,на Горького,Nuke,NK ais-5028,58,561208,272600.0,288608.0,105.87
,2022-08-01,2022,202208,на Горького,Nuke,NK ais-5028,49,519253,230300.0,288953.0,125.47
,2022-09-01,2022,202209,на Горького,Nuke,NK ais-5028,52,534924,244400.0,290524.0,118.87
,2022-10-01,2022,202210,на Горького,Nuke,NK ais-5028,43,515914,202100.0,313814.0,155.28
,2022-11-01,2022,202211,на Горького,Nuke,NK ais-5028,31,343666,145700.0,197966.0,135.87
,2022-12-01,2022,202212,на Горького,Nuke,NK ais-5028,37,405705,173900.0,231805.0,133.3
,2021-01-01,2021,202101,на Горького,Nuke,NK ice-4908,47,490868,252343.0,238525.0,94.52
,2021-02-01,2021,202102,на Горького,Nuke,NK ice-4908,29,295104,155701.0,139403.0,89.53
,2021-03-01,2021,202103,на Горького,Nuke,NK ice-4908,24,237288,128856.0,108432.0,84.15
,2021-04-01,2021,202104,на Горького,Nuke,NK ice-4908,44,488136,236236.0,251900.0,106.63
,2021-05-01,2021,202105,на Горького,Nuke,NK ice-4908,55,619300,295295.0,324005.0,109.72
,2021-06-01,2021,202106,на Горького,Nuke,NK ice-4908,53,558408,284557.0,273851.0,96.24
,2021-07-01,2021,202107,на Горького,Nuke,NK ice-4908,55,456830,295295.0,161535.0,54.7
,2021-08-01,2021,202108,на Горького,Nuke,NK ice-4908,47,448850,252343.0,196507.0,77.87
,2021-09-01,2021,202109,на Горького,Nuke,NK ice-4908,50,476900,268450.0,208450.0,77.65
,2021-10-01,2021,202110,на Горького,Nuke,NK ice-4908,41,432468,220129.0,212339.0,96.46
,2021-11-01,2021,202111,на Горького,Nuke,NK ice-4908,29,305573,155701.0,149872.0,96.26
,2021-12-01,2021,202112,на Горького,Nuke,NK ice-4908,35,338345,187915.0,150430.0,80.05
,2022-01-01,2022,202201,на Горького,Nuke,NK ice-4908,51,540651,273819.0,266832.0,97.45
,2022-02-01,2022,202202,на Горького,Nuke,NK ice-4908,32,321536,171808.0,149728.0,87.15
,2022-03-01,2022,202203,на Горького,Nuke,NK ice-4908,26,259142,139594.0,119548.0,85.64
,2022-04-01,2022,202204,на Горького,Nuke,NK ice-4908,48,537696,257712.0,279984.0,108.64
,2022-05-01,2022,202205,на Горького,Nuke,NK ice-4908,61,682529,327509.0,355020.0,108.4
,2022-06-01,2022,202206,на Горького,Nuke,NK ice-4908,58,597458,311402.0,286056.0,91.86
,2022-07-01,2022,202207,на Горького,Nuke,NK ice-4908,61,535885,327509.0,208376.0,63.62
,2022-08-01,2022,202208,на Горького,Nuke,NK ice-4908,51,504747,273819.0,230928.0,84.34
,2022-09-01,2022,202209,на Горького,Nuke,NK ice-4908,55,564190,295295.0,268895.0,91.06
,2022-10-01,2022,202210,на Горького,Nuke,NK ice-4908,45,490950,241605.0,249345.0,103.2
,2022-11-01,2022,202211,на Горького,Nuke,NK ice-4908,32,323264,171808.0,151456.0,88.15
,2022-12-01,2022,202212,на Горького,Nuke,NK ice-4908,39,404040,209391.0,194649.0,92.96
,2021-01-01,2021,202101,на Горького,Nuke,NK ai-2826,33,394944,181500.0,213444.0,117.6
,2021-02-01,2021,202102,на Горького,Nuke,NK ai-2826,21,259245,115500.0,143745.0,124.45
,2021-03-01,2021,202103,на Горького,Nuke,NK ai-2826,17,192950,93500.0,99450.0,106.36
,2021-04-01,2021,202104,на Горького,Nuke,NK ai-2826,31,387252,170500.0,216752.0,127.13
,2021-05-01,2021,202105,на Горького,Nuke,NK ai-2826,40,529280,220000.0,309280.0,140.58
,2021-06-01,2021,202106,на Горького,Nuke,NK ai-2826,38,467172,209000.0,258172.0,123.53
,2021-07-01,2021,202107,на Горького,Nuke,NK ai-2826,40,421520,220000.0,201520.0,91.6
,2021-08-01,2021,202108,на Горького,Nuke,NK ai-2826,33,396363,181500.0,214863.0,118.38
,2021-09-01,2021,202109,на Горького,Nuke,NK ai-2826,35,396130,192500.0,203630.0,105.78
,2021-10-01,2021,202110,на Горького,Nuke,NK ai-2826,29,364762,159500.0,205262.0,128.69
,2021-11-01,2021,202111,на Горького,Nuke,NK ai-2826,21,258384,115500.0,142884.0,123.71
,2021-12-01,2021,202112,на Горького,Nuke,NK ai-2826,25,305450,137500.0,167950.0,122.15
,2022-01-01,2022,202201,на Горького,Nuke,NK ai-2826,37,449920,203500.0,246420.0,121.09
,2022-02-01,2022,202202,на Горького,Nuke,NK ai-2826,23,276920,126500.0,150420.0,118.91
,2022-03-01,2022,202203,на Горького,Nuke,NK ai-2826,19,233358,104500.0,128858.0,123.31
,2022-04-01,2022,202204,на Горького,Nuke,NK ai-2826,34,431222,187000.0,244222.0,130.6
,2022-05-01,2022,202205,на Горького,Nuke,NK ai-2826,44,555676,242000.0,313676.0,129.62
,2022-06-01,2022,202206,на Горького,Nuke,NK ai-2826,41,525415,225500.0,299915.0,133.0
,2022-07-01,2022,202207,на Горького,Nuke,NK ai-2826,44,467324,242000.0,225324.0,93.11
,2022-08-01,2022,202208,на Горького,Nuke,NK ai-2826,37,445369,203500.0,241869.0,118.85
,2022-09-01,2022,202209,на Горького,Nuke,NK ai-2826,39,440427,214500.0,225927.0,105.33
,2022-10-01,2022,202210,на Горького,Nuke,NK ai-2826,32,387584,176000.0,211584.0,120.22
,2022-11-01,2022,202211,на Горького,Nuke,NK ai-2826,23,287799,126500.0,161299.0,127.51
,2022-12-01,2022,202212,на Горького,Nuke,NK ai-2826,28,342104,154000.0,188104.0,122.15
,2021-01-01,2021,202101,на Горького,Rubok,RB air-7636,11,41712,16632.0,25080.0,150.79
,2021-02-01,2021,202102,на Горького,Rubok,RB air-7636,7,32396,10584.0,21812.0,206.08
,2021-03-01,2021,202103,на Горького,Rubok,RB air-7636,6,18414,9072.0,9342.0,102.98
,2021-04-01,2021,202104,на Горького,Rubok,RB air-7636,10,40850,15120.0,25730.0,170.17
,2021-05-01,2021,202105,на Горького,Rubok,RB air-7636,12,64932,18144.0,46788.0,257.87
,2021-06-01,2021,202106,на Горького,Rubok,RB air-7636,12,44340,18144.0,26196.0,144.38
,2021-07-01,2021,202107,на Горького,Rubok,RB air-7636,12,33552,18144.0,15408.0,84.92
,2021-08-01,2021,202108,на Горького,Rubok,RB air-7636,11,43153,16632.0,26521.0,159.46
,2021-09-01,2021,202109,на Горького,Rubok,RB air-7636,11,44858,16632.0,28226.0,169.71
,2021-10-01,2021,202110,на Горького,Rubok,RB air-7636,9,33714,13608.0,20106.0,147.75
,2021-11-01,2021,202111,на Горького,Rubok,RB air-7636,7,28658,10584.0,18074.0,170.77
,2021-12-01,2021,202112,на Горького,Rubok,RB air-7636,8,33128,12096.0,21032.0,173.88
,2022-01-01,2022,202201,на Горького,Rubok,RB air-7636,12,51960,18144.0,33816.0,186.38
,2022-02-01,2022,202202,на Горького,Rubok,RB air-7636,7,30744,10584.0,20160.0,190.48
,2022-03-01,2022,202203,на Горького,Rubok,RB air-7636,6,19380,9072.0,10308.0,113.62
,2022-04-01,2022,202204,на Горького,Rubok,RB air-7636,11,54692,16632.0,38060.0,228.84
,2022-05-01,2022,202205,на Горького,Rubok,RB air-7636,14,67172,21168.0,46004.0,217.33
,2022-06-01,2022,202206,на Горького,Rubok,RB air-7636,13,57434,19656.0,37778.0,192.2
,2022-07-01,2022,202207,на Горького,Rubok,RB air-7636,14,43344,21168.0,22176.0,104.76
,2022-08-01,2022,202208,на Горького,Rubok,RB air-7636,12,48996,18144.0,30852.0,170.04
,2022-09-01,2022,202209,на Горького,Rubok,RB air-7636,12,47016,18144.0,28872.0,159.13
,2022-10-01,2022,202210,на Горького,Rubok,RB air-7636,10,39650,15120.0,24530.0,162.24
,2022-11-01,2022,202211,на Горького,Rubok,RB air-7636,7,25837,10584.0,15253.0,144.11
,2022-12-01,2022,202212,на Горького,Rubok,RB air-7636,9,28179,13608.0,14571.0,107.08
,2021-01-01,2021,202101,на Горького,Rubok,RB grou-5163,13,45669,10166.0,35503.0,349.23
,2021-02-01,2021,202102,на Горького,Rubok,RB grou-5163,8,24440,6256.0,18184.0,290.66
,2021-03-01,2021,202103,на Горького,Rubok,RB grou-5163,7,18886,5474.0,13412.0,245.01
,2021-04-01,2021,202104,на Горького,Rubok,RB grou-5163,12,43836,9384.0,34452.0,367.14
,2021-05-01,2021,202105,на Горького,Rubok,RB grou-5163,15,52065,11730.0,40335.0,343.86
,2021-06-01,2021,202106,на Горького,Rubok,RB grou-5163,14,43722,10948.0,32774.0,299.36
,2021-07-01,2021,202107,на Горького,Rubok,RB grou-5163,15,26235,11730.0,14505.0,123.66
,2021-08-01,2021,202108,на Горького,Rubok,RB grou-5163,13,31044,10166.0,20878.0,205.37
,2021-09-01,2021,202109,на Горького,Rubok,RB grou-5163,14,31584,10948.0,20636.0,188.49
,2021-10-01,2021,202110,на Горького,Rubok,RB grou-5163,11,30250,8602.0,21648.0,251.66
,2021-11-01,2021,202111,на Горького,Rubok,RB grou-5163,8,26920,6256.0,20664.0,330.31
,2021-12-01,2021,202112,на Горького,Rubok,RB grou-5163,10,21790,7820.0,13970.0,178.64
,2022-01-01,2022,202201,на Горького,Rubok,RB grou-5163,14,36820,10948.0,25872.0,236.32
,2022-02-01,2022,202202,на Горького,Rubok,RB grou-5163,9,26370,7038.0,19332.0,274.68
,2022-03-01,2022,202203,на Горького,Rubok,RB grou-5163,7,13965,5474.0,8491.0,155.12
,2022-04-01,2022,202204,на Горького,Rubok,RB grou-5163,13,41210,10166.0,31044.0,305.37
,2022-05-01,2022,202205,на Горького,Rubok,RB grou-5163,17,54978,13294.0,41684.0,313.55
,2022-06-01,2022,202206,на Горького,Rubok,RB grou-5163,16,48448,12512.0,35936.0,287.21
,2022-07-01,2022,202207,на Горького,Rubok,RB grou-5163,17,19176,13294.0,5882.0,44.25
,2022-08-01,2022,202208,на Горького,Rubok,RB grou-5163,14,36274,10948.0,25326.0,231.33
,2022-09-01,2022,202209,на Горького,Rubok,RB grou-5163,15,27825,11730.0,16095.0,137.21
,2022-10-01,2022,202210,на Горького,Rubok,RB grou-5163,12,34956,9384.0,25572.0,272.51
,2022-11-01,2022,202211,на Горького,Rubok,RB grou-5163,9,27909,7038.0,20871.0,296.55
,2022-12-01,2022,202212,на Горького,Rubok,RB grou-5163,11,27995,8602.0,19393.0,225.45
,2021-01-01,2021,202101,на Горького,Rubok,RB gre-1678,12,55632,21000.0,34632.0,164.91
,2021-02-01,2021,202102,на Горького,Rubok,RB gre-1678,7,33894,12250.0,21644.0,176.69
,2021-03-01,2021,202103,на Горького,Rubok,RB gre-1678,6,26916,10500.0,16416.0,156.34
,2021-04-01,2021,202104,на Горького,Rubok,RB gre-1678,11,54417,19250.0,35167.0,182.69
,2021-05-01,2021,202105,на Горького,Rubok,RB gre-1678,14,81452,24500.0,56952.0,232.46
,2021-06-01,2021,202106,на Горького,Rubok,RB gre-1678,13,69576,22750.0,46826.0,205.83
,2021-07-01,2021,202107,на Горького,Rubok,RB gre-1678,14,41608,24500.0,17108.0,69.83
,2021-08-01,2021,202108,на Горького,Rubok,RB gre-1678,12,52944,21000.0,31944.0,152.11
,2021-09-01,2021,202109,на Горького,Rubok,RB gre-1678,12,55596,21000.0,34596.0,164.74
,2021-10-01,2021,202110,на Горького,Rubok,RB gre-1678,10,50380,17500.0,32880.0,187.89
,2021-11-01,2021,202111,на Горького,Rubok,RB gre-1678,7,29862,12250.0,17612.0,143.77
,2021-12-01,2021,202112,на Горького,Rubok,RB gre-1678,9,41796,15750.0,26046.0,165.37
,2022-01-01,2022,202201,на Горького,Rubok,RB gre-1678,13,69706,22750.0,46956.0,206.4
,2022-02-01,2022,202202,на Горького,Rubok,RB gre-1678,8,37264,14000.0,23264.0,166.17
,2022-03-01,2022,202203,на Горького,Rubok,RB gre-1678,7,29771,12250.0,17521.0,143.03
,2022-04-01,2022,202204,на Горького,Rubok,RB gre-1678,12,66492,21000.0,45492.0,216.63
,2022-05-01,2022,202205,на Горького,Rubok,RB gre-1678,15,80865,26250.0,54615.0,208.06
,2022-06-01,2022,202206,на Горького,Rubok,RB gre-1678,14,71820,24500.0,47320.0,193.14
,2022-07-01,2022,202207,на Горького,Rubok,RB gre-1678,15,51390,26250.0,25140.0,95.77
,2022-08-01,2022,202208,на Горького,Rubok,RB gre-1678,13,47333,22750.0,24583.0,108.06
,2022-09-01,2022,202209,на Горького,Rubok,RB gre-1678,14,54110,24500.0,29610.0,120.86
,2022-10-01,2022,202210,на Горького,Rubok,RB gre-1678,11,54043,19250.0,34793.0,180.74
,2022-11-01,2022,202211,на Горького,Rubok,RB gre-1678,8,37856,14000.0,23856.0,170.4
,2022-12-01,2022,202212,на Горького,Rubok,RB gre-1678,10,46610,17500.0,29110.0,166.34
,2021-01-01,2021,202101,на Горького,Rubok,RB earth-5369,11,51788,27720.0,24068.0,86.83
,2021-02-01,2021,202102,на Горького,Rubok,RB earth-5369,7,40320,17640.0,22680.0,128.57
,2021-03-01,2021,202103,на Горького,Rubok,RB earth-5369,6,29424,15120.0,14304.0,94.6
,2021-04-01,2021,202104,на Горького,Rubok,RB earth-5369,10,57620,25200.0,32420.0,128.65
,2021-05-01,2021,202105,на Горького,Rubok,RB earth-5369,12,70560,30240.0,40320.0,133.33
,2021-06-01,2021,202106,на Горького,Rubok,RB earth-5369,12,62484,30240.0,32244.0,106.63
,2021-07-01,2021,202107,на Горького,Rubok,RB earth-5369,12,41892,30240.0,11652.0,38.53
,2021-08-01,2021,202108,на Горького,Rubok,RB earth-5369,11,49291,27720.0,21571.0,77.82
,2021-09-01,2021,202109,на Горького,Rubok,RB earth-5369,11,52844,27720.0,25124.0,90.63
,2021-10-01,2021,202110,на Горького,Rubok,RB earth-5369,9,54315,22680.0,31635.0,139.48
,2021-11-01,2021,202111,на Горького,Rubok,RB earth-5369,7,40306,17640.0,22666.0,128.49
,2021-12-01,2021,202112,на Горького,Rubok,RB earth-5369,8,34776,20160.0,14616.0,72.5
,2022-01-01,2022,202201,на Горького,Rubok,RB earth-5369,12,62052,30240.0,31812.0,105.2
,2022-02-01,2022,202202,на Горького,Rubok,RB earth-5369,7,39585,17640.0,21945.0,124.4
,2022-03-01,2022,202203,на Горького,Rubok,RB earth-5369,6,27732,15120.0,12612.0,83.41
,2022-04-01,2022,202204,на Горького,Rubok,RB earth-5369,11,70345,27720.0,42625.0,153.77
,2022-05-01,2022,202205,на Горького,Rubok,RB earth-5369,14,85946,35280.0,50666.0,143.61
,2022-06-01,2022,202206,на Горького,Rubok,RB earth-5369,13,67951,32760.0,35191.0,107.42
,2022-07-01,2022,202207,на Горького,Rubok,RB earth-5369,14,52332,35280.0,17052.0,48.33
,2022-08-01,2022,202208,на Горького,Rubok,RB earth-5369,12,54888,30240.0,24648.0,81.51
,2022-09-01,2022,202209,на Горького,Rubok,RB earth-5369,12,63612,30240.0,33372.0,110.36
,2022-10-01,2022,202210,на Горького,Rubok,RB earth-5369,10,56150,25200.0,30950.0,122.82
,2022-11-01,2022,202211,на Горького,Rubok,RB earth-5369,7,37968,17640.0,20328.0,115.24
,2022-12-01,2022,202212,на Горького,Rubok,RB earth-5369,9,38565,22680.0,15885.0,70.04
,2021-01-01,2021,202101,на Горького,Rubok,RB ais-8935,13,42419,12012.0,30407.0,253.14
,2021-02-01,2021,202102,на Горького,Rubok,RB ais-8935,9,30969,8316.0,22653.0,272.4
,2021-03-01,2021,202103,на Горького,Rubok,RB ais-8935,7,20748,6468.0,14280.0,220.78
,2021-04-01,2021,202104,на Горького,Rubok,RB ais-8935,13,48763,12012.0,36751.0,305.95
,2021-05-01,2021,202105,на Горького,Rubok,RB ais-8935,16,62928,14784.0,48144.0,325.65
,2021-06-01,2021,202106,на Горького,Rubok,RB ais-8935,15,48690,13860.0,34830.0,251.3
,2021-07-01,2021,202107,на Горького,Rubok,RB ais-8935,16,20720,14784.0,5936.0,40.15
,2021-08-01,2021,202108,на Горького,Rubok,RB ais-8935,13,38090,12012.0,26078.0,217.1
,2021-09-01,2021,202109,на Горького,Rubok,RB ais-8935,14,46914,12936.0,33978.0,262.66
,2021-10-01,2021,202110,на Горького,Rubok,RB ais-8935,12,45252,11088.0,34164.0,308.12
,2021-11-01,2021,202111,на Горького,Rubok,RB ais-8935,9,25920,8316.0,17604.0,211.69
,2021-12-01,2021,202112,на Горького,Rubok,RB ais-8935,10,26740,9240.0,17500.0,189.39
,2022-01-01,2022,202201,на Горького,Rubok,RB ais-8935,15,54075,13860.0,40215.0,290.15
,2022-02-01,2022,202202,на Горького,Rubok,RB ais-8935,9,34605,8316.0,26289.0,316.13
,2022-03-01,2022,202203,на Горького,Rubok,RB ais-8935,8,22536,7392.0,15144.0,204.87
,2022-04-01,2022,202204,на Горького,Rubok,RB ais-8935,14,52710,12936.0,39774.0,307.47
,2022-05-01,2022,202205,на Горького,Rubok,RB ais-8935,17,70635,15708.0,54927.0,349.68
,2022-06-01,2022,202206,на Горького,Rubok,RB ais-8935,16,58080,14784.0,43296.0,292.86
,2022-07-01,2022,202207,на Горького,Rubok,RB ais-8935,17,27608,15708.0,11900.0,75.76
,2022-08-01,2022,202208,на Горького,Rubok,RB ais-8935,15,48465,13860.0,34605.0,249.68
,2022-09-01,2022,202209,на Горького,Rubok,RB ais-8935,16,53696,14784.0,38912.0,263.2
,2022-10-01,2022,202210,на Горького,Rubok,RB ais-8935,13,50934,12012.0,38922.0,324.03
,2022-11-01,2022,202211,на Горького,Rubok,RB ais-8935,9,35712,8316.0,27396.0,329.44
,2022-12-01,2022,202212,на Горького,Rubok,RB ais-8935,11,34034,10164.0,23870.0,234.85
,2021-01-01,2021,202101,на Горького,Rubok,RB ice-6256,11,45331,12012.0,33319.0,277.38
,2021-02-01,2021,202102,на Горького,Rubok,RB ice-6256,7,27993,7644.0,20349.0,266.21
,2021-03-01,2021,202103,на Горького,Rubok,RB ice-6256,6,18150,6552.0,11598.0,177.01
,2021-04-01,2021,202104,на Горького,Rubok,RB ice-6256,10,39180,10920.0,28260.0,258.79
,2021-05-01,2021,202105,на Горького,Rubok,RB ice-6256,13,52728,14196.0,38532.0,271.43
,2021-06-01,2021,202106,на Горького,Rubok,RB ice-6256,12,43356,13104.0,30252.0,230.86
,2021-07-01,2021,202107,на Горького,Rubok,RB ice-6256,13,28951,14196.0,14755.0,103.94
,2021-08-01,2021,202108,на Горького,Rubok,RB ice-6256,11,37378,12012.0,25366.0,211.17
,2021-09-01,2021,202109,на Горького,Rubok,RB ice-6256,11,41481,12012.0,29469.0,245.33
,2021-10-01,2021,202110,на Горького,Rubok,RB ice-6256,10,47200,10920.0,36280.0,332.23
,2021-11-01,2021,202111,на Горького,Rubok,RB ice-6256,7,23618,7644.0,15974.0,208.97
,2021-12-01,2021,202112,на Горького,Rubok,RB ice-6256,8,28576,8736.0,19840.0,227.11
,2022-01-01,2022,202201,на Горького,Rubok,RB ice-6256,12,44544,13104.0,31440.0,239.93
,2022-02-01,2022,202202,на Горького,Rubok,RB ice-6256,8,33448,8736.0,24712.0,282.88
,2022-03-01,2022,202203,на Горького,Rubok,RB ice-6256,6,18606,6552.0,12054.0,183.97
,2022-04-01,2022,202204,на Горького,Rubok,RB ice-6256,11,44231,12012.0,32219.0,268.22
,2022-05-01,2022,202205,на Горького,Rubok,RB ice-6256,14,63042,15288.0,47754.0,312.36
,2022-06-01,2022,202206,на Горького,Rubok,RB ice-6256,13,52871,14196.0,38675.0,272.44
,2022-07-01,2022,202207,на Горького,Rubok,RB ice-6256,14,32340,15288.0,17052.0,111.54
,2022-08-01,2022,202208,на Горького,Rubok,RB ice-6256,12,31992,13104.0,18888.0,144.14
,2022-09-01,2022,202209,на Горького,Rubok,RB ice-6256,13,40989,14196.0,26793.0,188.74
,2022-10-01,2022,202210,на Горького,Rubok,RB ice-6256,10,41140,10920.0,30220.0,276.74
,2022-11-01,2022,202211,на Горького,Rubok,RB ice-6256,8,31312,8736.0,22576.0,258.42
,2022-12-01,2022,202212,на Горького,Rubok,RB ice-6256,9,28899,9828.0,19071.0,194.05
,2021-01-01,2021,202101,на Горького,Rubok,RB ai-9349,14,44856,12236.0,32620.0,266.59
,2021-02-01,2021,202102,на Горького,Rubok,RB ai-9349,9,32805,7866.0,24939.0,317.05
,2021-03-01,2021,202103,на Горького,Rubok,RB ai-9349,7,15813,6118.0,9695.0,158.47
,2021-04-01,2021,202104,на Горького,Rubok,RB ai-9349,13,51103,11362.0,39741.0,349.77
,2021-05-01,2021,202105,на Горького,Rubok,RB ai-9349,16,64288,13984.0,50304.0,359.73
,2021-06-01,2021,202106,на Горького,Rubok,RB ai-9349,15,49470,13110.0,36360.0,277.35
,2021-07-01,2021,202107,на Горького,Rubok,RB ai-9349,16,24736,13984.0,10752.0,76.89
,2021-08-01,2021,202108,на Горького,Rubok,RB ai-9349,14,32074,12236.0,19838.0,162.13
,2021-09-01,2021,202109,на Горького,Rubok,RB ai-9349,15,37560,13110.0,24450.0,186.5
,2021-10-01,2021,202110,на Горького,Rubok,RB ai-9349,12,44688,10488.0,34200.0,326.09
,2021-11-01,2021,202111,на Горького,Rubok,RB ai-9349,9,30951,7866.0,23085.0,293.48
,2021-12-01,2021,202112,на Горького,Rubok,RB ai-9349,10,31440,8740.0,22700.0,259.73
,2022-01-01,2022,202201,на Горького,Rubok,RB ai-9349,15,41085,13110.0,27975.0,213.39
,2022-02-01,2022,202202,на Горького,Rubok,RB ai-9349,10,33120,8740.0,24380.0,278.95
,2022-03-01,2022,202203,на Горького,Rubok,RB ai-9349,8,23288,6992.0,16296.0,233.07
,2022-04-01,2022,202204,на Горького,Rubok,RB ai-9349,14,49966,12236.0,37730.0,308.35
,2022-05-01,2022,202205,на Горького,Rubok,RB ai-9349,18,72090,15732.0,56358.0,358.24
,2022-06-01,2022,202206,на Горького,Rubok,RB ai-9349,17,58786,14858.0,43928.0,295.65
,2022-07-01,2022,202207,на Горького,Rubok,RB ai-9349,18,24426,15732.0,8694.0,55.26
,2022-08-01,2022,202208,на Горького,Rubok,RB ai-9349,15,30075,13110.0,16965.0,129.41
,2022-09-01,2022,202209,на Горького,Rubok,RB ai-9349,16,37680,13984.0,23696.0,169.45
,2022-10-01,2022,202210,на Горького,Rubok,RB ai-9349,13,39351,11362.0,27989.0,246.34
,2022-11-01,2022,202211,на Горького,Rubok,RB ai-9349,10,29880,8740.0,21140.0,241.88
,2022-12-01,2022,202212,на Горького,Rubok,RB ai-9349,11,31383,9614.0,21769.0,226.43
,2021-01-01,2021,202101,на Ломоносова,Galosha,KA air-9558,85,942480,510000.0,432480.0,84.8
,2021-02-01,2021,202102,на Ломоносова,Galosha,KA air-9558,54,618894,324000.0,294894.0,91.02
,2021-03-01,2021,202103,на Ломоносова,Galosha,KA air-9558,43,482116,258000.0,224116.0,86.87
,2021-04-01,2021,202104,на Ломоносова,Galosha,KA air-9558,80,945040,480000.0,465040.0,96.88
,2021-05-01,2021,202105,на Ломоносова,Galosha,KA air-9558,101,1260076,606000.0,654076.0,107.93
,2021-06-01,2021,202106,на Ломоносова,Galosha,KA air-9558,96,1104960,576000.0,528960.0,91.83
,2021-07-01,2021,202107,на Ломоносова,Galosha,KA air-9558,101,1014646,606000.0,408646.0,67.43
,2021-08-01,2021,202108,на Ломоносова,Galosha,KA air-9558,85,884850,510000.0,374850.0,73.5
,2021-09-01,2021,202109,на Ломоносова,Galosha,KA air-9558,91,968513,546000.0,422513.0,77.38
,2021-10-01,2021,202110,на Ломоносова,Galosha,KA air-9558,75,877200,450000.0,427200.0,94.93
,2021-11-01,2021,202111,на Ломоносова,Galosha,KA air-9558,54,629964,324000.0,305964.0,94.43
,2021-12-01,2021,202112,на Ломоносова,Galosha,KA air-9558,64,693888,384000.0,309888.0,80.7
,2022-01-01,2022,202201,на Ломоносова,Galosha,KA air-9558,94,989256,564000.0,425256.0,75.4
,2022-02-01,2022,202202,на Ломоносова,Galosha,KA air-9558,59,653956,354000.0,299956.0,84.73
,2022-03-01,2022,202203,на Ломоносова,Galosha,KA air-9558,47,504075,282000.0,222075.0,78.75
,2022-04-01,2022,202204,на Ломоносова,Galosha,KA air-9558,88,1071224,528000.0,543224.0,102.88
,2022-05-01,2022,202205,на Ломоносова,Galosha,KA air-9558,111,1297146,666000.0,631146.0,94.77
,2022-06-01,2022,202206,на Ломоносова,Galosha,KA air-9558,106,1177978,636000.0,541978.0,85.22
,2022-07-01,2022,202207,на Ломоносова,Galosha,KA air-9558,111,1149294,666000.0,483294.0,72.57
,2022-08-01,2022,202208,на Ломоносова,Galosha,KA air-9558,94,987940,564000.0,423940.0,75.17
,2022-09-01,2022,202209,на Ломоносова,Galosha,KA air-9558,100,1077000,600000.0,477000.0,79.5
,2022-10-01,2022,202210,на Ломоносова,Galosha,KA air-9558,82,910938,492000.0,418938.0,85.15
,2022-11-01,2022,202211,на Ломоносова,Galosha,KA air-9558,59,663691,354000.0,309691.0,87.48
,2022-12-01,2022,202212,на Ломоносова,Galosha,KA air-9558,71,748766,426000.0,322766.0,75.77
,2021-01-01,2021,202101,на Ломоносова,Galosha,KA grou-7567,78,1000038,552240.0,447798.0,81.09
,2021-02-01,2021,202102,на Ломоносова,Galosha,KA grou-7567,49,680365,346920.0,333445.0,96.12
,2021-03-01,2021,202103,на Ломоносова,Galosha,KA grou-7567,39,503100,276120.0,226980.0,82.2
,2021-04-01,2021,202104,на Ломоносова,Galosha,KA grou-7567,73,1007108,516840.0,490268.0,94.86
,2021-05-01,2021,202105,на Ломоносова,Galosha,KA grou-7567,93,1304604,658440.0,646164.0,98.14
,2021-06-01,2021,202106,на Ломоносова,Galosha,KA grou-7567,88,1184392,623040.0,561352.0,90.1
,2021-07-01,2021,202107,на Ломоносова,Galosha,KA grou-7567,93,1121952,658440.0,463512.0,70.4
,2021-08-01,2021,202108,на Ломоносова,Galosha,KA grou-7567,78,981474,552240.0,429234.0,77.73
,2021-09-01,2021,202109,на Ломоносова,Galosha,KA grou-7567,83,1050780,587640.0,463140.0,78.81
,2021-10-01,2021,202110,на Ломоносова,Galosha,KA grou-7567,69,961653,488520.0,473133.0,96.85
,2021-11-01,2021,202111,на Ломоносова,Galosha,KA grou-7567,49,629797,346920.0,282877.0,81.54
,2021-12-01,2021,202112,на Ломоносова,Galosha,KA grou-7567,59,757855,417720.0,340135.0,81.43
,2022-01-01,2022,202201,на Ломоносова,Galosha,KA grou-7567,86,1101144,608880.0,492264.0,80.85
,2022-02-01,2022,202202,на Ломоносова,Galosha,KA grou-7567,54,702702,382320.0,320382.0,83.8
,2022-03-01,2022,202203,на Ломоносова,Galosha,KA grou-7567,43,555732,304440.0,251292.0,82.54
,2022-04-01,2022,202204,на Ломоносова,Galosha,KA grou-7567,81,1059156,573480.0,485676.0,84.69
,2022-05-01,2022,202205,на Ломоносова,Galosha,KA grou-7567,102,1484916,722160.0,762756.0,105.62
,2022-06-01,2022,202206,на Ломоносова,Galosha,KA grou-7567,97,1288839,686760.0,602079.0,87.67
,2022-07-01,2022,202207,на Ломоносова,Galosha,KA grou-7567,102,1149642,722160.0,427482.0,59.19
,2022-08-01,2022,202208,на Ломоносова,Galosha,KA grou-7567,86,1056768,608880.0,447888.0,73.56
,2022-09-01,2022,202209,на Ломоносова,Galosha,KA grou-7567,91,1188187,644280.0,543907.0,84.42
,2022-10-01,2022,202210,на Ломоносова,Galosha,KA grou-7567,75,1037175,531000.0,506175.0,95.32
,2022-11-01,2022,202211,на Ломоносова,Galosha,KA grou-7567,54,711612,382320.0,329292.0,86.13
,2022-12-01,2022,202212,на Ломоносова,Galosha,KA grou-7567,65,807820,460200.0,347620.0,75.54
,2021-01-01,2021,202101,на Ломоносова,Galosha,KA gre-2749,78,2013804,819000.0,1194804.0,145.89
,2021-02-01,2021,202102,на Ломоносова,Galosha,KA gre-2749,49,1305017,514500.0,790517.0,153.65
,2021-03-01,2021,202103,на Ломоносова,Galosha,KA gre-2749,39,1010061,409500.0,600561.0,146.66
,2021-04-01,2021,202104,на Ломоносова,Galosha,KA gre-2749,73,1934208,766500.0,1167708.0,152.34
,2021-05-01,2021,202105,на Ломоносова,Galosha,KA gre-2749,93,2516115,976500.0,1539615.0,157.67
,2021-06-01,2021,202106,на Ломоносова,Galosha,KA gre-2749,88,2284480,924000.0,1360480.0,147.24
,2021-07-01,2021,202107,на Ломоносова,Galosha,KA gre-2749,93,2296728,976500.0,1320228.0,135.2
,2021-08-01,2021,202108,на Ломоносова,Galosha,KA gre-2749,78,2035644,819000.0,1216644.0,148.55
,2021-09-01,2021,202109,на Ломоносова,Galosha,KA gre-2749,83,2096331,871500.0,1224831.0,140.54
,2021-10-01,2021,202110,на Ломоносова,Galosha,KA gre-2749,69,1806696,724500.0,1082196.0,149.37
,2021-11-01,2021,202111,на Ломоносова,Galosha,KA gre-2749,49,1254008,514500.0,739508.0,143.73
,2021-12-01,2021,202112,на Ломоносова,Galosha,KA gre-2749,59,1488275,619500.0,868775.0,140.24
,2022-01-01,2022,202201,на Ломоносова,Galosha,KA gre-2749,86,2263778,903000.0,1360778.0,150.7
,2022-02-01,2022,202202,на Ломоносова,Galosha,KA gre-2749,54,1410858,567000.0,843858.0,148.83
,2022-03-01,2022,202203,на Ломоносова,Galosha,KA gre-2749,43,1123203,451500.0,671703.0,148.77
,2022-04-01,2022,202204,на Ломоносова,Galosha,KA gre-2749,81,2147553,850500.0,1297053.0,152.5
,2022-05-01,2022,202205,на Ломоносова,Galosha,KA gre-2749,102,2760732,1071000.0,1689732.0,157.77
,2022-06-01,2022,202206,на Ломоносова,Galosha,KA gre-2749,97,2615411,1018500.0,1596911.0,156.79
,2022-07-01,2022,202207,на Ломоносова,Galosha,KA gre-2749,102,2582436,1071000.0,1511436.0,141.12
,2022-08-01,2022,202208,на Ломоносова,Galosha,KA gre-2749,86,2205642,903000.0,1302642.0,144.26
,2022-09-01,2022,202209,на Ломоносова,Galosha,KA gre-2749,91,2405312,955500.0,1449812.0,151.73
,2022-10-01,2022,202210,на Ломоносова,Galosha,KA gre-2749,75,2019450,787500.0,1231950.0,156.44
,2022-11-01,2022,202211,на Ломоносова,Galosha,KA gre-2749,54,1396602,567000.0,829602.0,146.31
,2022-12-01,2022,202212,на Ломоносова,Galosha,KA gre-2749,65,1707355,682500.0,1024855.0,150.16
,2021-01-01,2021,202101,на Ломоносова,Galosha,KA earth-3018,85,1591370,635800.0,955570.0,150.29
,2021-02-01,2021,202102,на Ломоносова,Galosha,KA earth-3018,53,982355,396440.0,585915.0,147.79
,2021-03-01,2021,202103,на Ломоносова,Galosha,KA earth-3018,43,765314,321640.0,443674.0,137.94
,2021-04-01,2021,202104,на Ломоносова,Galosha,KA earth-3018,79,1499499,590920.0,908579.0,153.76
,2021-05-01,2021,202105,на Ломоносова,Galosha,KA earth-3018,101,1870015,755480.0,1114535.0,147.53
,2021-06-01,2021,202106,на Ломоносова,Galosha,KA earth-3018,95,1789990,710600.0,1079390.0,151.9
,2021-07-01,2021,202107,на Ломоносова,Galosha,KA earth-3018,101,1710435,755480.0,954955.0,126.4
,2021-08-01,2021,202108,на Ломоносова,Galosha,KA earth-3018,85,1543345,635800.0,907545.0,142.74
,2021-09-01,2021,202109,на Ломоносова,Galosha,KA earth-3018,90,1598400,673200.0,925200.0,137.43
,2021-10-01,2021,202110,на Ломоносова,Galosha,KA earth-3018,74,1373884,553520.0,820364.0,148.21
,2021-11-01,2021,202111,на Ломоносова,Galosha,KA earth-3018,53,1000958,396440.0,604518.0,152.49
,2021-12-01,2021,202112,на Ломоносова,Galosha,KA earth-3018,64,1147904,478720.0,669184.0,139.79
,2022-01-01,2022,202201,на Ломоносова,Galosha,KA earth-3018,93,1714362,695640.0,1018722.0,146.44
,2022-02-01,2022,202202,на Ломоносова,Galosha,KA earth-3018,58,1035126,433840.0,601286.0,138.6
,2022-03-01,2022,202203,на Ломоносова,Galosha,KA earth-3018,47,809575,351560.0,458015.0,130.28
,2022-04-01,2022,202204,на Ломоносова,Galosha,KA earth-3018,87,1597233,650760.0,946473.0,145.44
,2022-05-01,2022,202205,на Ломоносова,Galosha,KA earth-3018,111,2094015,830280.0,1263735.0,152.21
,2022-06-01,2022,202206,на Ломоносова,Galosha,KA earth-3018,105,1925280,785400.0,1139880.0,145.13
,2022-07-01,2022,202207,на Ломоносова,Galosha,KA earth-3018,111,1866576,830280.0,1036296.0,124.81
,2022-08-01,2022,202208,на Ломоносова,Galosha,KA earth-3018,93,1606854,695640.0,911214.0,130.99
,2022-09-01,2022,202209,на Ломоносова,Galosha,KA earth-3018,99,1828530,740520.0,1088010.0,146.93
,2022-10-01,2022,202210,на Ломоносова,Galosha,KA earth-3018,82,1497484,613360.0,884124.0,144.14
,2022-11-01,2022,202211,на Ломоносова,Galosha,KA earth-3018,58,1093938,433840.0,660098.0,152.15
,2022-12-01,2022,202212,на Ломоносова,Galosha,KA earth-3018,70,1220450,523600.0,696850.0,133.09
,2021-01-01,2021,202101,на Ломоносова,Galosha,KA ais-3700,66,2064876,1108800.0,956076.0,86.23
,2021-02-01,2021,202102,на Ломоносова,Galosha,KA ais-3700,41,1311221,688800.0,622421.0,90.36
,2021-03-01,2021,202103,на Ломоносова,Galosha,KA ais-3700,33,1012374,554400.0,457974.0,82.61
,2021-04-01,2021,202104,на Ломоносова,Galosha,KA ais-3700,62,1969492,1041600.0,927892.0,89.08
,2021-05-01,2021,202105,на Ломоносова,Galosha,KA ais-3700,78,2495142,1310400.0,1184742.0,90.41
,2021-06-01,2021,202106,на Ломоносова,Galosha,KA ais-3700,74,2343432,1243200.0,1100232.0,88.5
,2021-07-01,2021,202107,на Ломоносова,Galosha,KA ais-3700,78,2309658,1310400.0,999258.0,76.26
,2021-08-01,2021,202108,на Ломоносова,Galosha,KA ais-3700,66,2008314,1108800.0,899514.0,81.12
,2021-09-01,2021,202109,на Ломоносова,Galosha,KA ais-3700,70,2132620,1176000.0,956620.0,81.35
,2021-10-01,2021,202110,на Ломоносова,Galosha,KA ais-3700,58,1805134,974400.0,830734.0,85.26
,2021-11-01,2021,202111,на Ломоносова,Galosha,KA ais-3700,41,1267228,688800.0,578428.0,83.98
,2021-12-01,2021,202112,на Ломоносова,Galosha,KA ais-3700,50,1532950,840000.0,692950.0,82.49
,2022-01-01,2022,202201,на Ломоносова,Galosha,KA ais-3700,73,2308552,1226400.0,1082152.0,88.24
,2022-02-01,2022,202202,на Ломоносова,Galosha,KA ais-3700,46,1460914,772800.0,688114.0,89.04
,2022-03-01,2022,202203,на Ломоносова,Galosha,KA ais-3700,37,1161134,621600.0,539534.0,86.8
,2022-04-01,2022,202204,на Ломоносова,Galosha,KA ais-3700,68,2167364,1142400.0,1024964.0,89.72
,2022-05-01,2022,202205,на Ломоносова,Galosha,KA ais-3700,86,2762062,1444800.0,1317262.0,91.17
,2022-06-01,2022,202206,на Ломоносова,Galosha,KA ais-3700,82,2616538,1377600.0,1238938.0,89.93
,2022-07-01,2022,202207,на Ломоносова,Galosha,KA ais-3700,86,2597716,1444800.0,1152916.0,79.8
,2022-08-01,2022,202208,на Ломоносова,Galosha,KA ais-3700,73,2223069,1226400.0,996669.0,81.27
,2022-09-01,2022,202209,на Ломоносова,Galosha,KA ais-3700,77,2374680,1293600.0,1081080.0,83.57
,2022-10-01,2022,202210,на Ломоносова,Galosha,KA ais-3700,64,2008960,1075200.0,933760.0,86.85
,2022-11-01,2022,202211,на Ломоносова,Galosha,KA ais-3700,46,1431658,772800.0,658858.0,85.26
,2022-12-01,2022,202212,на Ломоносова,Galosha,KA ais-3700,55,1714350,924000.0,790350.0,85.54
,2021-01-01,2021,202101,на Ломоносова,Galosha,KA ice-7591,63,1043028,387450.0,655578.0,169.2
,2021-02-01,2021,202102,на Ломоносова,Galosha,KA ice-7591,40,681440,246000.0,435440.0,177.01
,2021-03-01,2021,202103,на Ломоносова,Galosha,KA ice-7591,32,503008,196800.0,306208.0,155.59
,2021-04-01,2021,202104,на Ломоносова,Galosha,KA ice-7591,59,991495,362850.0,628645.0,173.25
,2021-05-01,2021,202105,на Ломоносова,Galosha,KA ice-7591,75,1254525,461250.0,793275.0,171.98
,2021-06-01,2021,202106,на Ломоносова,Galosha,KA ice-7591,71,1151549,436650.0,714899.0,163.72
,2021-07-01,2021,202107,на Ломоносова,Galosha,KA ice-7591,75,1158750,461250.0,697500.0,151.22
,2021-08-01,2021,202108,на Ломоносова,Galosha,KA ice-7591,63,1019844,387450.0,632394.0,163.22
,2021-09-01,2021,202109,на Ломоносова,Galosha,KA ice-7591,67,1043793,412050.0,631743.0,153.32
,2021-10-01,2021,202110,на Ломоносова,Galosha,KA ice-7591,55,890340,338250.0,552090.0,163.22
,2021-11-01,2021,202111,на Ломоносова,Galosha,KA ice-7591,40,633120,246000.0,387120.0,157.37
,2021-12-01,2021,202112,на Ломоносова,Galosha,KA ice-7591,47,744010,289050.0,454960.0,157.4
,2022-01-01,2022,202201,на Ломоносова,Galosha,KA ice-7591,69,1140156,424350.0,715806.0,168.68
,2022-02-01,2022,202202,на Ломоносова,Galosha,KA ice-7591,44,719180,270600.0,448580.0,165.77
,2022-03-01,2022,202203,на Ломоносова,Galosha,KA ice-7591,35,562625,215250.0,347375.0,161.38
,2022-04-01,2022,202204,на Ломоносова,Galosha,KA ice-7591,65,1083940,399750.0,684190.0,171.15
,2022-05-01,2022,202205,на Ломоносова,Galosha,KA ice-7591,82,1409744,504300.0,905444.0,179.54
,2022-06-01,2022,202206,на Ломоносова,Galosha,KA ice-7591,78,1245270,479700.0,765570.0,159.59
,2022-07-01,2022,202207,на Ломоносова,Galosha,KA ice-7591,82,1194904,504300.0,690604.0,136.94
,2022-08-01,2022,202208,на Ломоносова,Galosha,KA ice-7591,69,1041348,424350.0,616998.0,145.4
,2022-09-01,2022,202209,на Ломоносова,Galosha,KA ice-7591,74,1215894,455100.0,760794.0,167.17
,2022-10-01,2022,202210,на Ломоносова,Galosha,KA ice-7591,61,1035597,375150.0,660447.0,176.05
,2022-11-01,2022,202211,на Ломоносова,Galosha,KA ice-7591,44,709148,270600.0,438548.0,162.07
,2022-12-01,2022,202212,на Ломоносова,Galosha,KA ice-7591,52,825760,319800.0,505960.0,158.21
,2021-01-01,2021,202101,на Ломоносова,Galosha,KA ai-2818,83,968029,365200.0,602829.0,165.07
,2021-02-01,2021,202102,на Ломоносова,Galosha,KA ai-2818,52,651976,228800.0,423176.0,184.95
,2021-03-01,2021,202103,на Ломоносова,Galosha,KA ai-2818,42,491232,184800.0,306432.0,165.82
,2021-04-01,2021,202104,на Ломоносова,Galosha,KA ai-2818,77,984907,338800.0,646107.0,190.7
,2021-05-01,2021,202105,на Ломоносова,Galosha,KA ai-2818,98,1240190,431200.0,808990.0,187.61
,2021-06-01,2021,202106,на Ломоносова,Galosha,KA ai-2818,93,1096005,409200.0,686805.0,167.84
,2021-07-01,2021,202107,на Ломоносова,Galosha,KA ai-2818,98,1094268,431200.0,663068.0,153.77
,2021-08-01,2021,202108,на Ломоносова,Galosha,KA ai-2818,83,991269,365200.0,626069.0,171.43
,2021-09-01,2021,202109,на Ломоносова,Galosha,KA ai-2818,88,1038664,387200.0,651464.0,168.25
,2021-10-01,2021,202110,на Ломоносова,Galosha,KA ai-2818,72,924480,316800.0,607680.0,191.82
,2021-11-01,2021,202111,на Ломоносова,Galosha,KA ai-2818,52,647920,228800.0,419120.0,183.18
,2021-12-01,2021,202112,на Ломоносова,Galosha,KA ai-2818,62,729368,272800.0,456568.0,167.36
,2022-01-01,2022,202201,на Ломоносова,Galosha,KA ai-2818,91,1126853,400400.0,726453.0,181.43
,2022-02-01,2022,202202,на Ломоносова,Galosha,KA ai-2818,57,695400,250800.0,444600.0,177.27
,2022-03-01,2022,202203,на Ломоносова,Galosha,KA ai-2818,46,527022,202400.0,324622.0,160.39
,2022-04-01,2022,202204,на Ломоносова,Galosha,KA ai-2818,85,1133900,374000.0,759900.0,203.18
,2022-05-01,2022,202205,на Ломоносова,Galosha,KA ai-2818,108,1392876,475200.0,917676.0,193.11
,2022-06-01,2022,202206,на Ломоносова,Galosha,KA ai-2818,102,1320084,448800.0,871284.0,194.14
,2022-07-01,2022,202207,на Ломоносова,Galosha,KA ai-2818,108,1131516,475200.0,656316.0,138.11
,2022-08-01,2022,202208,на Ломоносова,Galosha,KA ai-2818,91,1084538,400400.0,684138.0,170.86
,2022-09-01,2022,202209,на Ломоносова,Galosha,KA ai-2818,96,1135104,422400.0,712704.0,168.73
,2022-10-01,2022,202210,на Ломоносова,Galosha,KA ai-2818,80,972880,352000.0,620880.0,176.39
,2022-11-01,2022,202211,на Ломоносова,Galosha,KA ai-2818,57,675336,250800.0,424536.0,169.27
,2022-12-01,2022,202212,на Ломоносова,Galosha,KA ai-2818,68,773636,299200.0,474436.0,158.57
,2021-01-01,2021,202101,на Ломоносова,Babidas,BA air-5353,42,205506,76146.0,129360.0,169.88
,2021-02-01,2021,202102,на Ломоносова,Babidas,BA air-5353,26,144326,47138.0,97188.0,206.18
,2021-03-01,2021,202103,на Ломоносова,Babidas,BA air-5353,21,98868,38073.0,60795.0,159.68
,2021-04-01,2021,202104,на Ломоносова,Babidas,BA air-5353,39,202995,70707.0,132288.0,187.09
,2021-05-01,2021,202105,на Ломоносова,Babidas,BA air-5353,50,282050,90650.0,191400.0,211.14
,2021-06-01,2021,202106,на Ломоносова,Babidas,BA air-5353,47,231052,85211.0,145841.0,171.15
,2021-07-01,2021,202107,на Ломоносова,Babidas,BA air-5353,50,158750,90650.0,68100.0,75.12
,2021-08-01,2021,202108,на Ломоносова,Babidas,BA air-5353,42,193116,76146.0,116970.0,153.61
,2021-09-01,2021,202109,на Ломоносова,Babidas,BA air-5353,44,193160,79772.0,113388.0,142.14
,2021-10-01,2021,202110,на Ломоносова,Babidas,BA air-5353,37,199208,67081.0,132127.0,196.97
,2021-11-01,2021,202111,на Ломоносова,Babidas,BA air-5353,26,119158,47138.0,72020.0,152.79
,2021-12-01,2021,202112,на Ломоносова,Babidas,BA air-5353,32,141120,58016.0,83104.0,143.24
,2022-01-01,2022,202201,на Ломоносова,Babidas,BA air-5353,46,216706,83398.0,133308.0,159.85
,2022-02-01,2022,202202,на Ломоносова,Babidas,BA air-5353,29,142013,52577.0,89436.0,170.1
,2022-03-01,2022,202203,на Ломоносова,Babidas,BA air-5353,23,107410,41699.0,65711.0,157.58
,2022-04-01,2022,202204,на Ломоносова,Babidas,BA air-5353,43,206056,77959.0,128097.0,164.31
,2022-05-01,2022,202205,на Ломоносова,Babidas,BA air-5353,55,312290,99715.0,212575.0,213.18
,2022-06-01,2022,202206,на Ломоносова,Babidas,BA air-5353,52,227032,94276.0,132756.0,140.82
,2022-07-01,2022,202207,на Ломоносова,Babidas,BA air-5353,55,181555,99715.0,81840.0,82.07
,2022-08-01,2022,202208,на Ломоносова,Babidas,BA air-5353,46,231564,83398.0,148166.0,177.66
,2022-09-01,2022,202209,на Ломоносова,Babidas,BA air-5353,49,207956,88837.0,119119.0,134.09
,2022-10-01,2022,202210,на Ломоносова,Babidas,BA air-5353,40,197520,72520.0,125000.0,172.37
,2022-11-01,2022,202211,на Ломоносова,Babidas,BA air-5353,29,150713,52577.0,98136.0,186.65
,2022-12-01,2022,202212,на Ломоносова,Babidas,BA air-5353,35,170100,63455.0,106645.0,168.06
,2021-01-01,2021,202101,на Ломоносова,Babidas,BA grou-9248,33,134211,37950.0,96261.0,253.65
,2021-02-01,2021,202102,на Ломоносова,Babidas,BA grou-9248,21,86709,24150.0,62559.0,259.04
,2021-03-01,2021,202103,на Ломоносова,Babidas,BA grou-9248,17,58225,19550.0,38675.0,197.83
,2021-04-01,2021,202104,на Ломоносова,Babidas,BA grou-9248,31,121303,35650.0,85653.0,240.26
,2021-05-01,2021,202105,на Ломоносова,Babidas,BA grou-9248,39,178581,44850.0,133731.0,298.17
,2021-06-01,2021,202106,на Ломоносова,Babidas,BA grou-9248,37,138195,42550.0,95645.0,224.78
,2021-07-01,2021,202107,на Ломоносова,Babidas,BA grou-9248,39,85293,44850.0,40443.0,90.17
,2021-08-01,2021,202108,на Ломоносова,Babidas,BA grou-9248,33,109626,37950.0,71676.0,188.87
,2021-09-01,2021,202109,на Ломоносова,Babidas,BA grou-9248,35,116795,40250.0,76545.0,190.17
,2021-10-01,2021,202110,на Ломоносова,Babidas,BA grou-9248,29,110664,33350.0,77314.0,231.83
,2021-11-01,2021,202111,на Ломоносова,Babidas,BA grou-9248,21,85281,24150.0,61131.0,253.13
,2021-12-01,2021,202112,на Ломоносова,Babidas,BA grou-9248,25,82400,28750.0,53650.0,186.61
,2022-01-01,2022,202201,на Ломоносова,Babidas,BA grou-9248,36,129780,41400.0,88380.0,213.48
,2022-02-01,2022,202202,на Ломоносова,Babidas,BA grou-9248,23,106283,26450.0,79833.0,301.83
,2022-03-01,2022,202203,на Ломоносова,Babidas,BA grou-9248,18,63054,20700.0,42354.0,204.61
,2022-04-01,2022,202204,на Ломоносова,Babidas,BA grou-9248,34,153238,39100.0,114138.0,291.91
,2022-05-01,2022,202205,на Ломоносова,Babidas,BA grou-9248,43,206873,49450.0,157423.0,318.35
,2022-06-01,2022,202206,на Ломоносова,Babidas,BA grou-9248,41,158711,47150.0,111561.0,236.61
,2022-07-01,2022,202207,на Ломоносова,Babidas,BA grou-9248,43,110940,49450.0,61490.0,124.35
,2022-08-01,2022,202208,на Ломоносова,Babidas,BA grou-9248,36,125316,41400.0,83916.0,202.7
,2022-09-01,2022,202209,на Ломоносова,Babidas,BA grou-9248,38,120080,43700.0,76380.0,174.78
,2022-10-01,2022,202210,на Ломоносова,Babidas,BA grou-9248,32,148256,36800.0,111456.0,302.87
,2022-11-01,2022,202211,на Ломоносова,Babidas,BA grou-9248,23,95887,26450.0,69437.0,262.52
,2022-12-01,2022,202212,на Ломоносова,Babidas,BA grou-9248,27,101898,31050.0,70848.0,228.17
,2021-01-01,2021,202101,на Ломоносова,Babidas,BA gre-3658,42,188664,56028.0,132636.0,236.73
,2021-02-01,2021,202102,на Ломоносова,Babidas,BA gre-3658,27,133299,36018.0,97281.0,270.09
,2021-03-01,2021,202103,на Ломоносова,Babidas,BA gre-3658,21,87234,28014.0,59220.0,211.39
,2021-04-01,2021,202104,на Ломоносова,Babidas,BA gre-3658,40,182120,53360.0,128760.0,241.3
,2021-05-01,2021,202105,на Ломоносова,Babidas,BA gre-3658,50,254950,66700.0,188250.0,282.23
,2021-06-01,2021,202106,на Ломоносова,Babidas,BA gre-3658,47,215824,62698.0,153126.0,244.23
,2021-07-01,2021,202107,на Ломоносова,Babidas,BA gre-3658,50,143050,66700.0,76350.0,114.47
,2021-08-01,2021,202108,на Ломоносова,Babidas,BA gre-3658,42,134610,56028.0,78582.0,140.25
,2021-09-01,2021,202109,на Ломоносова,Babidas,BA gre-3658,45,149670,60030.0,89640.0,149.33
,2021-10-01,2021,202110,на Ломоносова,Babidas,BA gre-3658,37,168905,49358.0,119547.0,242.2
,2021-11-01,2021,202111,на Ломоносова,Babidas,BA gre-3658,27,112725,36018.0,76707.0,212.97
,2021-12-01,2021,202112,на Ломоносова,Babidas,BA gre-3658,32,121216,42688.0,78528.0,183.96
,2022-01-01,2022,202201,на Ломоносова,Babidas,BA gre-3658,46,188002,61364.0,126638.0,206.37
,2022-02-01,2022,202202,на Ломоносова,Babidas,BA gre-3658,29,127600,38686.0,88914.0,229.84
,2022-03-01,2022,202203,на Ломоносова,Babidas,BA gre-3658,23,87653,30682.0,56971.0,185.68
,2022-04-01,2022,202204,на Ломоносова,Babidas,BA gre-3658,44,198484,58696.0,139788.0,238.16
,2022-05-01,2022,202205,на Ломоносова,Babidas,BA gre-3658,55,227865,73370.0,154495.0,210.57
,2022-06-01,2022,202206,на Ломоносова,Babidas,BA gre-3658,52,230464,69368.0,161096.0,232.23
,2022-07-01,2022,202207,на Ломоносова,Babidas,BA gre-3658,55,165110,73370.0,91740.0,125.04
,2022-08-01,2022,202208,на Ломоносова,Babidas,BA gre-3658,46,144164,61364.0,82800.0,134.93
,2022-09-01,2022,202209,на Ломоносова,Babidas,BA gre-3658,49,210945,65366.0,145579.0,222.71
,2022-10-01,2022,202210,на Ломоносова,Babidas,BA gre-3658,41,176505,54694.0,121811.0,222.71
,2022-11-01,2022,202211,на Ломоносова,Babidas,BA gre-3658,29,120495,38686.0,81809.0,211.47
,2022-12-01,2022,202212,на Ломоносова,Babidas,BA gre-3658,35,142485,46690.0,95795.0,205.17
,2021-01-01,2021,202101,на Ломоносова,Babidas,BA earth-3530,35,199955,70560.0,129395.0,183.38
,2021-02-01,2021,202102,на Ломоносова,Babidas,BA earth-3530,22,122144,44352.0,77792.0,175.4
,2021-03-01,2021,202103,на Ломоносова,Babidas,BA earth-3530,18,91188,36288.0,54900.0,151.29
,2021-04-01,2021,202104,на Ломоносова,Babidas,BA earth-3530,33,195591,66528.0,129063.0,194.0
,2021-05-01,2021,202105,на Ломоносова,Babidas,BA earth-3530,42,259770,84672.0,175098.0,206.8
,2021-06-01,2021,202106,на Ломоносова,Babidas,BA earth-3530,39,208260,78624.0,129636.0,164.88
,2021-07-01,2021,202107,на Ломоносова,Babidas,BA earth-3530,42,179466,84672.0,94794.0,111.95
,2021-08-01,2021,202108,на Ломоносова,Babidas,BA earth-3530,35,171990,70560.0,101430.0,143.75
,2021-09-01,2021,202109,на Ломоносова,Babidas,BA earth-3530,37,201243,74592.0,126651.0,169.79
,2021-10-01,2021,202110,на Ломоносова,Babidas,BA earth-3530,31,177537,62496.0,115041.0,184.08
,2021-11-01,2021,202111,на Ломоносова,Babidas,BA earth-3530,22,116358,44352.0,72006.0,162.35
,2021-12-01,2021,202112,на Ломоносова,Babidas,BA earth-3530,26,144248,52416.0,91832.0,175.2
,2022-01-01,2022,202201,на Ломоносова,Babidas,BA earth-3530,39,204477,78624.0,125853.0,160.07
,2022-02-01,2022,202202,на Ломоносова,Babidas,BA earth-3530,24,127416,48384.0,79032.0,163.34
,2022-03-01,2022,202203,на Ломоносова,Babidas,BA earth-3530,20,101520,40320.0,61200.0,151.79
,2022-04-01,2022,202204,на Ломоносова,Babidas,BA earth-3530,36,211140,72576.0,138564.0,190.92
,2022-05-01,2022,202205,на Ломоносова,Babidas,BA earth-3530,46,288328,92736.0,195592.0,210.91
,2022-06-01,2022,202206,на Ломоносова,Babidas,BA earth-3530,43,209367,86688.0,122679.0,141.52
,2022-07-01,2022,202207,на Ломоносова,Babidas,BA earth-3530,46,199548,92736.0,106812.0,115.18
,2022-08-01,2022,202208,на Ломоносова,Babidas,BA earth-3530,39,187707,78624.0,109083.0,138.74
,2022-09-01,2022,202209,на Ломоносова,Babidas,BA earth-3530,41,222671,82656.0,140015.0,169.39
,2022-10-01,2022,202210,на Ломоносова,Babidas,BA earth-3530,34,184280,68544.0,115736.0,168.85
,2022-11-01,2022,202211,на Ломоносова,Babidas,BA earth-3530,24,119712,48384.0,71328.0,147.42
,2022-12-01,2022,202212,на Ломоносова,Babidas,BA earth-3530,29,122351,58464.0,63887.0,109.28
,2021-01-01,2021,202101,на Ломоносова,Babidas,BA ais-1740,32,107712,29920.000000000004,77792.0,260.0
,2021-02-01,2021,202102,на Ломоносова,Babidas,BA ais-1740,20,54240,18700.000000000004,35540.0,190.05
,2021-03-01,2021,202103,на Ломоносова,Babidas,BA ais-1740,16,41072,14960.000000000002,26112.0,174.55
,2021-04-01,2021,202104,на Ломоносова,Babidas,BA ais-1740,30,97860,28050.000000000004,69810.0,248.88
,2021-05-01,2021,202105,на Ломоносова,Babidas,BA ais-1740,38,135014,35530.00000000001,99484.0,280.0
,2021-06-01,2021,202106,на Ломоносова,Babidas,BA ais-1740,36,98136,33660.00000000001,64475.99999999999,191.55
,2021-07-01,2021,202107,на Ломоносова,Babidas,BA ais-1740,38,57000,35530.00000000001,21469.999999999993,60.43
,2021-08-01,2021,202108,на Ломоносова,Babidas,BA ais-1740,32,83168,29920.000000000004,53248.0,177.97
,2021-09-01,2021,202109,на Ломоносова,Babidas,BA ais-1740,34,76806,31790.000000000004,45016.0,141.6
,2021-10-01,2021,202110,на Ломоносова,Babidas,BA ais-1740,28,102116,26180.000000000004,75936.0,290.05
,2021-11-01,2021,202111,на Ломоносова,Babidas,BA ais-1740,20,60940,18700.000000000004,42240.0,225.88
,2021-12-01,2021,202112,на Ломоносова,Babidas,BA ais-1740,24,75216,22440.000000000004,52776.0,235.19
,2022-01-01,2022,202201,на Ломоносова,Babidas,BA ais-1740,35,114940,32725.000000000004,82215.0,251.23
,2022-02-01,2022,202202,на Ломоносова,Babidas,BA ais-1740,22,69168,20570.000000000004,48598.0,236.26
,2022-03-01,2022,202203,на Ломоносова,Babidas,BA ais-1740,18,50868,16830.000000000004,34038.0,202.25
,2022-04-01,2022,202204,на Ломоносова,Babidas,BA ais-1740,33,102036,30855.000000000004,71181.0,230.7
,2022-05-01,2022,202205,на Ломоносова,Babidas,BA ais-1740,41,171667,38335.00000000001,133332.0,347.81
,2022-06-01,2022,202206,на Ломоносова,Babidas,BA ais-1740,39,148200,36465.00000000001,111735.0,306.42
,2022-07-01,2022,202207,на Ломоносова,Babidas,BA ais-1740,41,68019,38335.00000000001,29683.999999999993,77.43
,2022-08-01,2022,202208,на Ломоносова,Babidas,BA ais-1740,35,79520,32725.000000000004,46795.0,142.99
,2022-09-01,2022,202209,на Ломоносова,Babidas,BA ais-1740,37,105117,34595.00000000001,70522.0,203.85
,2022-10-01,2022,202210,на Ломоносова,Babidas,BA ais-1740,31,91729,28985.000000000004,62744.0,216.47
,2022-11-01,2022,202211,на Ломоносова,Babidas,BA ais-1740,22,68376,20570.000000000004,47806.0,232.41
,2022-12-01,2022,202212,на Ломоносова,Babidas,BA ais-1740,26,52650,24310.000000000004,28339.999999999996,116.58
,2021-01-01,2021,202101,на Ломоносова,Babidas,BA ice-4231,39,182832,77064.0,105768.0,137.25
,2021-02-01,2021,202102,на Ломоносова,Babidas,BA ice-4231,25,122225,49400.0,72825.0,147.42
,2021-03-01,2021,202103,на Ломоносова,Babidas,BA ice-4231,20,92260,39520.0,52740.0,133.45
,2021-04-01,2021,202104,на Ломоносова,Babidas,BA ice-4231,37,201650,73112.0,128538.0,175.81
,2021-05-01,2021,202105,на Ломоносова,Babidas,BA ice-4231,46,298770,90896.0,207874.0,228.69
,2021-06-01,2021,202106,на Ломоносова,Babidas,BA ice-4231,44,229416,86944.0,142472.0,163.87
,2021-07-01,2021,202107,на Ломоносова,Babidas,BA ice-4231,46,132664,90896.0,41768.0,45.95
,2021-08-01,2021,202108,на Ломоносова,Babidas,BA ice-4231,39,175890,77064.0,98826.0,128.24
,2021-09-01,2021,202109,на Ломоносова,Babidas,BA ice-4231,41,202212,81016.0,121196.0,149.6
,2021-10-01,2021,202110,на Ломоносова,Babidas,BA ice-4231,34,182750,67184.0,115566.0,172.01
,2021-11-01,2021,202111,на Ломоносова,Babidas,BA ice-4231,25,136625,49400.0,87225.0,176.57
,2021-12-01,2021,202112,на Ломоносова,Babidas,BA ice-4231,29,126469,57304.0,69165.0,120.7
,2022-01-01,2022,202201,на Ломоносова,Babidas,BA ice-4231,43,227771,84968.0,142803.0,168.07
,2022-02-01,2022,202202,на Ломоносова,Babidas,BA ice-4231,27,156924,53352.0,103572.0,194.13
,2022-03-01,2022,202203,на Ломоносова,Babidas,BA ice-4231,22,103092,43472.0,59620.0,137.15
,2022-04-01,2022,202204,на Ломоносова,Babidas,BA ice-4231,40,244080,79040.0,165040.0,208.81
,2022-05-01,2022,202205,на Ломоносова,Babidas,BA ice-4231,51,313038,100776.0,212262.0,210.63
,2022-06-01,2022,202206,на Ломоносова,Babidas,BA ice-4231,48,244128,94848.0,149280.0,157.39
,2022-07-01,2022,202207,на Ломоносова,Babidas,BA ice-4231,51,146676,100776.0,45900.0,45.55
,2022-08-01,2022,202208,на Ломоносова,Babidas,BA ice-4231,43,204852,84968.0,119884.0,141.09
,2022-09-01,2022,202209,на Ломоносова,Babidas,BA ice-4231,46,218408,90896.0,127512.0,140.28
,2022-10-01,2022,202210,на Ломоносова,Babidas,BA ice-4231,38,216904,75088.0,141816.0,188.87
,2022-11-01,2022,202211,на Ломоносова,Babidas,BA ice-4231,27,134730,53352.0,81378.0,152.53
,2022-12-01,2022,202212,на Ломоносова,Babidas,BA ice-4231,32,142144,63232.0,78912.0,124.8
,2021-01-01,2021,202101,на Ломоносова,Babidas,BA ai-2960,35,189910,63000.0,126910.0,201.44
,2021-02-01,2021,202102,на Ломоносова,Babidas,BA ai-2960,22,120780,39600.0,81180.0,205.0
,2021-03-01,2021,202103,на Ломоносова,Babidas,BA ai-2960,18,92448,32400.0,60048.0,185.33
,2021-04-01,2021,202104,на Ломоносова,Babidas,BA ai-2960,33,222948,59400.0,163548.0,275.33
,2021-05-01,2021,202105,на Ломоносова,Babidas,BA ai-2960,42,255360,75600.0,179760.0,237.78
,2021-06-01,2021,202106,на Ломоносова,Babidas,BA ai-2960,39,228735,70200.0,158535.0,225.83
,2021-07-01,2021,202107,на Ломоносова,Babidas,BA ai-2960,42,180264,75600.0,104664.0,138.44
,2021-08-01,2021,202108,на Ломоносова,Babidas,BA ai-2960,35,169085,63000.0,106085.0,168.39
,2021-09-01,2021,202109,на Ломоносова,Babidas,BA ai-2960,37,191623,66600.0,125023.0,187.72
,2021-10-01,2021,202110,на Ломоносова,Babidas,BA ai-2960,31,181877,55800.0,126077.0,225.94
,2021-11-01,2021,202111,на Ломоносова,Babidas,BA ai-2960,22,142758,39600.0,103158.0,260.5
,2021-12-01,2021,202112,на Ломоносова,Babidas,BA ai-2960,26,147108,46800.0,100308.0,214.33
,2022-01-01,2022,202201,на Ломоносова,Babidas,BA ai-2960,39,207402,70200.0,137202.0,195.44
,2022-02-01,2022,202202,на Ломоносова,Babidas,BA ai-2960,24,148872,43200.0,105672.0,244.61
,2022-03-01,2022,202203,на Ломоносова,Babidas,BA ai-2960,20,95020,36000.0,59020.0,163.94
,2022-04-01,2022,202204,на Ломоносова,Babidas,BA ai-2960,36,207756,64800.0,142956.0,220.61
,2022-05-01,2022,202205,на Ломоносова,Babidas,BA ai-2960,46,287316,82800.0,204516.0,247.0
,2022-06-01,2022,202206,на Ломоносова,Babidas,BA ai-2960,43,264278,77400.0,186878.0,241.44
,2022-07-01,2022,202207,на Ломоносова,Babidas,BA ai-2960,46,196052,82800.0,113252.0,136.78
,2022-08-01,2022,202208,на Ломоносова,Babidas,BA ai-2960,39,201396,70200.0,131196.0,186.89
,2022-09-01,2022,202209,на Ломоносова,Babidas,BA ai-2960,41,211765,73800.0,137965.0,186.94
,2022-10-01,2022,202210,на Ломоносова,Babidas,BA ai-2960,34,206244,61200.0,145044.0,237.0
,2022-11-01,2022,202211,на Ломоносова,Babidas,BA ai-2960,24,143880,43200.0,100680.0,233.06
,2022-12-01,2022,202212,на Ломоносова,Babidas,BA ai-2960,29,147813,52200.0,95613.0,183.17
,2021-01-01,2021,202101,на Ломоносова,Asic,AS air-7520,24,872856,495600.0,377256.0,76.12
,2021-02-01,2021,202102,на Ломоносова,Asic,AS air-7520,15,544320,309750.0,234570.0,75.73
,2021-03-01,2021,202103,на Ломоносова,Asic,AS air-7520,12,429096,247800.0,181296.0,73.16
,2021-04-01,2021,202104,на Ломоносова,Asic,AS air-7520,22,803836,454300.0,349536.0,76.94
,2021-05-01,2021,202105,на Ломоносова,Asic,AS air-7520,28,1044820,578200.0,466620.0,80.7
,2021-06-01,2021,202106,на Ломоносова,Asic,AS air-7520,27,978588,557550.0,421038.0,75.52
,2021-07-01,2021,202107,на Ломоносова,Asic,AS air-7520,28,984284,578200.0,406084.0,70.23
,2021-08-01,2021,202108,на Ломоносова,Asic,AS air-7520,24,866088,495600.0,370488.0,74.76
,2021-09-01,2021,202109,на Ломоносова,Asic,AS air-7520,25,879275,516250.0,363025.0,70.32
,2021-10-01,2021,202110,на Ломоносова,Asic,AS air-7520,21,765786,433650.0,332136.0,76.59
,2021-11-01,2021,202111,на Ломоносова,Asic,AS air-7520,15,552075,309750.0,242325.0,78.23
,2021-12-01,2021,202112,на Ломоносова,Asic,AS air-7520,18,648558,371700.0,276858.0,74.48
,2022-01-01,2022,202201,на Ломоносова,Asic,AS air-7520,26,937716,536900.0,400816.0,74.65
,2022-02-01,2022,202202,на Ломоносова,Asic,AS air-7520,16,585200,330400.0,254800.0,77.12
,2022-03-01,2022,202203,на Ломоносова,Asic,AS air-7520,13,468858,268450.0,200408.0,74.65
,2022-04-01,2022,202204,на Ломоносова,Asic,AS air-7520,24,878928,495600.0,383328.0,77.35
,2022-05-01,2022,202205,на Ломоносова,Asic,AS air-7520,31,1127005,640150.0,486855.0,76.05
,2022-06-01,2022,202206,на Ломоносова,Asic,AS air-7520,29,1062734,598850.0,463884.0,77.46
,2022-07-01,2022,202207,на Ломоносова,Asic,AS air-7520,31,1080040,640150.0,439890.0,68.72
,2022-08-01,2022,202208,на Ломоносова,Asic,AS air-7520,26,914446,536900.0,377546.0,70.32
,2022-09-01,2022,202209,на Ломоносова,Asic,AS air-7520,28,1012732,578200.0,434532.0,75.15
,2022-10-01,2022,202210,на Ломоносова,Asic,AS air-7520,23,852840,474950.0,377890.0,79.56
,2022-11-01,2022,202211,на Ломоносова,Asic,AS air-7520,16,575728,330400.0,245328.0,74.25
,2022-12-01,2022,202212,на Ломоносова,Asic,AS air-7520,20,713240,413000.0,300240.0,72.7
,2021-01-01,2021,202101,на Ломоносова,Asic,AS grou-3318,19,636215,297920.0,338295.0,113.55
,2021-02-01,2021,202102,на Ломоносова,Asic,AS grou-3318,12,398976,188160.0,210816.0,112.04
,2021-03-01,2021,202103,на Ломоносова,Asic,AS grou-3318,10,327930,156800.0,171130.0,109.14
,2021-04-01,2021,202104,на Ломоносова,Asic,AS grou-3318,18,607680,282240.0,325440.0,115.31
,2021-05-01,2021,202105,на Ломоносова,Asic,AS grou-3318,23,774847,360640.0,414207.0,114.85
,2021-06-01,2021,202106,на Ломоносова,Asic,AS grou-3318,21,699111,329280.0,369831.0,112.32
,2021-07-01,2021,202107,на Ломоносова,Asic,AS grou-3318,23,720452,360640.0,359812.0,99.77
,2021-08-01,2021,202108,на Ломоносова,Asic,AS grou-3318,19,626753,297920.0,328833.0,110.38
,2021-09-01,2021,202109,на Ломоносова,Asic,AS grou-3318,20,650900,313600.0,337300.0,107.56
,2021-10-01,2021,202110,на Ломоносова,Asic,AS grou-3318,17,563295,266560.0,296735.0,111.32
,2021-11-01,2021,202111,на Ломоносова,Asic,AS grou-3318,12,401256,188160.0,213096.0,113.25
,2021-12-01,2021,202112,на Ломоносова,Asic,AS grou-3318,14,461314,219520.0,241794.0,110.15
,2022-01-01,2022,202201,на Ломоносова,Asic,AS grou-3318,21,698124,329280.0,368844.0,112.02
,2022-02-01,2022,202202,на Ломоносова,Asic,AS grou-3318,13,427076,203840.0,223236.0,109.52
,2022-03-01,2022,202203,на Ломоносова,Asic,AS grou-3318,11,362329,172480.0,189849.0,110.07
,2022-04-01,2022,202204,на Ломоносова,Asic,AS grou-3318,20,667660,313600.0,354060.0,112.9
,2022-05-01,2022,202205,на Ломоносова,Asic,AS grou-3318,25,832625,392000.0,440625.0,112.4
,2022-06-01,2022,202206,на Ломоносова,Asic,AS grou-3318,23,763094,360640.0,402454.0,111.59
,2022-07-01,2022,202207,на Ломоносова,Asic,AS grou-3318,25,794675,392000.0,402675.0,102.72
,2022-08-01,2022,202208,на Ломоносова,Asic,AS grou-3318,21,691320,329280.0,362040.0,109.95
,2022-09-01,2022,202209,на Ломоносова,Asic,AS grou-3318,22,715880,344960.0,370920.0,107.53
,2022-10-01,2022,202210,на Ломоносова,Asic,AS grou-3318,18,604746,282240.0,322506.0,114.27
,2022-11-01,2022,202211,на Ломоносова,Asic,AS grou-3318,13,426166,203840.0,222326.0,109.07
,2022-12-01,2022,202212,на Ломоносова,Asic,AS grou-3318,16,530560,250880.0,279680.0,111.48
,2021-01-01,2021,202101,на Ломоносова,Asic,AS gre-2748,21,893907,379260.0,514647.0,135.7
,2021-02-01,2021,202102,на Ломоносова,Asic,AS gre-2748,13,567645,234780.0,332865.0,141.78
,2021-03-01,2021,202103,на Ломоносова,Asic,AS gre-2748,11,472285,198660.0,273625.0,137.74
,2021-04-01,2021,202104,на Ломоносова,Asic,AS gre-2748,20,878940,361200.0,517740.0,143.34
,2021-05-01,2021,202105,на Ломоносова,Asic,AS gre-2748,25,1109450,451500.0,657950.0,145.73
,2021-06-01,2021,202106,на Ломоносова,Asic,AS gre-2748,24,1028928,433440.0,595488.0,137.39
,2021-07-01,2021,202107,на Ломоносова,Asic,AS gre-2748,25,1060475,451500.0,608975.0,134.88
,2021-08-01,2021,202108,на Ломоносова,Asic,AS gre-2748,21,907263,379260.0,528003.0,139.22
,2021-09-01,2021,202109,на Ломоносова,Asic,AS gre-2748,23,983733,415380.0,568353.0,136.83
,2021-10-01,2021,202110,на Ломоносова,Asic,AS gre-2748,19,815499,343140.0,472359.0,137.66
,2021-11-01,2021,202111,на Ломоносова,Asic,AS gre-2748,13,564720,234780.0,329940.0,140.53
,2021-12-01,2021,202112,на Ломоносова,Asic,AS gre-2748,16,685360,288960.0,396400.0,137.18
,2022-01-01,2022,202201,на Ломоносова,Asic,AS gre-2748,23,988356,415380.0,572976.0,137.94
,2022-02-01,2022,202202,на Ломоносова,Asic,AS gre-2748,15,655185,270900.0,384285.0,141.85
,2022-03-01,2022,202203,на Ломоносова,Asic,AS gre-2748,12,510132,216720.0,293412.0,135.39
,2022-04-01,2022,202204,на Ломоносова,Asic,AS gre-2748,22,974490,397320.0,577170.0,145.27
,2022-05-01,2022,202205,на Ломоносова,Asic,AS gre-2748,28,1242304,505680.0,736624.0,145.67
,2022-06-01,2022,202206,на Ломоносова,Asic,AS gre-2748,26,1134380,469560.0,664820.0,141.58
,2022-07-01,2022,202207,на Ломоносова,Asic,AS gre-2748,28,1166592,505680.0,660912.0,130.7
,2022-08-01,2022,202208,на Ломоносова,Asic,AS gre-2748,23,979110,415380.0,563730.0,135.71
,2022-09-01,2022,202209,на Ломоносова,Asic,AS gre-2748,25,1067525,451500.0,616025.0,136.44
,2022-10-01,2022,202210,на Ломоносова,Asic,AS gre-2748,20,858140,361200.0,496940.0,137.58
,2022-11-01,2022,202211,на Ломоносова,Asic,AS gre-2748,15,656955,270900.0,386055.0,142.51
,2022-12-01,2022,202212,на Ломоносова,Asic,AS gre-2748,18,767160,325080.0,442080.0,135.99
,2021-01-01,2021,202101,на Ломоносова,Asic,AS earth-9544,19,561678,212800.0,348878.0,163.95
,2021-02-01,2021,202102,на Ломоносова,Asic,AS earth-9544,12,353472,134400.0,219072.0,163.0
,2021-03-01,2021,202103,на Ломоносова,Asic,AS earth-9544,10,284380,112000.0,172380.0,153.91
,2021-04-01,2021,202104,на Ломоносова,Asic,AS earth-9544,18,533448,201600.0,331848.0,164.61
,2021-05-01,2021,202105,на Ломоносова,Asic,AS earth-9544,23,696486,257600.0,438886.0,170.38
,2021-06-01,2021,202106,на Ломоносова,Asic,AS earth-9544,22,650430,246400.0,404030.0,163.97
,2021-07-01,2021,202107,на Ломоносова,Asic,AS earth-9544,23,625094,257600.0,367494.0,142.66
,2021-08-01,2021,202108,на Ломоносова,Asic,AS earth-9544,19,536788,212800.0,323988.0,152.25
,2021-09-01,2021,202109,на Ломоносова,Asic,AS earth-9544,20,572580,224000.0,348580.0,155.62
,2021-10-01,2021,202110,на Ломоносова,Asic,AS earth-9544,17,509456,190400.0,319056.0,167.57
,2021-11-01,2021,202111,на Ломоносова,Asic,AS earth-9544,12,349932,134400.0,215532.0,160.37
,2021-12-01,2021,202112,на Ломоносова,Asic,AS earth-9544,15,433485,168000.0,265485.0,158.03
,2022-01-01,2022,202201,на Ломоносова,Asic,AS earth-9544,21,611520,235200.0,376320.0,160.0
,2022-02-01,2022,202202,на Ломоносова,Asic,AS earth-9544,13,380367,145600.0,234767.0,161.24
,2022-03-01,2022,202203,на Ломоносова,Asic,AS earth-9544,11,320474,123200.0,197274.0,160.12
,2022-04-01,2022,202204,на Ломоносова,Asic,AS earth-9544,20,593640,224000.0,369640.0,165.02
,2022-05-01,2022,202205,на Ломоносова,Asic,AS earth-9544,25,751200,280000.0,471200.0,168.29
,2022-06-01,2022,202206,на Ломоносова,Asic,AS earth-9544,24,696648,268800.0,427848.0,159.17
,2022-07-01,2022,202207,на Ломоносова,Asic,AS earth-9544,25,686125,280000.0,406125.0,145.04
,2022-08-01,2022,202208,на Ломоносова,Asic,AS earth-9544,21,616476,235200.0,381276.0,162.11
,2022-09-01,2022,202209,на Ломоносова,Asic,AS earth-9544,22,638110,246400.0,391710.0,158.97
,2022-10-01,2022,202210,на Ломоносова,Asic,AS earth-9544,19,557042,212800.0,344242.0,161.77
,2022-11-01,2022,202211,на Ломоносова,Asic,AS earth-9544,13,371865,145600.0,226265.0,155.4
,2022-12-01,2022,202212,на Ломоносова,Asic,AS earth-9544,16,464688,179200.0,285488.0,159.31
,2021-01-01,2021,202101,на Ломоносова,Asic,AS ais-7331,24,1111752,604800.0000000001,506951.9999999999,83.82
,2021-02-01,2021,202102,на Ломоносова,Asic,AS ais-7331,15,701055,378000.00000000006,323054.99999999994,85.46
,2021-03-01,2021,202103,на Ломоносова,Asic,AS ais-7331,12,547296,302400.00000000006,244895.99999999994,80.98
,2021-04-01,2021,202104,на Ломоносова,Asic,AS ais-7331,23,1084059,579600.0000000001,504458.9999999999,87.04
,2021-05-01,2021,202105,на Ломоносова,Asic,AS ais-7331,29,1352386,730800.0000000001,621585.9999999999,85.06
,2021-06-01,2021,202106,на Ломоносова,Asic,AS ais-7331,27,1242135,680400.0000000001,561734.9999999999,82.56
,2021-07-01,2021,202107,на Ломоносова,Asic,AS ais-7331,29,1309437,730800.0000000001,578636.9999999999,79.18
,2021-08-01,2021,202108,на Ломоносова,Asic,AS ais-7331,24,1096224,604800.0000000001,491423.9999999999,81.25
,2021-09-01,2021,202109,на Ломоносова,Asic,AS ais-7331,26,1195740,655200.0000000001,540539.9999999999,82.5
,2021-10-01,2021,202110,на Ломоносова,Asic,AS ais-7331,21,968184,529200.0000000001,438983.9999999999,82.95
,2021-11-01,2021,202111,на Ломоносова,Asic,AS ais-7331,15,699540,378000.00000000006,321539.99999999994,85.06
,2021-12-01,2021,202112,на Ломоносова,Asic,AS ais-7331,18,835596,453600.00000000006,381995.99999999994,84.21
,2022-01-01,2022,202201,на Ломоносова,Asic,AS ais-7331,27,1249209,680400.0000000001,568808.9999999999,83.6
,2022-02-01,2022,202202,на Ломоносова,Asic,AS ais-7331,17,797096,428400.00000000006,368695.99999999994,86.06
,2022-03-01,2022,202203,на Ломоносова,Asic,AS ais-7331,14,632268,352800.00000000006,279467.99999999994,79.21
,2022-04-01,2022,202204,на Ломоносова,Asic,AS ais-7331,25,1162125,630000.0000000001,532124.9999999999,84.46
,2022-05-01,2022,202205,на Ломоносова,Asic,AS ais-7331,32,1519584,806400.0000000001,713183.9999999999,88.44
,2022-06-01,2022,202206,на Ломоносова,Asic,AS ais-7331,30,1402620,756000.0000000001,646619.9999999999,85.53
,2022-07-01,2022,202207,на Ломоносова,Asic,AS ais-7331,32,1447328,806400.0000000001,640927.9999999999,79.48
,2022-08-01,2022,202208,на Ломоносова,Asic,AS ais-7331,27,1227339,680400.0000000001,546938.9999999999,80.38
,2022-09-01,2022,202209,на Ломоносова,Asic,AS ais-7331,28,1278032,705600.0000000001,572431.9999999999,81.13
,2022-10-01,2022,202210,на Ломоносова,Asic,AS ais-7331,23,1056620,579600.0000000001,477019.9999999999,82.3
,2022-11-01,2022,202211,на Ломоносова,Asic,AS ais-7331,17,798303,428400.00000000006,369902.99999999994,86.35
,2022-12-01,2022,202212,на Ломоносова,Asic,AS ais-7331,20,903140,504000.00000000006,399139.99999999994,79.19
,2021-01-01,2021,202101,на Ломоносова,Asic,AS ice-2172,24,443832,228480.0,215352.0,94.25
,2021-02-01,2021,202102,на Ломоносова,Asic,AS ice-2172,15,276975,142800.0,134175.0,93.96
,2021-03-01,2021,202103,на Ломоносова,Asic,AS ice-2172,12,216084,114240.0,101844.0,89.15
,2021-04-01,2021,202104,на Ломоносова,Asic,AS ice-2172,23,423476,218960.0,204516.0,93.4
,2021-05-01,2021,202105,на Ломоносова,Asic,AS ice-2172,29,550884,276080.0,274804.0,99.54
,2021-06-01,2021,202106,на Ломоносова,Asic,AS ice-2172,27,493074,257040.0,236034.0,91.83
,2021-07-01,2021,202107,на Ломоносова,Asic,AS ice-2172,29,503730,276080.0,227650.0,82.46
,2021-08-01,2021,202108,на Ломоносова,Asic,AS ice-2172,24,420936,228480.0,192456.0,84.23
,2021-09-01,2021,202109,на Ломоносова,Asic,AS ice-2172,26,452686,247520.0,205166.0,82.89
,2021-10-01,2021,202110,на Ломоносова,Asic,AS ice-2172,21,388815,199920.0,188895.0,94.49
,2021-11-01,2021,202111,на Ломоносова,Asic,AS ice-2172,15,276120,142800.0,133320.0,93.36
,2021-12-01,2021,202112,на Ломоносова,Asic,AS ice-2172,18,321372,171360.0,150012.0,87.54
,2022-01-01,2022,202201,на Ломоносова,Asic,AS ice-2172,27,506682,257040.0,249642.0,97.12
,2022-02-01,2022,202202,на Ломоносова,Asic,AS ice-2172,17,309128,161840.0,147288.0,91.01
,2022-03-01,2022,202203,на Ломоносова,Asic,AS ice-2172,14,254982,133280.0,121702.0,91.31
,2022-04-01,2022,202204,на Ломоносова,Asic,AS ice-2172,25,480300,238000.0,242300.0,101.81
,2022-05-01,2022,202205,на Ломоносова,Asic,AS ice-2172,32,593376,304640.0,288736.0,94.78
,2022-06-01,2022,202206,на Ломоносова,Asic,AS ice-2172,30,532980,285600.0,247380.0,86.62
,2022-07-01,2022,202207,на Ломоносова,Asic,AS ice-2172,32,523040,304640.0,218400.0,71.69
,2022-08-01,2022,202208,на Ломоносова,Asic,AS ice-2172,27,468315,257040.0,211275.0,82.2
,2022-09-01,2022,202209,на Ломоносова,Asic,AS ice-2172,28,496664,266560.0,230104.0,86.32
,2022-10-01,2022,202210,на Ломоносова,Asic,AS ice-2172,23,426144,218960.0,207184.0,94.62
,2022-11-01,2022,202211,на Ломоносова,Asic,AS ice-2172,17,316319,161840.0,154479.0,95.45
,2022-12-01,2022,202212,на Ломоносова,Asic,AS ice-2172,20,351860,190400.0,161460.0,84.8
,2021-01-01,2021,202101,на Ломоносова,Asic,AS ai-7676,20,808780,327600.0,481180.0,146.88
,2021-02-01,2021,202102,на Ломоносова,Asic,AS ai-7676,12,492288,196560.0,295728.0,150.45
,2021-03-01,2021,202103,на Ломоносова,Asic,AS ai-7676,10,394750,163800.0,230950.0,141.0
,2021-04-01,2021,202104,на Ломоносова,Asic,AS ai-7676,18,745110,294840.0,450270.0,152.72
,2021-05-01,2021,202105,на Ломоносова,Asic,AS ai-7676,23,947347,376740.0,570607.0,151.46
,2021-06-01,2021,202106,на Ломоносова,Asic,AS ai-7676,22,890010,360360.0,529650.0,146.98
,2021-07-01,2021,202107,на Ломоносова,Asic,AS ai-7676,23,885293,376740.0,508553.0,134.99
,2021-08-01,2021,202108,на Ломоносова,Asic,AS ai-7676,20,796820,327600.0,469220.0,143.23
,2021-09-01,2021,202109,на Ломоносова,Asic,AS ai-7676,21,827295,343980.0,483315.0,140.51
,2021-10-01,2021,202110,на Ломоносова,Asic,AS ai-7676,17,685457,278460.0,406997.0,146.16
,2021-11-01,2021,202111,на Ломоносова,Asic,AS ai-7676,12,484392,196560.0,287832.0,146.43
,2021-12-01,2021,202112,на Ломоносова,Asic,AS ai-7676,15,594165,245700.0,348465.0,141.83
,2022-01-01,2022,202201,на Ломоносова,Asic,AS ai-7676,21,847875,343980.0,503895.0,146.49
,2022-02-01,2022,202202,на Ломоносова,Asic,AS ai-7676,14,567812,229320.0,338492.0,147.61
,2022-03-01,2022,202203,на Ломоносова,Asic,AS ai-7676,11,433334,180180.0,253154.0,140.5
,2022-04-01,2022,202204,на Ломоносова,Asic,AS ai-7676,20,812440,327600.0,484840.0,148.0
,2022-05-01,2022,202205,на Ломоносова,Asic,AS ai-7676,25,1032100,409500.0,622600.0,152.04
,2022-06-01,2022,202206,на Ломоносова,Asic,AS ai-7676,24,967680,393120.0,574560.0,146.15
,2022-07-01,2022,202207,на Ломоносова,Asic,AS ai-7676,25,985950,409500.0,576450.0,140.77
,2022-08-01,2022,202208,на Ломоносова,Asic,AS ai-7676,21,836724,343980.0,492744.0,143.25
,2022-09-01,2022,202209,на Ломоносова,Asic,AS ai-7676,23,909627,376740.0,532887.0,141.45
,2022-10-01,2022,202210,на Ломоносова,Asic,AS ai-7676,19,766498,311220.0,455278.0,146.29
,2022-11-01,2022,202211,на Ломоносова,Asic,AS ai-7676,14,567000,229320.0,337680.0,147.25
,2022-12-01,2022,202212,на Ломоносова,Asic,AS ai-7676,16,626432,262080.0,364352.0,139.02
,2021-01-01,2021,202101,на Ломоносова,Gunverse,GU air-3053,60,373200,138000.0,235200.0,170.43
,2021-02-01,2021,202102,на Ломоносова,Gunverse,GU air-3053,38,234232,87400.0,146832.0,168.0
,2021-03-01,2021,202103,на Ломоносова,Gunverse,GU air-3053,30,157800,69000.0,88800.0,128.7
,2021-04-01,2021,202104,на Ломоносова,Gunverse,GU air-3053,56,398552,128800.0,269752.0,209.43
,2021-05-01,2021,202105,на Ломоносова,Gunverse,GU air-3053,71,491391,163300.0,328091.0,200.91
,2021-06-01,2021,202106,на Ломоносова,Gunverse,GU air-3053,67,440391,154100.0,286291.0,185.78
,2021-07-01,2021,202107,на Ломоносова,Gunverse,GU air-3053,71,295857,163300.0,132557.0,81.17
,2021-08-01,2021,202108,на Ломоносова,Gunverse,GU air-3053,60,372840,138000.0,234840.0,170.17
,2021-09-01,2021,202109,на Ломоносова,Gunverse,GU air-3053,64,383424,147200.0,236224.0,160.48
,2021-10-01,2021,202110,на Ломоносова,Gunverse,GU air-3053,52,309816,119600.0,190216.0,159.04
,2021-11-01,2021,202111,на Ломоносова,Gunverse,GU air-3053,38,228342,87400.0,140942.0,161.26
,2021-12-01,2021,202112,на Ломоносова,Gunverse,GU air-3053,45,238005,103500.0,134505.0,129.96
,2022-01-01,2022,202201,на Ломоносова,Gunverse,GU air-3053,66,420222,151800.0,268422.0,176.83
,2022-02-01,2022,202202,на Ломоносова,Gunverse,GU air-3053,41,288353,94300.0,194053.0,205.78
,2022-03-01,2022,202203,на Ломоносова,Gunverse,GU air-3053,33,182655,75900.0,106755.0,140.65
,2022-04-01,2022,202204,на Ломоносова,Gunverse,GU air-3053,62,410378,142600.0,267778.0,187.78
,2022-05-01,2022,202205,на Ломоносова,Gunverse,GU air-3053,78,492726,179400.0,313326.0,174.65
,2022-06-01,2022,202206,на Ломоносова,Gunverse,GU air-3053,74,498760,170200.0,328560.0,193.04
,2022-07-01,2022,202207,на Ломоносова,Gunverse,GU air-3053,78,360828,179400.0,181428.0,101.13
,2022-08-01,2022,202208,на Ломоносова,Gunverse,GU air-3053,66,355740,151800.0,203940.0,134.35
,2022-09-01,2022,202209,на Ломоносова,Gunverse,GU air-3053,70,402500,161000.0,241500.0,150.0
,2022-10-01,2022,202210,на Ломоносова,Gunverse,GU air-3053,58,372418,133400.0,239018.0,179.17
,2022-11-01,2022,202211,на Ломоносова,Gunverse,GU air-3053,41,248009,94300.0,153709.0,163.0
,2022-12-01,2022,202212,на Ломоносова,Gunverse,GU air-3053,49,287189,112700.0,174489.0,154.83
,2021-01-01,2021,202101,на Ломоносова,Gunverse,GU grou-6409,53,544893,214650.0,330243.0,153.85
,2021-02-01,2021,202102,на Ломоносова,Gunverse,GU grou-6409,33,323994,133650.0,190344.0,142.42
,2021-03-01,2021,202103,на Ломоносова,Gunverse,GU grou-6409,27,279126,109350.0,169776.0,155.26
,2021-04-01,2021,202104,на Ломоносова,Gunverse,GU grou-6409,50,538300,202500.0,335800.0,165.83
,2021-05-01,2021,202105,на Ломоносова,Gunverse,GU grou-6409,63,706797,255150.0,451647.0,177.01
,2021-06-01,2021,202106,на Ломоносова,Gunverse,GU grou-6409,59,610709,238950.0,371759.0,155.58
,2021-07-01,2021,202107,на Ломоносова,Gunverse,GU grou-6409,63,535311,255150.0,280161.0,109.8
,2021-08-01,2021,202108,на Ломоносова,Gunverse,GU grou-6409,53,503129,214650.0,288479.0,134.4
,2021-09-01,2021,202109,на Ломоносова,Gunverse,GU grou-6409,56,590856,226800.0,364056.0,160.52
,2021-10-01,2021,202110,на Ломоносова,Gunverse,GU grou-6409,46,459356,186300.0,273056.0,146.57
,2021-11-01,2021,202111,на Ломоносова,Gunverse,GU grou-6409,33,340890,133650.0,207240.0,155.06
,2021-12-01,2021,202112,на Ломоносова,Gunverse,GU grou-6409,40,380640,162000.0,218640.0,134.96
,2022-01-01,2022,202201,на Ломоносова,Gunverse,GU grou-6409,58,600880,234900.0,365980.0,155.8
,2022-02-01,2022,202202,на Ломоносова,Gunverse,GU grou-6409,37,379324,149850.0,229474.0,153.14
,2022-03-01,2022,202203,на Ломоносова,Gunverse,GU grou-6409,29,287100,117450.0,169650.0,144.44
,2022-04-01,2022,202204,на Ломоносова,Gunverse,GU grou-6409,55,582120,222750.0,359370.0,161.33
,2022-05-01,2022,202205,на Ломоносова,Gunverse,GU grou-6409,69,766521,279450.0,487071.0,174.3
,2022-06-01,2022,202206,на Ломоносова,Gunverse,GU grou-6409,65,705835,263250.0,442585.0,168.12
,2022-07-01,2022,202207,на Ломоносова,Gunverse,GU grou-6409,69,605199,279450.0,325749.0,116.57
,2022-08-01,2022,202208,на Ломоносова,Gunverse,GU grou-6409,58,563180,234900.0,328280.0,139.75
,2022-09-01,2022,202209,на Ломоносова,Gunverse,GU grou-6409,62,594084,251100.0,342984.0,136.59
,2022-10-01,2022,202210,на Ломоносова,Gunverse,GU grou-6409,51,556461,206550.0,349911.0,169.41
,2022-11-01,2022,202211,на Ломоносова,Gunverse,GU grou-6409,37,398379,149850.0,248529.0,165.85
,2022-12-01,2022,202212,на Ломоносова,Gunverse,GU grou-6409,44,431772,178200.0,253572.0,142.3
,2021-01-01,2021,202101,на Ломоносова,Gunverse,GU gre-2865,60,487200,239399.99999999997,247800.00000000003,103.51
,2021-02-01,2021,202102,на Ломоносова,Gunverse,GU gre-2865,38,326040,151619.99999999997,174420.00000000003,115.04
,2021-03-01,2021,202103,на Ломоносова,Gunverse,GU gre-2865,30,224700,119699.99999999999,105000.00000000001,87.72
,2021-04-01,2021,202104,на Ломоносова,Gunverse,GU gre-2865,56,500192,223439.99999999997,276752.0,123.86
,2021-05-01,2021,202105,на Ломоносова,Gunverse,GU gre-2865,71,611026,283289.99999999994,327736.00000000006,115.69
,2021-06-01,2021,202106,на Ломоносова,Gunverse,GU gre-2865,67,577540,267329.99999999994,310210.00000000006,116.04
,2021-07-01,2021,202107,на Ломоносова,Gunverse,GU gre-2865,71,492030,283289.99999999994,208740.00000000006,73.68
,2021-08-01,2021,202108,на Ломоносова,Gunverse,GU gre-2865,60,506340,239399.99999999997,266940.0,111.5
,2021-09-01,2021,202109,на Ломоносова,Gunverse,GU gre-2865,64,471872,255359.99999999997,216512.00000000003,84.79
,2021-10-01,2021,202110,на Ломоносова,Gunverse,GU gre-2865,52,439816,207479.99999999997,232336.00000000003,111.98
,2021-11-01,2021,202111,на Ломоносова,Gunverse,GU gre-2865,38,320264,151619.99999999997,168644.00000000003,111.23
,2021-12-01,2021,202112,на Ломоносова,Gunverse,GU gre-2865,45,377100,179549.99999999997,197550.00000000003,110.03
,2022-01-01,2022,202201,на Ломоносова,Gunverse,GU gre-2865,66,580206,263339.99999999994,316866.00000000006,120.33
,2022-02-01,2022,202202,на Ломоносова,Gunverse,GU gre-2865,41,367114,163589.99999999997,203524.00000000003,124.41
,2022-03-01,2022,202203,на Ломоносова,Gunverse,GU gre-2865,33,260733,131669.99999999997,129063.00000000003,98.02
,2022-04-01,2022,202204,на Ломоносова,Gunverse,GU gre-2865,62,567052,247379.99999999997,319672.0,129.22
,2022-05-01,2022,202205,на Ломоносова,Gunverse,GU gre-2865,78,734058,311219.99999999994,422838.00000000006,135.86
,2022-06-01,2022,202206,на Ломоносова,Gunverse,GU gre-2865,74,621008,295259.99999999994,325748.00000000006,110.33
,2022-07-01,2022,202207,на Ломоносова,Gunverse,GU gre-2865,78,584220,311219.99999999994,273000.00000000006,87.72
,2022-08-01,2022,202208,на Ломоносова,Gunverse,GU gre-2865,66,468996,263339.99999999994,205656.00000000006,78.1
,2022-09-01,2022,202209,на Ломоносова,Gunverse,GU gre-2865,70,506800,279299.99999999994,227500.00000000006,81.45
,2022-10-01,2022,202210,на Ломоносова,Gunverse,GU gre-2865,58,493638,231419.99999999997,262218.0,113.31
,2022-11-01,2022,202211,на Ломоносова,Gunverse,GU gre-2865,41,345876,163589.99999999997,182286.00000000003,111.43
,2022-12-01,2022,202212,на Ломоносова,Gunverse,GU gre-2865,49,363041,195509.99999999997,167531.00000000003,85.69
,2021-01-01,2021,202101,на Ломоносова,Gunverse,GU earth-4729,52,517972,216580.0,301392.0,139.16
,2021-02-01,2021,202102,на Ломоносова,Gunverse,GU earth-4729,33,328680,137445.0,191235.0,139.14
,2021-03-01,2021,202103,на Ломоносова,Gunverse,GU earth-4729,26,231114,108290.0,122824.0,113.42
,2021-04-01,2021,202104,на Ломоносова,Gunverse,GU earth-4729,49,536599,204085.0,332514.0,162.93
,2021-05-01,2021,202105,на Ломоносова,Gunverse,GU earth-4729,62,661478,258230.0,403248.0,156.16
,2021-06-01,2021,202106,на Ломоносова,Gunverse,GU earth-4729,59,575663,245735.0,329928.0,134.26
,2021-07-01,2021,202107,на Ломоносова,Gunverse,GU earth-4729,62,504618,258230.0,246388.0,95.41
,2021-08-01,2021,202108,на Ломоносова,Gunverse,GU earth-4729,52,497380,216580.0,280800.0,129.65
,2021-09-01,2021,202109,на Ломоносова,Gunverse,GU earth-4729,56,488320,233240.0,255080.0,109.36
,2021-10-01,2021,202110,на Ломоносова,Gunverse,GU earth-4729,46,446384,191590.0,254794.0,132.99
,2021-11-01,2021,202111,на Ломоносова,Gunverse,GU earth-4729,33,334125,137445.0,196680.0,143.1
,2021-12-01,2021,202112,на Ломоносова,Gunverse,GU earth-4729,39,378495,162435.0,216060.0,133.01
,2022-01-01,2022,202201,на Ломоносова,Gunverse,GU earth-4729,58,556220,241570.0,314650.0,130.25
,2022-02-01,2022,202202,на Ломоносова,Gunverse,GU earth-4729,36,371268,149940.0,221328.0,147.61
,2022-03-01,2022,202203,на Ломоносова,Gunverse,GU earth-4729,29,246906,120785.0,126121.0,104.42
,2022-04-01,2022,202204,на Ломоносова,Gunverse,GU earth-4729,54,576450,224910.0,351540.0,156.3
,2022-05-01,2022,202205,на Ломоносова,Gunverse,GU earth-4729,68,697136,283220.0,413916.0,146.15
,2022-06-01,2022,202206,на Ломоносова,Gunverse,GU earth-4729,65,604695,270725.0,333970.0,123.36
,2022-07-01,2022,202207,на Ломоносова,Gunverse,GU earth-4729,68,583848,283220.0,300628.0,106.15
,2022-08-01,2022,202208,на Ломоносова,Gunverse,GU earth-4729,58,552682,241570.0,311112.0,128.79
,2022-09-01,2022,202209,на Ломоносова,Gunverse,GU earth-4729,61,602375,254065.0,348310.0,137.09
,2022-10-01,2022,202210,на Ломоносова,Gunverse,GU earth-4729,50,506750,208250.0,298500.0,143.34
,2022-11-01,2022,202211,на Ломоносова,Gunverse,GU earth-4729,36,358380,149940.0,208440.0,139.02
,2022-12-01,2022,202212,на Ломоносова,Gunverse,GU earth-4729,43,387258,179095.0,208163.0,116.23
,2021-01-01,2021,202101,на Ломоносова,Gunverse,GU ais-4465,52,378872,159120.0,219752.0,138.1
,2021-02-01,2021,202102,на Ломоносова,Gunverse,GU ais-4465,33,242385,100980.0,141405.0,140.03
,2021-03-01,2021,202103,на Ломоносова,Gunverse,GU ais-4465,26,173992,79560.0,94432.0,118.69
,2021-04-01,2021,202104,на Ломоносова,Gunverse,GU ais-4465,49,399497,149940.0,249557.0,166.44
,2021-05-01,2021,202105,на Ломоносова,Gunverse,GU ais-4465,62,504432,189720.0,314712.0,165.88
,2021-06-01,2021,202106,на Ломоносова,Gunverse,GU ais-4465,59,455480,180540.0,274940.0,152.29
,2021-07-01,2021,202107,на Ломоносова,Gunverse,GU ais-4465,62,388182,189720.0,198462.0,104.61
,2021-08-01,2021,202108,на Ломоносова,Gunverse,GU ais-4465,52,321620,159120.0,162500.0,102.12
,2021-09-01,2021,202109,на Ломоносова,Gunverse,GU ais-4465,56,369768,171360.0,198408.0,115.78
,2021-10-01,2021,202110,на Ломоносова,Gunverse,GU ais-4465,46,370852,140760.0,230092.0,163.46
,2021-11-01,2021,202111,на Ломоносова,Gunverse,GU ais-4465,33,217239,100980.0,116259.0,115.13
,2021-12-01,2021,202112,на Ломоносова,Gunverse,GU ais-4465,39,265980,119340.0,146640.0,122.88
,2022-01-01,2022,202201,на Ломоносова,Gunverse,GU ais-4465,58,417542,177480.0,240062.0,135.26
,2022-02-01,2022,202202,на Ломоносова,Gunverse,GU ais-4465,36,258444,110160.0,148284.0,134.61
,2022-03-01,2022,202203,на Ломоносова,Gunverse,GU ais-4465,29,188790,88740.0,100050.0,112.75
,2022-04-01,2022,202204,на Ломоносова,Gunverse,GU ais-4465,54,409806,165240.0,244566.0,148.01
,2022-05-01,2022,202205,на Ломоносова,Gunverse,GU ais-4465,68,558688,208080.0,350608.0,168.5
,2022-06-01,2022,202206,на Ломоносова,Gunverse,GU ais-4465,65,511810,198900.0,312910.0,157.32
,2022-07-01,2022,202207,на Ломоносова,Gunverse,GU ais-4465,68,386648,208080.0,178568.0,85.82
,2022-08-01,2022,202208,на Ломоносова,Gunverse,GU ais-4465,58,380422,177480.0,202942.0,114.35
,2022-09-01,2022,202209,на Ломоносова,Gunverse,GU ais-4465,61,432063,186660.0,245403.0,131.47
,2022-10-01,2022,202210,на Ломоносова,Gunverse,GU ais-4465,50,373500,153000.0,220500.0,144.12
,2022-11-01,2022,202211,на Ломоносова,Gunverse,GU ais-4465,36,280764,110160.0,170604.0,154.87
,2022-12-01,2022,202212,на Ломоносова,Gunverse,GU ais-4465,43,296528,131580.0,164948.0,125.36
,2021-01-01,2021,202101,на Ломоносова,Gunverse,GU ice-8917,55,473275,190080.0,283195.0,148.99
,2021-02-01,2021,202102,на Ломоносова,Gunverse,GU ice-8917,34,298214,117504.0,180710.0,153.79
,2021-03-01,2021,202103,на Ломоносова,Gunverse,GU ice-8917,28,224532,96768.0,127764.0,132.03
,2021-04-01,2021,202104,на Ломоносова,Gunverse,GU ice-8917,51,442170,176256.0,265914.0,150.87
,2021-05-01,2021,202105,на Ломоносова,Gunverse,GU ice-8917,65,622765,224640.0,398125.0,177.23
,2021-06-01,2021,202106,на Ломоносова,Gunverse,GU ice-8917,61,512705,210816.0,301889.0,143.2
,2021-07-01,2021,202107,на Ломоносова,Gunverse,GU ice-8917,65,440375,224640.0,215735.0,96.04
,2021-08-01,2021,202108,на Ломоносова,Gunverse,GU ice-8917,55,464310,190080.0,274230.0,144.27
,2021-09-01,2021,202109,на Ломоносова,Gunverse,GU ice-8917,58,475948,200448.0,275500.0,137.44
,2021-10-01,2021,202110,на Ломоносова,Gunverse,GU ice-8917,48,427056,165888.0,261168.0,157.44
,2021-11-01,2021,202111,на Ломоносова,Gunverse,GU ice-8917,34,289850,117504.0,172346.0,146.67
,2021-12-01,2021,202112,на Ломоносова,Gunverse,GU ice-8917,41,352354,141696.0,210658.0,148.67
,2022-01-01,2022,202201,на Ломоносова,Gunverse,GU ice-8917,60,502260,207360.0,294900.0,142.22
,2022-02-01,2022,202202,на Ломоносова,Gunverse,GU ice-8917,38,316920,131328.0,185592.0,141.32
,2022-03-01,2022,202203,на Ломоносова,Gunverse,GU ice-8917,30,247200,103680.0,143520.0,138.43
,2022-04-01,2022,202204,на Ломоносова,Gunverse,GU ice-8917,56,474600,193536.0,281064.0,145.23
,2022-05-01,2022,202205,на Ломоносова,Gunverse,GU ice-8917,71,681032,245376.0,435656.0,177.55
,2022-06-01,2022,202206,на Ломоносова,Gunverse,GU ice-8917,68,597176,235008.0,362168.0,154.11
,2022-07-01,2022,202207,на Ломоносова,Gunverse,GU ice-8917,71,492527,245376.0,247151.0,100.72
,2022-08-01,2022,202208,на Ломоносова,Gunverse,GU ice-8917,60,476520,207360.0,269160.0,129.8
,2022-09-01,2022,202209,на Ломоносова,Gunverse,GU ice-8917,64,520576,221184.0,299392.0,135.36
,2022-10-01,2022,202210,на Ломоносова,Gunverse,GU ice-8917,53,452567,183168.0,269399.0,147.08
,2022-11-01,2022,202211,на Ломоносова,Gunverse,GU ice-8917,38,327788,131328.0,196460.0,149.59
,2022-12-01,2022,202212,на Ломоносова,Gunverse,GU ice-8917,45,366390,155520.0,210870.0,135.59
,2021-01-01,2021,202101,на Ломоносова,Gunverse,GU ai-3849,56,550872,290472.0,260400.0,89.65
,2021-02-01,2021,202102,на Ломоносова,Gunverse,GU ai-3849,35,365925,181545.0,184380.0,101.56
,2021-03-01,2021,202103,на Ломоносова,Gunverse,GU ai-3849,28,281624,145236.0,136388.0,93.91
,2021-04-01,2021,202104,на Ломоносова,Gunverse,GU ai-3849,53,602610,274911.0,327699.0,119.2
,2021-05-01,2021,202105,на Ломоносова,Gunverse,GU ai-3849,67,699078,347529.0,351549.0,101.16
,2021-06-01,2021,202106,на Ломоносова,Gunverse,GU ai-3849,63,678447,326781.0,351666.0,107.62
,2021-07-01,2021,202107,на Ломоносова,Gunverse,GU ai-3849,67,640855,347529.0,293326.0,84.4
,2021-08-01,2021,202108,на Ломоносова,Gunverse,GU ai-3849,56,573944,290472.0,283472.0,97.59
,2021-09-01,2021,202109,на Ломоносова,Gunverse,GU ai-3849,60,635100,311220.0,323880.0,104.07
,2021-10-01,2021,202110,на Ломоносова,Gunverse,GU ai-3849,49,512589,254163.0,258426.0,101.68
,2021-11-01,2021,202111,на Ломоносова,Gunverse,GU ai-3849,35,363055,181545.0,181510.0,99.98
,2021-12-01,2021,202112,на Ломоносова,Gunverse,GU ai-3849,42,430962,217854.0,213108.0,97.82
,2022-01-01,2022,202201,на Ломоносова,Gunverse,GU ai-3849,62,651000,321594.0,329406.0,102.43
,2022-02-01,2022,202202,на Ломоносова,Gunverse,GU ai-3849,39,412113,202293.0,209820.0,103.72
,2022-03-01,2022,202203,на Ломоносова,Gunverse,GU ai-3849,31,309380,160797.0,148583.0,92.4
,2022-04-01,2022,202204,на Ломоносова,Gunverse,GU ai-3849,58,611088,300846.0,310242.0,103.12
,2022-05-01,2022,202205,на Ломоносова,Gunverse,GU ai-3849,73,838697,378651.0,460046.0,121.5
,2022-06-01,2022,202206,на Ломоносова,Gunverse,GU ai-3849,70,753270,363090.0,390180.0,107.46
,2022-07-01,2022,202207,на Ломоносова,Gunverse,GU ai-3849,73,626778,378651.0,248127.0,65.53
,2022-08-01,2022,202208,на Ломоносова,Gunverse,GU ai-3849,62,609398,321594.0,287804.0,89.49
,2022-09-01,2022,202209,на Ломоносова,Gunverse,GU ai-3849,66,634722,342342.0,292380.0,85.41
,2022-10-01,2022,202210,на Ломоносова,Gunverse,GU ai-3849,54,562842,280098.0,282744.0,100.94
,2022-11-01,2022,202211,на Ломоносова,Gunverse,GU ai-3849,39,408408,202293.0,206115.0,101.89
,2022-12-01,2022,202212,на Ломоносова,Gunverse,GU ai-3849,47,464642,243789.0,220853.0,90.59
,2021-01-01,2021,202101,на Ломоносова,Nuke,NK air-4421,60,793140,360000.0,433140.0,120.32
,2021-02-01,2021,202102,на Ломоносова,Nuke,NK air-4421,38,497610,228000.0,269610.0,118.25
,2021-03-01,2021,202103,на Ломоносова,Nuke,NK air-4421,30,395580,180000.0,215580.0,119.77
,2021-04-01,2021,202104,на Ломоносова,Nuke,NK air-4421,57,788595,342000.0,446595.0,130.58
,2021-05-01,2021,202105,на Ломоносова,Nuke,NK air-4421,72,1001448,432000.0,569448.0,131.82
,2021-06-01,2021,202106,на Ломоносова,Nuke,NK air-4421,68,905556,408000.0,497556.0,121.95
,2021-07-01,2021,202107,на Ломоносова,Nuke,NK air-4421,72,800208,432000.0,368208.0,85.23
,2021-08-01,2021,202108,на Ломоносова,Nuke,NK air-4421,60,751320,360000.0,391320.0,108.7
,2021-09-01,2021,202109,на Ломоносова,Nuke,NK air-4421,64,834112,384000.0,450112.0,117.22
,2021-10-01,2021,202110,на Ломоносова,Nuke,NK air-4421,53,728114,318000.0,410114.0,128.97
,2021-11-01,2021,202111,на Ломоносова,Nuke,NK air-4421,38,515508,228000.0,287508.0,126.1
,2021-12-01,2021,202112,на Ломоносова,Nuke,NK air-4421,45,567270,270000.0,297270.0,110.1
,2022-01-01,2022,202201,на Ломоносова,Nuke,NK air-4421,66,891990,396000.0,495990.0,125.25
,2022-02-01,2022,202202,на Ломоносова,Nuke,NK air-4421,42,547638,252000.0,295638.0,117.32
,2022-03-01,2022,202203,на Ломоносова,Nuke,NK air-4421,33,417351,198000.0,219351.0,110.78
,2022-04-01,2022,202204,на Ломоносова,Nuke,NK air-4421,62,859754,372000.0,487754.0,131.12
,2022-05-01,2022,202205,на Ломоносова,Nuke,NK air-4421,79,1075506,474000.0,601506.0,126.9
,2022-06-01,2022,202206,на Ломоносова,Nuke,NK air-4421,75,990675,450000.0,540675.0,120.15
,2022-07-01,2022,202207,на Ломоносова,Nuke,NK air-4421,79,928092,474000.0,454092.0,95.8
,2022-08-01,2022,202208,на Ломоносова,Nuke,NK air-4421,66,829884,396000.0,433884.0,109.57
,2022-09-01,2022,202209,на Ломоносова,Nuke,NK air-4421,71,881110,426000.0,455110.0,106.83
,2022-10-01,2022,202210,на Ломоносова,Nuke,NK air-4421,58,776794,348000.0,428794.0,123.22
,2022-11-01,2022,202211,на Ломоносова,Nuke,NK air-4421,42,540834,252000.0,288834.0,114.62
,2022-12-01,2022,202212,на Ломоносова,Nuke,NK air-4421,50,661700,300000.0,361700.0,120.57
,2021-01-01,2021,202101,на Ломоносова,Nuke,NK grou-9880,44,451264,233640.0,217624.0,93.15
,2021-02-01,2021,202102,на Ломоносова,Nuke,NK grou-9880,28,286048,148680.0,137368.0,92.39
,2021-03-01,2021,202103,на Ломоносова,Nuke,NK grou-9880,22,222464,116820.0,105644.0,90.43
,2021-04-01,2021,202104,на Ломоносова,Nuke,NK grou-9880,41,449401,217710.0,231691.0,106.42
,2021-05-01,2021,202105,на Ломоносова,Nuke,NK grou-9880,52,573612,276120.0,297492.0,107.74
,2021-06-01,2021,202106,на Ломоносова,Nuke,NK grou-9880,49,505239,260190.0,245049.0,94.18
,2021-07-01,2021,202107,на Ломоносова,Nuke,NK grou-9880,52,465816,276120.0,189696.0,68.7
,2021-08-01,2021,202108,на Ломоносова,Nuke,NK grou-9880,44,434984,233640.0,201344.0,86.18
,2021-09-01,2021,202109,на Ломоносова,Nuke,NK grou-9880,47,437993,249570.0,188423.0,75.5
,2021-10-01,2021,202110,на Ломоносова,Nuke,NK grou-9880,38,383686,201780.0,181906.0,90.15
,2021-11-01,2021,202111,на Ломоносова,Nuke,NK grou-9880,28,282660,148680.0,133980.0,90.11
,2021-12-01,2021,202112,на Ломоносова,Nuke,NK grou-9880,33,310662,175230.0,135432.0,77.29
,2022-01-01,2022,202201,на Ломоносова,Nuke,NK grou-9880,48,482064,254880.0,227184.0,89.13
,2022-02-01,2022,202202,на Ломоносова,Nuke,NK grou-9880,30,322740,159300.0,163440.0,102.6
,2022-03-01,2022,202203,на Ломоносова,Nuke,NK grou-9880,24,244440,127440.0,117000.0,91.81
,2022-04-01,2022,202204,на Ломоносова,Nuke,NK grou-9880,45,492840,238950.0,253890.0,106.25
,2022-05-01,2022,202205,на Ломоносова,Nuke,NK grou-9880,57,630306,302670.0,327636.0,108.25
,2022-06-01,2022,202206,на Ломоносова,Nuke,NK grou-9880,54,573696,286740.0,286956.0,100.08
,2022-07-01,2022,202207,на Ломоносова,Nuke,NK grou-9880,57,510891,302670.0,208221.0,68.79
,2022-08-01,2022,202208,на Ломоносова,Nuke,NK grou-9880,48,450336,254880.0,195456.0,76.69
,2022-09-01,2022,202209,на Ломоносова,Nuke,NK grou-9880,51,512703,270810.0,241893.0,89.32
,2022-10-01,2022,202210,на Ломоносова,Nuke,NK grou-9880,42,448224,223020.0,225204.0,100.98
,2022-11-01,2022,202211,на Ломоносова,Nuke,NK grou-9880,30,305880,159300.0,146580.0,92.02
,2022-12-01,2022,202212,на Ломоносова,Nuke,NK grou-9880,36,339984,191160.0,148824.0,77.85
,2021-01-01,2021,202101,на Ломоносова,Nuke,NK gre-7983,42,373800,135240.0,238560.0,176.4
,2021-02-01,2021,202102,на Ломоносова,Nuke,NK gre-7983,26,230594,83720.0,146874.0,175.43
,2021-03-01,2021,202103,на Ломоносова,Nuke,NK gre-7983,21,147966,67620.0,80346.0,118.82
,2021-04-01,2021,202104,на Ломоносова,Nuke,NK gre-7983,39,363402,125580.0,237822.0,189.38
,2021-05-01,2021,202105,на Ломоносова,Nuke,NK gre-7983,50,459900,161000.0,298900.0,185.65
,2021-06-01,2021,202106,на Ломоносова,Nuke,NK gre-7983,47,396821,151340.0,245481.0,162.2
,2021-07-01,2021,202107,на Ломоносова,Nuke,NK gre-7983,50,342550,161000.0,181550.0,112.76
,2021-08-01,2021,202108,на Ломоносова,Nuke,NK gre-7983,42,323736,135240.0,188496.0,139.38
,2021-09-01,2021,202109,на Ломоносова,Nuke,NK gre-7983,44,325820,141680.0,184140.0,129.97
,2021-10-01,2021,202110,на Ломоносова,Nuke,NK gre-7983,37,309135,119140.0,189995.0,159.47
,2021-11-01,2021,202111,на Ломоносова,Nuke,NK gre-7983,26,208806,83720.0,125086.0,149.41
,2021-12-01,2021,202112,на Ломоносова,Nuke,NK gre-7983,31,223045,99820.0,123225.0,123.45
,2022-01-01,2022,202201,на Ломоносова,Nuke,NK gre-7983,46,356730,148120.0,208610.0,140.84
,2022-02-01,2022,202202,на Ломоносова,Nuke,NK gre-7983,29,241454,93380.0,148074.0,158.57
,2022-03-01,2022,202203,на Ломоносова,Nuke,NK gre-7983,23,178434,74060.0,104374.0,140.93
,2022-04-01,2022,202204,на Ломоносова,Nuke,NK gre-7983,43,396546,138460.0,258086.0,186.4
,2022-05-01,2022,202205,на Ломоносова,Nuke,NK gre-7983,54,470934,173880.0,297054.0,170.84
,2022-06-01,2022,202206,на Ломоносова,Nuke,NK gre-7983,52,430404,167440.0,262964.0,157.05
,2022-07-01,2022,202207,на Ломоносова,Nuke,NK gre-7983,54,361476,173880.0,187596.0,107.89
,2022-08-01,2022,202208,на Ломоносова,Nuke,NK gre-7983,46,356868,148120.0,208748.0,140.93
,2022-09-01,2022,202209,на Ломоносова,Nuke,NK gre-7983,49,375879,157780.0,218099.0,138.23
,2022-10-01,2022,202210,на Ломоносова,Nuke,NK gre-7983,40,353640,128800.0,224840.0,174.57
,2022-11-01,2022,202211,на Ломоносова,Nuke,NK gre-7983,29,235654,93380.0,142274.0,152.36
,2022-12-01,2022,202212,на Ломоносова,Nuke,NK gre-7983,35,267925,112700.0,155225.0,137.73
,2021-01-01,2021,202101,на Ломоносова,Nuke,NK earth-5320,52,403312,172380.0,230932.0,133.97
,2021-02-01,2021,202102,на Ломоносова,Nuke,NK earth-5320,33,281754,109395.0,172359.0,157.56
,2021-03-01,2021,202103,на Ломоносова,Nuke,NK earth-5320,26,184392,86190.0,98202.0,113.94
,2021-04-01,2021,202104,на Ломоносова,Nuke,NK earth-5320,49,407337,162435.0,244902.0,150.77
,2021-05-01,2021,202105,на Ломоносова,Nuke,NK earth-5320,62,540206,205530.0,334676.0,162.84
,2021-06-01,2021,202106,на Ломоносова,Nuke,NK earth-5320,58,470728,192270.0,278458.0,144.83
,2021-07-01,2021,202107,на Ломоносова,Nuke,NK earth-5320,62,402566,205530.0,197036.0,95.87
,2021-08-01,2021,202108,на Ломоносова,Nuke,NK earth-5320,52,370968,172380.0,198588.0,115.2
,2021-09-01,2021,202109,на Ломоносова,Nuke,NK earth-5320,55,387860,182325.0,205535.0,112.73
,2021-10-01,2021,202110,на Ломоносова,Nuke,NK earth-5320,45,343845,149175.0,194670.0,130.5
,2021-11-01,2021,202111,на Ломоносова,Nuke,NK earth-5320,33,262482,109395.0,153087.0,139.94
,2021-12-01,2021,202112,на Ломоносова,Nuke,NK earth-5320,39,282009,129285.0,152724.0,118.13
,2022-01-01,2022,202201,на Ломоносова,Nuke,NK earth-5320,57,473499,188955.0,284544.0,150.59
,2022-02-01,2022,202202,на Ломоносова,Nuke,NK earth-5320,36,274428,119340.0,155088.0,129.95
,2022-03-01,2022,202203,на Ломоносова,Nuke,NK earth-5320,29,206509,96135.0,110374.0,114.81
,2022-04-01,2022,202204,на Ломоносова,Nuke,NK earth-5320,54,416664,179010.0,237654.0,132.76
,2022-05-01,2022,202205,на Ломоносова,Nuke,NK earth-5320,68,536044,225420.0,310624.0,137.8
,2022-06-01,2022,202206,на Ломоносова,Nuke,NK earth-5320,64,525120,212160.0,312960.0,147.51
,2022-07-01,2022,202207,на Ломоносова,Nuke,NK earth-5320,68,434384,225420.0,208964.0,92.7
,2022-08-01,2022,202208,на Ломоносова,Nuke,NK earth-5320,57,451611,188955.0,262656.0,139.0
,2022-09-01,2022,202209,на Ломоносова,Nuke,NK earth-5320,61,455975,202215.0,253760.0,125.49
,2022-10-01,2022,202210,на Ломоносова,Nuke,NK earth-5320,50,407000,165750.0,241250.0,145.55
,2022-11-01,2022,202211,на Ломоносова,Nuke,NK earth-5320,36,261360,119340.0,142020.0,119.0
,2022-12-01,2022,202212,на Ломоносова,Nuke,NK earth-5320,43,330713,142545.0,188168.0,132.01
,2021-01-01,2021,202101,на Ломоносова,Nuke,NK ais-5028,57,612066,267900.0,344166.0,128.47
,2021-02-01,2021,202102,на Ломоносова,Nuke,NK ais-5028,36,409284,169200.0,240084.0,141.89
,2021-03-01,2021,202103,на Ломоносова,Nuke,NK ais-5028,29,317405,136300.0,181105.0,132.87
,2021-04-01,2021,202104,на Ломоносова,Nuke,NK ais-5028,53,608016,249100.0,358916.0,144.09
,2021-05-01,2021,202105,на Ломоносова,Nuke,NK ais-5028,68,806480,319600.0,486880.0,152.34
,2021-06-01,2021,202106,на Ломоносова,Nuke,NK ais-5028,64,753280,300800.0,452480.0,150.43
,2021-07-01,2021,202107,на Ломоносова,Nuke,NK ais-5028,68,664224,319600.0,344624.0,107.83
,2021-08-01,2021,202108,на Ломоносова,Nuke,NK ais-5028,57,631959,267900.0,364059.0,135.89
,2021-09-01,2021,202109,на Ломоносова,Nuke,NK ais-5028,60,622560,282000.0,340560.0,120.77
,2021-10-01,2021,202110,на Ломоносова,Nuke,NK ais-5028,50,558650,235000.0,323650.0,137.72
,2021-11-01,2021,202111,на Ломоносова,Nuke,NK ais-5028,36,405864,169200.0,236664.0,139.87
,2021-12-01,2021,202112,на Ломоносова,Nuke,NK ais-5028,43,470936,202100.0,268836.0,133.02
,2022-01-01,2022,202201,на Ломоносова,Nuke,NK ais-5028,63,676242,296100.0,380142.0,128.38
,2022-02-01,2022,202202,на Ломоносова,Nuke,NK ais-5028,39,461019,183300.0,277719.0,151.51
,2022-03-01,2022,202203,на Ломоносова,Nuke,NK ais-5028,32,353888,150400.0,203488.0,135.3
,2022-04-01,2022,202204,на Ломоносова,Nuke,NK ais-5028,59,669237,277300.0,391937.0,141.34
,2022-05-01,2022,202205,на Ломоносова,Nuke,NK ais-5028,74,852184,347800.0,504384.0,145.02
,2022-06-01,2022,202206,на Ломоносова,Nuke,NK ais-5028,70,822710,329000.0,493710.0,150.06
,2022-07-01,2022,202207,на Ломоносова,Nuke,NK ais-5028,74,699374,347800.0,351574.0,101.09
,2022-08-01,2022,202208,на Ломоносова,Nuke,NK ais-5028,63,717129,296100.0,421029.0,142.19
,2022-09-01,2022,202209,на Ломоносова,Nuke,NK ais-5028,66,734316,310200.0,424116.0,136.72
,2022-10-01,2022,202210,на Ломоносова,Nuke,NK ais-5028,55,626890,258500.0,368390.0,142.51
,2022-11-01,2022,202211,на Ломоносова,Nuke,NK ais-5028,39,430716,183300.0,247416.0,134.98
,2022-12-01,2022,202212,на Ломоносова,Nuke,NK ais-5028,47,493218,220900.0,272318.0,123.28
,2021-01-01,2021,202101,на Ломоносова,Nuke,NK ice-4908,60,626340,322140.0,304200.0,94.43
,2021-02-01,2021,202102,на Ломоносова,Nuke,NK ice-4908,38,397708,204022.0,193686.0,94.93
,2021-03-01,2021,202103,на Ломоносова,Nuke,NK ice-4908,30,294930,161070.0,133860.0,83.11
,2021-04-01,2021,202104,на Ломоносова,Nuke,NK ice-4908,56,589008,300664.0,288344.0,95.9
,2021-05-01,2021,202105,на Ломоносова,Nuke,NK ice-4908,71,768788,381199.0,387589.0,101.68
,2021-06-01,2021,202106,на Ломоносова,Nuke,NK ice-4908,67,713416,359723.0,353693.0,98.32
,2021-07-01,2021,202107,на Ломоносова,Nuke,NK ice-4908,71,639000,381199.0,257801.0,67.63
,2021-08-01,2021,202108,на Ломоносова,Nuke,NK ice-4908,60,579360,322140.0,257220.0,79.85
,2021-09-01,2021,202109,на Ломоносова,Nuke,NK ice-4908,64,628672,343616.0,285056.0,82.96
,2021-10-01,2021,202110,на Ломоносова,Nuke,NK ice-4908,53,548868,284557.0,264311.0,92.89
,2021-11-01,2021,202111,на Ломоносова,Nuke,NK ice-4908,38,399912,204022.0,195890.0,96.01
,2021-12-01,2021,202112,на Ломоносова,Nuke,NK ice-4908,45,445545,241605.0,203940.0,84.41
,2022-01-01,2022,202201,на Ломоносова,Nuke,NK ice-4908,66,675444,354354.0,321090.0,90.61
,2022-02-01,2022,202202,на Ломоносова,Nuke,NK ice-4908,41,428696,220129.0,208567.0,94.75
,2022-03-01,2022,202203,на Ломоносова,Nuke,NK ice-4908,33,317460,177177.0,140283.0,79.18
,2022-04-01,2022,202204,на Ломоносова,Nuke,NK ice-4908,62,671088,332878.0,338210.0,101.6
,2022-05-01,2022,202205,на Ломоносова,Nuke,NK ice-4908,78,826722,418782.0,407940.0,97.41
,2022-06-01,2022,202206,на Ломоносова,Nuke,NK ice-4908,74,767158,397306.0,369852.0,93.09
,2022-07-01,2022,202207,на Ломоносова,Nuke,NK ice-4908,78,657228,418782.0,238446.0,56.94
,2022-08-01,2022,202208,на Ломоносова,Nuke,NK ice-4908,66,662442,354354.0,308088.0,86.94
,2022-09-01,2022,202209,на Ломоносова,Nuke,NK ice-4908,70,682920,375830.0,307090.0,81.71
,2022-10-01,2022,202210,на Ломоносова,Nuke,NK ice-4908,58,592238,311402.0,280836.0,90.18
,2022-11-01,2022,202211,на Ломоносова,Nuke,NK ice-4908,41,411763,220129.0,191634.0,87.06
,2022-12-01,2022,202212,на Ломоносова,Nuke,NK ice-4908,50,499100,268450.0,230650.0,85.92
,2021-01-01,2021,202101,на Ломоносова,Nuke,NK ai-2826,43,512775,236500.0,276275.0,116.82
,2021-02-01,2021,202102,на Ломоносова,Nuke,NK ai-2826,27,337824,148500.0,189324.0,127.49
,2021-03-01,2021,202103,на Ломоносова,Nuke,NK ai-2826,22,263076,121000.0,142076.0,117.42
,2021-04-01,2021,202104,на Ломоносова,Nuke,NK ai-2826,40,510680,220000.0,290680.0,132.13
,2021-05-01,2021,202105,на Ломоносова,Nuke,NK ai-2826,51,649332,280500.0,368832.0,131.49
,2021-06-01,2021,202106,на Ломоносова,Nuke,NK ai-2826,48,594144,264000.0,330144.0,125.05
,2021-07-01,2021,202107,на Ломоносова,Nuke,NK ai-2826,51,524637,280500.0,244137.0,87.04
,2021-08-01,2021,202108,на Ломоносова,Nuke,NK ai-2826,43,508217,236500.0,271717.0,114.89
,2021-09-01,2021,202109,на Ломоносова,Nuke,NK ai-2826,45,546480,247500.0,298980.0,120.8
,2021-10-01,2021,202110,на Ломоносова,Nuke,NK ai-2826,38,459990,209000.0,250990.0,120.09
,2021-11-01,2021,202111,на Ломоносова,Nuke,NK ai-2826,27,321705,148500.0,173205.0,116.64
,2021-12-01,2021,202112,на Ломоносова,Nuke,NK ai-2826,32,393248,176000.0,217248.0,123.44
,2022-01-01,2022,202201,на Ломоносова,Nuke,NK ai-2826,47,605548,258500.0,347048.0,134.25
,2022-02-01,2022,202202,на Ломоносова,Nuke,NK ai-2826,30,373950,165000.0,208950.0,126.64
,2022-03-01,2022,202203,на Ломоносова,Nuke,NK ai-2826,24,272352,132000.0,140352.0,106.33
,2022-04-01,2022,202204,на Ломоносова,Nuke,NK ai-2826,44,576048,242000.0,334048.0,138.04
,2022-05-01,2022,202205,на Ломоносова,Nuke,NK ai-2826,56,714840,308000.0,406840.0,132.09
,2022-06-01,2022,202206,на Ломоносова,Nuke,NK ai-2826,53,619888,291500.0,328388.0,112.65
,2022-07-01,2022,202207,на Ломоносова,Nuke,NK ai-2826,56,608664,308000.0,300664.0,97.62
,2022-08-01,2022,202208,на Ломоносова,Nuke,NK ai-2826,47,528374,258500.0,269874.0,104.4
,2022-09-01,2022,202209,на Ломоносова,Nuke,NK ai-2826,50,592900,275000.0,317900.0,115.6
,2022-10-01,2022,202210,на Ломоносова,Nuke,NK ai-2826,41,497494,225500.0,271994.0,120.62
,2022-11-01,2022,202211,на Ломоносова,Nuke,NK ai-2826,30,367230,165000.0,202230.0,122.56
,2022-12-01,2022,202212,на Ломоносова,Nuke,NK ai-2826,35,400925,192500.0,208425.0,108.27
,2021-01-01,2021,202101,на Ломоносова,Rubok,RB air-7636,13,51831,19656.0,32175.0,163.69
,2021-02-01,2021,202102,на Ломоносова,Rubok,RB air-7636,9,37890,13608.0,24282.0,178.44
,2021-03-01,2021,202103,на Ломоносова,Rubok,RB air-7636,7,24234,10584.0,13650.0,128.97
,2021-04-01,2021,202104,на Ломоносова,Rubok,RB air-7636,13,60762,19656.0,41106.0,209.13
,2021-05-01,2021,202105,на Ломоносова,Rubok,RB air-7636,16,77472,24192.0,53280.0,220.24
,2021-06-01,2021,202106,на Ломоносова,Rubok,RB air-7636,15,69600,22680.0,46920.0,206.88
,2021-07-01,2021,202107,на Ломоносова,Rubok,RB air-7636,16,36048,24192.0,11856.0,49.01
,2021-08-01,2021,202108,на Ломоносова,Rubok,RB air-7636,13,47593,19656.0,27937.0,142.13
,2021-09-01,2021,202109,на Ломоносова,Rubok,RB air-7636,14,42700,21168.0,21532.0,101.72
,2021-10-01,2021,202110,на Ломоносова,Rubok,RB air-7636,12,54000,18144.0,35856.0,197.62
,2021-11-01,2021,202111,на Ломоносова,Rubok,RB air-7636,9,37683,13608.0,24075.0,176.92
,2021-12-01,2021,202112,на Ломоносова,Rubok,RB air-7636,10,36190,15120.0,21070.0,139.35
,2022-01-01,2022,202201,на Ломоносова,Rubok,RB air-7636,15,65970,22680.0,43290.0,190.87
,2022-02-01,2022,202202,на Ломоносова,Rubok,RB air-7636,9,39843,13608.0,26235.0,192.79
,2022-03-01,2022,202203,на Ломоносова,Rubok,RB air-7636,8,27272,12096.0,15176.0,125.46
,2022-04-01,2022,202204,на Ломоносова,Rubok,RB air-7636,14,64288,21168.0,43120.0,203.7
,2022-05-01,2022,202205,на Ломоносова,Rubok,RB air-7636,17,75803,25704.0,50099.0,194.91
,2022-06-01,2022,202206,на Ломоносова,Rubok,RB air-7636,17,60486,25704.0,34782.0,135.32
,2022-07-01,2022,202207,на Ломоносова,Rubok,RB air-7636,17,40630,25704.0,14926.0,58.07
,2022-08-01,2022,202208,на Ломоносова,Rubok,RB air-7636,15,54420,22680.0,31740.0,139.95
,2022-09-01,2022,202209,на Ломоносова,Rubok,RB air-7636,16,50736,24192.0,26544.0,109.72
,2022-10-01,2022,202210,на Ломоносова,Rubok,RB air-7636,13,53924,19656.0,34268.0,174.34
,2022-11-01,2022,202211,на Ломоносова,Rubok,RB air-7636,9,39375,13608.0,25767.0,189.35
,2022-12-01,2022,202212,на Ломоносова,Rubok,RB air-7636,11,40953,16632.0,24321.0,146.23
,2021-01-01,2021,202101,на Ломоносова,Rubok,RB grou-5163,16,46464,12512.0,33952.0,271.36
,2021-02-01,2021,202102,на Ломоносова,Rubok,RB grou-5163,10,28510,7820.0,20690.0,264.58
,2021-03-01,2021,202103,на Ломоносова,Rubok,RB grou-5163,8,15256,6256.0,9000.0,143.86
,2021-04-01,2021,202104,на Ломоносова,Rubok,RB grou-5163,15,44160,11730.0,32430.0,276.47
,2021-05-01,2021,202105,на Ломоносова,Rubok,RB grou-5163,19,58007,14858.0,43149.0,290.41
,2021-06-01,2021,202106,на Ломоносова,Rubok,RB grou-5163,18,44856,14076.0,30780.0,218.67
,2021-07-01,2021,202107,на Ломоносова,Rubok,RB grou-5163,19,27588,14858.0,12730.0,85.68
,2021-08-01,2021,202108,на Ломоносова,Rubok,RB grou-5163,16,43856,12512.0,31344.0,250.51
,2021-09-01,2021,202109,на Ломоносова,Rubok,RB grou-5163,17,47617,13294.0,34323.0,258.18
,2021-10-01,2021,202110,на Ломоносова,Rubok,RB grou-5163,14,40460,10948.0,29512.0,269.57
,2021-11-01,2021,202111,на Ломоносова,Rubok,RB grou-5163,10,22320,7820.0,14500.0,185.42
,2021-12-01,2021,202112,на Ломоносова,Rubok,RB grou-5163,12,30756,9384.0,21372.0,227.75
,2022-01-01,2022,202201,на Ломоносова,Rubok,RB grou-5163,18,45180,14076.0,31104.0,220.97
,2022-02-01,2022,202202,на Ломоносова,Rubok,RB grou-5163,11,37609,8602.0,29007.0,337.21
,2022-03-01,2022,202203,на Ломоносова,Rubok,RB grou-5163,9,25110,7038.0,18072.0,256.78
,2022-04-01,2022,202204,на Ломоносова,Rubok,RB grou-5163,17,50779,13294.0,37485.0,281.97
,2022-05-01,2022,202205,на Ломоносова,Rubok,RB grou-5163,21,82383,16422.0,65961.0,401.66
,2022-06-01,2022,202206,на Ломоносова,Rubok,RB grou-5163,20,50500,15640.0,34860.0,222.89
,2022-07-01,2022,202207,на Ломоносова,Rubok,RB grou-5163,21,30093,16422.0,13671.0,83.25
,2022-08-01,2022,202208,на Ломоносова,Rubok,RB grou-5163,18,42912,14076.0,28836.0,204.86
,2022-09-01,2022,202209,на Ломоносова,Rubok,RB grou-5163,19,52649,14858.0,37791.0,254.35
,2022-10-01,2022,202210,на Ломоносова,Rubok,RB grou-5163,16,45456,12512.0,32944.0,263.3
,2022-11-01,2022,202211,на Ломоносова,Rubok,RB grou-5163,11,35970,8602.0,27368.0,318.16
,2022-12-01,2022,202212,на Ломоносова,Rubok,RB grou-5163,14,29274,10948.0,18326.0,167.39
,2021-01-01,2021,202101,на Ломоносова,Rubok,RB gre-1678,15,78465,26250.0,52215.0,198.91
,2021-02-01,2021,202102,на Ломоносова,Rubok,RB gre-1678,9,49284,15750.0,33534.0,212.91
,2021-03-01,2021,202103,на Ломоносова,Rubok,RB gre-1678,8,31664,14000.0,17664.0,126.17
,2021-04-01,2021,202104,на Ломоносова,Rubok,RB gre-1678,14,78498,24500.0,53998.0,220.4
,2021-05-01,2021,202105,на Ломоносова,Rubok,RB gre-1678,18,93780,31500.0,62280.0,197.71
,2021-06-01,2021,202106,на Ломоносова,Rubok,RB gre-1678,17,81141,29750.0,51391.0,172.74
,2021-07-01,2021,202107,на Ломоносова,Rubok,RB gre-1678,18,57456,31500.0,25956.0,82.4
,2021-08-01,2021,202108,на Ломоносова,Rubok,RB gre-1678,15,68250,26250.0,42000.0,160.0
,2021-09-01,2021,202109,на Ломоносова,Rubok,RB gre-1678,16,69456,28000.0,41456.0,148.06
,2021-10-01,2021,202110,на Ломоносова,Rubok,RB gre-1678,13,64259,22750.0,41509.0,182.46
,2021-11-01,2021,202111,на Ломоносова,Rubok,RB gre-1678,9,43137,15750.0,27387.0,173.89
,2021-12-01,2021,202112,на Ломоносова,Rubok,RB gre-1678,11,49115,19250.0,29865.0,155.14
,2022-01-01,2022,202201,на Ломоносова,Rubok,RB gre-1678,16,75264,28000.0,47264.0,168.8
,2022-02-01,2022,202202,на Ломоносова,Rubok,RB gre-1678,10,56250,17500.0,38750.0,221.43
,2022-03-01,2022,202203,на Ломоносова,Rubok,RB gre-1678,8,30224,14000.0,16224.0,115.89
,2022-04-01,2022,202204,на Ломоносова,Rubok,RB gre-1678,15,76305,26250.0,50055.0,190.69
,2022-05-01,2022,202205,на Ломоносова,Rubok,RB gre-1678,19,107635,33250.0,74385.0,223.71
,2022-06-01,2022,202206,на Ломоносова,Rubok,RB gre-1678,18,84132,31500.0,52632.0,167.09
,2022-07-01,2022,202207,на Ломоносова,Rubok,RB gre-1678,19,70870,33250.0,37620.0,113.14
,2022-08-01,2022,202208,на Ломоносова,Rubok,RB gre-1678,16,73536,28000.0,45536.0,162.63
,2022-09-01,2022,202209,на Ломоносова,Rubok,RB gre-1678,17,78574,29750.0,48824.0,164.11
,2022-10-01,2022,202210,на Ломоносова,Rubok,RB gre-1678,14,61572,24500.0,37072.0,151.31
,2022-11-01,2022,202211,на Ломоносова,Rubok,RB gre-1678,10,42570,17500.0,25070.0,143.26
,2022-12-01,2022,202212,на Ломоносова,Rubok,RB gre-1678,12,53820,21000.0,32820.0,156.29
,2021-01-01,2021,202101,на Ломоносова,Rubok,RB earth-5369,13,68445,32760.0,35685.0,108.93
,2021-02-01,2021,202102,на Ломоносова,Rubok,RB earth-5369,9,50967,22680.0,28287.0,124.72
,2021-03-01,2021,202103,на Ломоносова,Rubok,RB earth-5369,7,30086,17640.0,12446.0,70.56
,2021-04-01,2021,202104,на Ломоносова,Rubok,RB earth-5369,13,73580,32760.0,40820.0,124.6
,2021-05-01,2021,202105,на Ломоносова,Rubok,RB earth-5369,16,94784,40320.0,54464.0,135.08
,2021-06-01,2021,202106,на Ломоносова,Rubok,RB earth-5369,15,91260,37800.0,53460.0,141.43
,2021-07-01,2021,202107,на Ломоносова,Rubok,RB earth-5369,16,62384,40320.0,22064.0,54.72
,2021-08-01,2021,202108,на Ломоносова,Rubok,RB earth-5369,13,70746,32760.0,37986.0,115.95
,2021-09-01,2021,202109,на Ломоносова,Rubok,RB earth-5369,14,74928,35280.0,39648.0,112.38
,2021-10-01,2021,202110,на Ломоносова,Rubok,RB earth-5369,12,60300,30240.0,30060.0,99.4
,2021-11-01,2021,202111,на Ломоносова,Rubok,RB earth-5369,9,47925,22680.0,25245.0,111.31
,2021-12-01,2021,202112,на Ломоносова,Rubok,RB earth-5369,10,45410,25200.0,20210.0,80.2
,2022-01-01,2022,202201,на Ломоносова,Rubok,RB earth-5369,15,76815,37800.0,39015.0,103.21
,2022-02-01,2022,202202,на Ломоносова,Rubok,RB earth-5369,9,51894,22680.0,29214.0,128.81
,2022-03-01,2022,202203,на Ломоносова,Rubok,RB earth-5369,8,37800,20160.0,17640.0,87.5
,2022-04-01,2022,202204,на Ломоносова,Rubok,RB earth-5369,14,81816,35280.0,46536.0,131.9
,2022-05-01,2022,202205,на Ломоносова,Rubok,RB earth-5369,17,113407,42840.0,70567.0,164.72
,2022-06-01,2022,202206,на Ломоносова,Rubok,RB earth-5369,17,88145,42840.0,45305.0,105.75
,2022-07-01,2022,202207,на Ломоносова,Rubok,RB earth-5369,17,67711,42840.0,24871.0,58.06
,2022-08-01,2022,202208,на Ломоносова,Rubok,RB earth-5369,15,74730,37800.0,36930.0,97.7
,2022-09-01,2022,202209,на Ломоносова,Rubok,RB earth-5369,16,77152,40320.0,36832.0,91.35
,2022-10-01,2022,202210,на Ломоносова,Rubok,RB earth-5369,13,73697,32760.0,40937.0,124.96
,2022-11-01,2022,202211,на Ломоносова,Rubok,RB earth-5369,9,47997,22680.0,25317.0,111.63
,2022-12-01,2022,202212,на Ломоносова,Rubok,RB earth-5369,11,56364,27720.0,28644.0,103.33
,2021-01-01,2021,202101,на Ломоносова,Rubok,RB ais-8935,17,50201,15708.0,34493.0,219.59
,2021-02-01,2021,202102,на Ломоносова,Rubok,RB ais-8935,11,45694,10164.0,35530.0,349.57
,2021-03-01,2021,202103,на Ломоносова,Rubok,RB ais-8935,9,27081,8316.0,18765.0,225.65
,2021-04-01,2021,202104,на Ломоносова,Rubok,RB ais-8935,16,55888,14784.0,41104.0,278.03
,2021-05-01,2021,202105,на Ломоносова,Rubok,RB ais-8935,20,76440,18480.0,57960.0,313.64
,2021-06-01,2021,202106,на Ломоносова,Rubok,RB ais-8935,19,70642,17556.0,53086.0,302.38
,2021-07-01,2021,202107,на Ломоносова,Rubok,RB ais-8935,20,41040,18480.0,22560.0,122.08
,2021-08-01,2021,202108,на Ломоносова,Rubok,RB ais-8935,17,45594,15708.0,29886.0,190.26
,2021-09-01,2021,202109,на Ломоносова,Rubok,RB ais-8935,18,56988,16632.0,40356.0,242.64
,2021-10-01,2021,202110,на Ломоносова,Rubok,RB ais-8935,15,63885,13860.0,50025.0,360.93
,2021-11-01,2021,202111,на Ломоносова,Rubok,RB ais-8935,11,37411,10164.0,27247.0,268.07
,2021-12-01,2021,202112,на Ломоносова,Rubok,RB ais-8935,13,36829,12012.0,24817.0,206.6
,2022-01-01,2022,202201,на Ломоносова,Rubok,RB ais-8935,19,71668,17556.0,54112.0,308.23
,2022-02-01,2022,202202,на Ломоносова,Rubok,RB ais-8935,12,46560,11088.0,35472.0,319.91
,2022-03-01,2022,202203,на Ломоносова,Rubok,RB ais-8935,10,26280,9240.0,17040.0,184.42
,2022-04-01,2022,202204,на Ломоносова,Rubok,RB ais-8935,18,75726,16632.0,59094.0,355.3
,2022-05-01,2022,202205,на Ломоносова,Rubok,RB ais-8935,22,96580,20328.0,76252.0,375.11
,2022-06-01,2022,202206,на Ломоносова,Rubok,RB ais-8935,21,82131,19404.0,62727.0,323.27
,2022-07-01,2022,202207,на Ломоносова,Rubok,RB ais-8935,22,43120,20328.0,22792.0,112.12
,2022-08-01,2022,202208,на Ломоносова,Rubok,RB ais-8935,19,45182,17556.0,27626.0,157.36
,2022-09-01,2022,202209,на Ломоносова,Rubok,RB ais-8935,20,55880,18480.0,37400.0,202.38
,2022-10-01,2022,202210,на Ломоносова,Rubok,RB ais-8935,16,52144,14784.0,37360.0,252.71
,2022-11-01,2022,202211,на Ломоносова,Rubok,RB ais-8935,12,38460,11088.0,27372.0,246.86
,2022-12-01,2022,202212,на Ломоносова,Rubok,RB ais-8935,14,38850,12936.0,25914.0,200.32
,2021-01-01,2021,202101,на Ломоносова,Rubok,RB ice-6256,14,48132,15288.0,32844.0,214.84
,2021-02-01,2021,202102,на Ломоносова,Rubok,RB ice-6256,9,38475,9828.0,28647.0,291.48
,2021-03-01,2021,202103,на Ломоносова,Rubok,RB ice-6256,7,23471,7644.0,15827.0,207.05
,2021-04-01,2021,202104,на Ломоносова,Rubok,RB ice-6256,13,53053,14196.0,38857.0,273.72
,2021-05-01,2021,202105,на Ломоносова,Rubok,RB ice-6256,16,72528,17472.0,55056.0,315.11
,2021-06-01,2021,202106,на Ломоносова,Rubok,RB ice-6256,15,57570,16380.0,41190.0,251.47
,2021-07-01,2021,202107,на Ломоносова,Rubok,RB ice-6256,16,34880,17472.0,17408.0,99.63
,2021-08-01,2021,202108,на Ломоносова,Rubok,RB ice-6256,14,52010,15288.0,36722.0,240.2
,2021-09-01,2021,202109,на Ломоносова,Rubok,RB ice-6256,15,59040,16380.0,42660.0,260.44
,2021-10-01,2021,202110,на Ломоносова,Rubok,RB ice-6256,12,46980,13104.0,33876.0,258.52
,2021-11-01,2021,202111,на Ломоносова,Rubok,RB ice-6256,9,30060,9828.0,20232.0,205.86
,2021-12-01,2021,202112,на Ломоносова,Rubok,RB ice-6256,10,30890,10920.0,19970.0,182.88
,2022-01-01,2022,202201,на Ломоносова,Rubok,RB ice-6256,15,47415,16380.0,31035.0,189.47
,2022-02-01,2022,202202,на Ломоносова,Rubok,RB ice-6256,10,38800,10920.0,27880.0,255.31
,2022-03-01,2022,202203,на Ломоносова,Rubok,RB ice-6256,8,29992,8736.0,21256.0,243.32
,2022-04-01,2022,202204,на Ломоносова,Rubok,RB ice-6256,14,65352,15288.0,50064.0,327.47
,2022-05-01,2022,202205,на Ломоносова,Rubok,RB ice-6256,18,77436,19656.0,57780.0,293.96
,2022-06-01,2022,202206,на Ломоносова,Rubok,RB ice-6256,17,64005,18564.0,45441.0,244.78
,2022-07-01,2022,202207,на Ломоносова,Rubok,RB ice-6256,18,43884,19656.0,24228.0,123.26
,2022-08-01,2022,202208,на Ломоносова,Rubok,RB ice-6256,15,53730,16380.0,37350.0,228.02
,2022-09-01,2022,202209,на Ломоносова,Rubok,RB ice-6256,16,44960,17472.0,27488.0,157.33
,2022-10-01,2022,202210,на Ломоносова,Rubok,RB ice-6256,13,55146,14196.0,40950.0,288.46
,2022-11-01,2022,202211,на Ломоносова,Rubok,RB ice-6256,10,43190,10920.0,32270.0,295.51
,2022-12-01,2022,202212,на Ломоносова,Rubok,RB ice-6256,11,36322,12012.0,24310.0,202.38
,2021-01-01,2021,202101,на Ломоносова,Rubok,RB ai-9349,17,62781,14858.0,47923.0,322.54
,2021-02-01,2021,202102,на Ломоносова,Rubok,RB ai-9349,11,39314,9614.0,29700.0,308.92
,2021-03-01,2021,202103,на Ломоносова,Rubok,RB ai-9349,9,25686,7866.0,17820.0,226.54
,2021-04-01,2021,202104,на Ломоносова,Rubok,RB ai-9349,16,59280,13984.0,45296.0,323.91
,2021-05-01,2021,202105,на Ломоносова,Rubok,RB ai-9349,21,90993,18354.0,72639.0,395.77
,2021-06-01,2021,202106,на Ломоносова,Rubok,RB ai-9349,20,69180,17480.0,51700.0,295.77
,2021-07-01,2021,202107,на Ломоносова,Rubok,RB ai-9349,21,43344,18354.0,24990.0,136.16
,2021-08-01,2021,202108,на Ломоносова,Rubok,RB ai-9349,17,39950,14858.0,25092.0,168.88
,2021-09-01,2021,202109,на Ломоносова,Rubok,RB ai-9349,19,64220,16606.0,47614.0,286.73
,2021-10-01,2021,202110,на Ломоносова,Rubok,RB ai-9349,15,54540,13110.0,41430.0,316.02
,2021-11-01,2021,202111,на Ломоносова,Rubok,RB ai-9349,11,28347,9614.0,18733.0,194.85
,2021-12-01,2021,202112,на Ломоносова,Rubok,RB ai-9349,13,31317,11362.0,19955.0,175.63
,2022-01-01,2022,202201,на Ломоносова,Rubok,RB ai-9349,19,61598,16606.0,44992.0,270.94
,2022-02-01,2022,202202,на Ломоносова,Rubok,RB ai-9349,12,38700,10488.0,28212.0,268.99
,2022-03-01,2022,202203,на Ломоносова,Rubok,RB ai-9349,10,25860,8740.0,17120.0,195.88
,2022-04-01,2022,202204,на Ломоносова,Rubok,RB ai-9349,18,66978,15732.0,51246.0,325.74
,2022-05-01,2022,202205,на Ломоносова,Rubok,RB ai-9349,23,76222,20102.0,56120.0,279.18
,2022-06-01,2022,202206,на Ломоносова,Rubok,RB ai-9349,22,73370,19228.0,54142.0,281.58
,2022-07-01,2022,202207,на Ломоносова,Rubok,RB ai-9349,23,28865,20102.0,8763.0,43.59
,2022-08-01,2022,202208,на Ломоносова,Rubok,RB ai-9349,19,49970,16606.0,33364.0,200.92
,2022-09-01,2022,202209,на Ломоносова,Rubok,RB ai-9349,20,53060,17480.0,35580.0,203.55
,2022-10-01,2022,202210,на Ломоносова,Rubok,RB ai-9349,17,65178,14858.0,50320.0,338.67
,2022-11-01,2022,202211,на Ломоносова,Rubok,RB ai-9349,12,33060,10488.0,22572.0,215.22
,2022-12-01,2022,202212,на Ломоносова,Rubok,RB ai-9349,15,42285,13110.0,29175.0,222.54
,2021-01-01,2021,202101,на Гагарина,Galosha,KA air-9558,38,424650,228000.0,196650.0,86.25
,2021-02-01,2021,202102,на Гагарина,Galosha,KA air-9558,24,269040,144000.0,125040.0,86.83
,2021-03-01,2021,202103,на Гагарина,Galosha,KA air-9558,19,205618,114000.0,91618.0,80.37
,2021-04-01,2021,202104,на Гагарина,Galosha,KA air-9558,36,429804,216000.0,213804.0,98.98
,2021-05-01,2021,202105,на Гагарина,Galosha,KA air-9558,45,529065,270000.0,259065.0,95.95
,2021-06-01,2021,202106,на Гагарина,Galosha,KA air-9558,43,493898,258000.0,235898.0,91.43
,2021-07-01,2021,202107,на Гагарина,Galosha,KA air-9558,45,456570,270000.0,186570.0,69.1
,2021-08-01,2021,202108,на Гагарина,Galosha,KA air-9558,38,413212,228000.0,185212.0,81.23
,2021-09-01,2021,202109,на Гагарина,Galosha,KA air-9558,41,438495,246000.0,192495.0,78.25
,2021-10-01,2021,202110,на Гагарина,Galosha,KA air-9558,34,404328,204000.0,200328.0,98.2
,2021-11-01,2021,202111,на Гагарина,Galosha,KA air-9558,24,273120,144000.0,129120.0,89.67
,2021-12-01,2021,202112,на Гагарина,Galosha,KA air-9558,29,313664,174000.0,139664.0,80.27
,2022-01-01,2022,202201,на Гагарина,Galosha,KA air-9558,42,462420,252000.0,210420.0,83.5
,2022-02-01,2022,202202,на Гагарина,Galosha,KA air-9558,26,300170,156000.0,144170.0,92.42
,2022-03-01,2022,202203,на Гагарина,Galosha,KA air-9558,21,232344,126000.0,106344.0,84.4
,2022-04-01,2022,202204,на Гагарина,Galosha,KA air-9558,39,455013,234000.0,221013.0,94.45
,2022-05-01,2022,202205,на Гагарина,Galosha,KA air-9558,50,597550,300000.0,297550.0,99.18
,2022-06-01,2022,202206,на Гагарина,Galosha,KA air-9558,47,552955,282000.0,270955.0,96.08
,2022-07-01,2022,202207,на Гагарина,Galosha,KA air-9558,50,488500,300000.0,188500.0,62.83
,2022-08-01,2022,202208,на Гагарина,Galosha,KA air-9558,42,470106,252000.0,218106.0,86.55
,2022-09-01,2022,202209,на Гагарина,Galosha,KA air-9558,45,506250,270000.0,236250.0,87.5
,2022-10-01,2022,202210,на Гагарина,Galosha,KA air-9558,37,430051,222000.0,208051.0,93.72
,2022-11-01,2022,202211,на Гагарина,Galosha,KA air-9558,26,283322,156000.0,127322.0,81.62
,2022-12-01,2022,202212,на Гагарина,Galosha,KA air-9558,32,344736,192000.0,152736.0,79.55
,2021-01-01,2021,202101,на Гагарина,Galosha,KA grou-7567,35,469000,247800.0,221200.0,89.27
,2021-02-01,2021,202102,на Гагарина,Galosha,KA grou-7567,22,296912,155760.0,141152.0,90.62
,2021-03-01,2021,202103,на Гагарина,Galosha,KA grou-7567,18,235260,127440.0,107820.0,84.6
,2021-04-01,2021,202104,на Гагарина,Galosha,KA grou-7567,33,442497,233640.0,208857.0,89.39
,2021-05-01,2021,202105,на Гагарина,Galosha,KA grou-7567,42,588924,297360.0,291564.0,98.05
,2021-06-01,2021,202106,на Гагарина,Galosha,KA grou-7567,39,523887,276120.0,247767.0,89.73
,2021-07-01,2021,202107,на Гагарина,Galosha,KA grou-7567,42,507066,297360.0,209706.0,70.52
,2021-08-01,2021,202108,на Гагарина,Galosha,KA grou-7567,35,468755,247800.0,220955.0,89.17
,2021-09-01,2021,202109,на Гагарина,Galosha,KA grou-7567,37,489510,261960.0,227550.0,86.86
,2021-10-01,2021,202110,на Гагарина,Galosha,KA grou-7567,31,430156,219480.0,210676.0,95.99
,2021-11-01,2021,202111,на Гагарина,Galosha,KA grou-7567,22,282172,155760.0,126412.0,81.16
,2021-12-01,2021,202112,на Гагарина,Galosha,KA grou-7567,26,326534,184080.0,142454.0,77.39
,2022-01-01,2022,202201,на Гагарина,Galosha,KA grou-7567,39,520767,276120.0,244647.0,88.6
,2022-02-01,2022,202202,на Гагарина,Galosha,KA grou-7567,24,330864,169920.0,160944.0,94.72
,2022-03-01,2022,202203,на Гагарина,Galosha,KA grou-7567,20,252640,141600.0,111040.0,78.42
,2022-04-01,2022,202204,на Гагарина,Galosha,KA grou-7567,36,504108,254880.0,249228.0,97.78
,2022-05-01,2022,202205,на Гагарина,Galosha,KA grou-7567,46,658536,325680.0,332856.0,102.2
,2022-06-01,2022,202206,на Гагарина,Galosha,KA grou-7567,43,583553,304440.0,279113.0,91.68
,2022-07-01,2022,202207,на Гагарина,Galosha,KA grou-7567,46,542432,325680.0,216752.0,66.55
,2022-08-01,2022,202208,на Гагарина,Galosha,KA grou-7567,39,487227,276120.0,211107.0,76.45
,2022-09-01,2022,202209,на Гагарина,Galosha,KA grou-7567,41,498273,290280.0,207993.0,71.65
,2022-10-01,2022,202210,на Гагарина,Galosha,KA grou-7567,34,470628,240720.0,229908.0,95.51
,2022-11-01,2022,202211,на Гагарина,Galosha,KA grou-7567,24,308064,169920.0,138144.0,81.3
,2022-12-01,2022,202212,на Гагарина,Galosha,KA grou-7567,29,355192,205320.0,149872.0,72.99
,2021-01-01,2021,202101,на Гагарина,Galosha,KA gre-2749,35,917630,367500.0,550130.0,149.7
,2021-02-01,2021,202102,на Гагарина,Galosha,KA gre-2749,22,577434,231000.0,346434.0,149.97
,2021-03-01,2021,202103,на Гагарина,Galosha,KA gre-2749,18,463140,189000.0,274140.0,145.05
,2021-04-01,2021,202104,на Гагарина,Galosha,KA gre-2749,33,863412,346500.0,516912.0,149.18
,2021-05-01,2021,202105,на Гагарина,Galosha,KA gre-2749,42,1123458,441000.0,682458.0,154.75
,2021-06-01,2021,202106,на Гагарина,Galosha,KA gre-2749,39,1037790,409500.0,628290.0,153.43
,2021-07-01,2021,202107,на Гагарина,Galosha,KA gre-2749,42,1015182,441000.0,574182.0,130.2
,2021-08-01,2021,202108,на Гагарина,Galosha,KA gre-2749,35,884660,367500.0,517160.0,140.72
,2021-09-01,2021,202109,на Гагарина,Galosha,KA gre-2749,37,939208,388500.0,550708.0,141.75
,2021-10-01,2021,202110,на Гагарина,Galosha,KA gre-2749,31,819268,325500.0,493768.0,151.7
,2021-11-01,2021,202111,на Гагарина,Galosha,KA gre-2749,22,585046,231000.0,354046.0,153.27
,2021-12-01,2021,202112,на Гагарина,Galosha,KA gre-2749,26,672048,273000.0,399048.0,146.17
,2022-01-01,2022,202201,на Гагарина,Galosha,KA gre-2749,39,1026012,409500.0,616512.0,150.55
,2022-02-01,2022,202202,на Гагарина,Galosha,KA gre-2749,24,631248,252000.0,379248.0,150.5
,2022-03-01,2022,202203,на Гагарина,Galosha,KA gre-2749,20,503520,210000.0,293520.0,139.77
,2022-04-01,2022,202204,на Гагарина,Galosha,KA gre-2749,36,966708,378000.0,588708.0,155.74
,2022-05-01,2022,202205,на Гагарина,Galosha,KA gre-2749,46,1219046,483000.0,736046.0,152.39
,2022-06-01,2022,202206,на Гагарина,Galosha,KA gre-2749,43,1106304,451500.0,654804.0,145.03
,2022-07-01,2022,202207,на Гагарина,Galosha,KA gre-2749,46,1130358,483000.0,647358.0,134.03
,2022-08-01,2022,202208,на Гагарина,Galosha,KA gre-2749,39,996801,409500.0,587301.0,143.42
,2022-09-01,2022,202209,на Гагарина,Galosha,KA gre-2749,41,1083999,430500.0,653499.0,151.8
,2022-10-01,2022,202210,на Гагарина,Galosha,KA gre-2749,34,887400,357000.0,530400.0,148.57
,2022-11-01,2022,202211,на Гагарина,Galosha,KA gre-2749,24,638160,252000.0,386160.0,153.24
,2022-12-01,2022,202212,на Гагарина,Galosha,KA gre-2749,29,750027,304500.0,445527.0,146.31
,2021-01-01,2021,202101,на Гагарина,Galosha,KA earth-3018,38,703494,284240.0,419254.0,147.5
,2021-02-01,2021,202102,на Гагарина,Galosha,KA earth-3018,24,449136,179520.0,269616.0,150.19
,2021-03-01,2021,202103,на Гагарина,Galosha,KA earth-3018,19,339454,142120.0,197334.0,138.85
,2021-04-01,2021,202104,на Гагарина,Galosha,KA earth-3018,36,665928,269280.0,396648.0,147.3
,2021-05-01,2021,202105,на Гагарина,Galosha,KA earth-3018,45,870570,336600.0,533970.0,158.64
,2021-06-01,2021,202106,на Гагарина,Galosha,KA earth-3018,43,764153,321640.0,442513.0,137.58
,2021-07-01,2021,202107,на Гагарина,Galosha,KA earth-3018,45,758205,336600.0,421605.0,125.25
,2021-08-01,2021,202108,на Гагарина,Galosha,KA earth-3018,38,681416,284240.0,397176.0,139.73
,2021-09-01,2021,202109,на Гагарина,Galosha,KA earth-3018,40,693760,299200.0,394560.0,131.87
,2021-10-01,2021,202110,на Гагарина,Galosha,KA earth-3018,33,598125,246840.0,351285.0,142.31
,2021-11-01,2021,202111,на Гагарина,Galosha,KA earth-3018,24,444552,179520.0,265032.0,147.63
,2021-12-01,2021,202112,на Гагарина,Galosha,KA earth-3018,29,534876,216920.0,317956.0,146.58
,2022-01-01,2022,202201,на Гагарина,Galosha,KA earth-3018,42,774270,314160.0,460110.0,146.46
,2022-02-01,2022,202202,на Гагарина,Galosha,KA earth-3018,26,469040,194480.0,274560.0,141.18
,2022-03-01,2022,202203,на Гагарина,Galosha,KA earth-3018,21,367731,157080.0,210651.0,134.1
,2022-04-01,2022,202204,на Гагарина,Galosha,KA earth-3018,39,743184,291720.0,451464.0,154.76
,2022-05-01,2022,202205,на Гагарина,Galosha,KA earth-3018,49,927129,366520.0,560609.0,152.95
,2022-06-01,2022,202206,на Гагарина,Galosha,KA earth-3018,47,863437,351560.0,511877.0,145.6
,2022-07-01,2022,202207,на Гагарина,Galosha,KA earth-3018,49,817271,366520.0,450751.0,122.98
,2022-08-01,2022,202208,на Гагарина,Galosha,KA earth-3018,42,757134,314160.0,442974.0,141.0
,2022-09-01,2022,202209,на Гагарина,Galosha,KA earth-3018,44,777568,329120.0,448448.0,136.26
,2022-10-01,2022,202210,на Гагарина,Galosha,KA earth-3018,37,703000,276760.0,426240.0,154.01
,2022-11-01,2022,202211,на Гагарина,Galosha,KA earth-3018,26,483314,194480.0,288834.0,148.52
,2022-12-01,2022,202212,на Гагарина,Galosha,KA earth-3018,31,559829,231880.0,327949.0,141.43
,2021-01-01,2021,202101,на Гагарина,Galosha,KA ais-3700,30,944340,504000.0,440340.0,87.37
,2021-02-01,2021,202102,на Гагарина,Galosha,KA ais-3700,19,593674,319200.0,274474.0,85.99
,2021-03-01,2021,202103,на Гагарина,Galosha,KA ais-3700,15,460905,252000.0,208905.0,82.9
,2021-04-01,2021,202104,на Гагарина,Galosha,KA ais-3700,28,904456,470400.0,434056.0,92.27
,2021-05-01,2021,202105,на Гагарина,Galosha,KA ais-3700,35,1113875,588000.0,525875.0,89.43
,2021-06-01,2021,202106,на Гагарина,Galosha,KA ais-3700,33,1041447,554400.0,487047.0,87.85
,2021-07-01,2021,202107,на Гагарина,Galosha,KA ais-3700,35,1027740,588000.0,439740.0,74.79
,2021-08-01,2021,202108,на Гагарина,Galosha,KA ais-3700,30,924810,504000.0,420810.0,83.49
,2021-09-01,2021,202109,на Гагарина,Galosha,KA ais-3700,31,964534,520800.0,443734.0,85.2
,2021-10-01,2021,202110,на Гагарина,Galosha,KA ais-3700,26,815750,436800.0,378950.0,86.76
,2021-11-01,2021,202111,на Гагарина,Galosha,KA ais-3700,19,586682,319200.0,267482.0,83.8
,2021-12-01,2021,202112,на Гагарина,Galosha,KA ais-3700,22,669064,369600.0,299464.0,81.02
,2022-01-01,2022,202201,на Гагарина,Galosha,KA ais-3700,33,1035936,554400.0,481536.0,86.86
,2022-02-01,2022,202202,на Гагарина,Galosha,KA ais-3700,21,651273,352800.0,298473.0,84.6
,2022-03-01,2022,202203,на Гагарина,Galosha,KA ais-3700,17,520200,285600.0,234600.0,82.14
,2022-04-01,2022,202204,на Гагарина,Galosha,KA ais-3700,31,992930,520800.0,472130.0,90.65
,2022-05-01,2022,202205,на Гагарина,Galosha,KA ais-3700,39,1241214,655200.0,586014.0,89.44
,2022-06-01,2022,202206,на Гагарина,Galosha,KA ais-3700,37,1169940,621600.0,548340.0,88.21
,2022-07-01,2022,202207,на Гагарина,Galosha,KA ais-3700,39,1173549,655200.0,518349.0,79.11
,2022-08-01,2022,202208,на Гагарина,Galosha,KA ais-3700,33,1019865,554400.0,465465.0,83.96
,2022-09-01,2022,202209,на Гагарина,Galosha,KA ais-3700,35,1082970,588000.0,494970.0,84.18
,2022-10-01,2022,202210,на Гагарина,Galosha,KA ais-3700,29,904075,487200.0,416875.0,85.57
,2022-11-01,2022,202211,на Гагарина,Galosha,KA ais-3700,21,662109,352800.0,309309.0,87.67
,2022-12-01,2022,202212,на Гагарина,Galosha,KA ais-3700,25,761025,420000.0,341025.0,81.2
,2021-01-01,2021,202101,на Гагарина,Galosha,KA ice-7591,28,446012,172200.0,273812.0,159.01
,2021-02-01,2021,202102,на Гагарина,Galosha,KA ice-7591,18,300510,110700.0,189810.0,171.46
,2021-03-01,2021,202103,на Гагарина,Galosha,KA ice-7591,14,224686,86100.0,138586.0,160.96
,2021-04-01,2021,202104,на Гагарина,Galosha,KA ice-7591,27,444204,166050.0,278154.0,167.51
,2021-05-01,2021,202105,на Гагарина,Galosha,KA ice-7591,34,571166,209100.0,362066.0,173.15
,2021-06-01,2021,202106,на Гагарина,Galosha,KA ice-7591,32,506976,196800.0,310176.0,157.61
,2021-07-01,2021,202107,на Гагарина,Galosha,KA ice-7591,34,494428,209100.0,285328.0,136.46
,2021-08-01,2021,202108,на Гагарина,Galosha,KA ice-7591,28,453068,172200.0,280868.0,163.11
,2021-09-01,2021,202109,на Гагарина,Galosha,KA ice-7591,30,491910,184500.0,307410.0,166.62
,2021-10-01,2021,202110,на Гагарина,Galosha,KA ice-7591,25,419050,153750.0,265300.0,172.55
,2021-11-01,2021,202111,на Гагарина,Galosha,KA ice-7591,18,286632,110700.0,175932.0,158.93
,2021-12-01,2021,202112,на Гагарина,Galosha,KA ice-7591,21,330981,129150.0,201831.0,156.28
,2022-01-01,2022,202201,на Гагарина,Galosha,KA ice-7591,31,497953,190650.0,307303.0,161.19
,2022-02-01,2022,202202,на Гагарина,Galosha,KA ice-7591,20,326440,123000.0,203440.0,165.4
,2022-03-01,2022,202203,на Гагарина,Galosha,KA ice-7591,16,257344,98400.0,158944.0,161.53
,2022-04-01,2022,202204,на Гагарина,Galosha,KA ice-7591,29,491550,178350.0,313200.0,175.61
,2022-05-01,2022,202205,на Гагарина,Galosha,KA ice-7591,37,611758,227550.0,384208.0,168.85
,2022-06-01,2022,202206,на Гагарина,Galosha,KA ice-7591,35,562275,215250.0,347025.0,161.22
,2022-07-01,2022,202207,на Гагарина,Galosha,KA ice-7591,37,550005,227550.0,322455.0,141.71
,2022-08-01,2022,202208,на Гагарина,Galosha,KA ice-7591,31,490420,190650.0,299770.0,157.24
,2022-09-01,2022,202209,на Гагарина,Galosha,KA ice-7591,33,503151,202950.0,300201.0,147.92
,2022-10-01,2022,202210,на Гагарина,Galosha,KA ice-7591,27,447093,166050.0,281043.0,169.25
,2022-11-01,2022,202211,на Гагарина,Galosha,KA ice-7591,20,317480,123000.0,194480.0,158.11
,2022-12-01,2022,202212,на Гагарина,Galosha,KA ice-7591,23,376970,141450.0,235520.0,166.5
,2021-01-01,2021,202101,на Гагарина,Galosha,KA ai-2818,37,461242,162800.0,298442.0,183.32
,2021-02-01,2021,202102,на Гагарина,Galosha,KA ai-2818,23,297597,101200.0,196397.0,194.07
,2021-03-01,2021,202103,на Гагарина,Galosha,KA ai-2818,19,228171,83600.0,144571.0,172.93
,2021-04-01,2021,202104,на Гагарина,Galosha,KA ai-2818,35,428890,154000.0,274890.0,178.5
,2021-05-01,2021,202105,на Гагарина,Galosha,KA ai-2818,44,547580,193600.0,353980.0,182.84
,2021-06-01,2021,202106,на Гагарина,Galosha,KA ai-2818,42,530040,184800.0,345240.0,186.82
,2021-07-01,2021,202107,на Гагарина,Galosha,KA ai-2818,44,473968,193600.0,280368.0,144.82
,2021-08-01,2021,202108,на Гагарина,Galosha,KA ai-2818,37,441447,162800.0,278647.0,171.16
,2021-09-01,2021,202109,на Гагарина,Galosha,KA ai-2818,39,469833,171600.0,298233.0,173.8
,2021-10-01,2021,202110,на Гагарина,Galosha,KA ai-2818,32,383648,140800.0,242848.0,172.48
,2021-11-01,2021,202111,на Гагарина,Galosha,KA ai-2818,23,282164,101200.0,180964.0,178.82
,2021-12-01,2021,202112,на Гагарина,Galosha,KA ai-2818,28,332864,123200.0,209664.0,170.18
,2022-01-01,2022,202201,на Гагарина,Galosha,KA ai-2818,41,502742,180400.0,322342.0,178.68
,2022-02-01,2022,202202,на Гагарина,Galosha,KA ai-2818,26,317798,114400.0,203398.0,177.8
,2022-03-01,2022,202203,на Гагарина,Galosha,KA ai-2818,21,260379,92400.0,167979.0,181.8
,2022-04-01,2022,202204,на Гагарина,Galosha,KA ai-2818,38,491416,167200.0,324216.0,193.91
,2022-05-01,2022,202205,на Гагарина,Galosha,KA ai-2818,48,614976,211200.0,403776.0,191.18
,2022-06-01,2022,202206,на Гагарина,Galosha,KA ai-2818,46,579968,202400.0,377568.0,186.55
,2022-07-01,2022,202207,на Гагарина,Galosha,KA ai-2818,48,502224,211200.0,291024.0,137.8
,2022-08-01,2022,202208,на Гагарина,Galosha,KA ai-2818,41,482898,180400.0,302498.0,167.68
,2022-09-01,2022,202209,на Гагарина,Galosha,KA ai-2818,43,498413,189200.0,309213.0,163.43
,2022-10-01,2022,202210,на Гагарина,Galosha,KA ai-2818,36,441792,158400.0,283392.0,178.91
,2022-11-01,2022,202211,на Гагарина,Galosha,KA ai-2818,26,307216,114400.0,192816.0,168.55
,2022-12-01,2022,202212,на Гагарина,Galosha,KA ai-2818,31,381920,136400.0,245520.0,180.0
,2021-01-01,2021,202101,на Гагарина,Babidas,BA air-5353,19,107312,34447.0,72865.0,211.53
,2021-02-01,2021,202102,на Гагарина,Babidas,BA air-5353,12,65280,21756.0,43524.0,200.06
,2021-03-01,2021,202103,на Гагарина,Babidas,BA air-5353,10,44900,18130.0,26770.0,147.66
,2021-04-01,2021,202104,на Гагарина,Babidas,BA air-5353,18,107010,32634.0,74376.0,227.91
,2021-05-01,2021,202105,на Гагарина,Babidas,BA air-5353,22,128942,39886.0,89056.0,223.28
,2021-06-01,2021,202106,на Гагарина,Babidas,BA air-5353,21,102102,38073.0,64029.0,168.17
,2021-07-01,2021,202107,на Гагарина,Babidas,BA air-5353,22,75042,39886.0,35156.0,88.14
,2021-08-01,2021,202108,на Гагарина,Babidas,BA air-5353,19,86013,34447.0,51566.0,149.7
,2021-09-01,2021,202109,на Гагарина,Babidas,BA air-5353,20,89140,36260.0,52880.0,145.84
,2021-10-01,2021,202110,на Гагарина,Babidas,BA air-5353,17,92633,30821.0,61812.0,200.55
,2021-11-01,2021,202111,на Гагарина,Babidas,BA air-5353,12,59292,21756.0,37536.0,172.53
,2021-12-01,2021,202112,на Гагарина,Babidas,BA air-5353,14,70882,25382.0,45500.0,179.26
,2022-01-01,2022,202201,на Гагарина,Babidas,BA air-5353,21,104391,38073.0,66318.0,174.19
,2022-02-01,2022,202202,на Гагарина,Babidas,BA air-5353,13,60905,23569.0,37336.0,158.41
,2022-03-01,2022,202203,на Гагарина,Babidas,BA air-5353,11,52030,19943.0,32087.0,160.89
,2022-04-01,2022,202204,на Гагарина,Babidas,BA air-5353,19,101840,34447.0,67393.0,195.64
,2022-05-01,2022,202205,на Гагарина,Babidas,BA air-5353,25,140450,45325.0,95125.0,209.87
,2022-06-01,2022,202206,на Гагарина,Babidas,BA air-5353,23,123648,41699.0,81949.0,196.53
,2022-07-01,2022,202207,на Гагарина,Babidas,BA air-5353,25,74000,45325.0,28675.0,63.27
,2022-08-01,2022,202208,на Гагарина,Babidas,BA air-5353,21,84588,38073.0,46515.0,122.17
,2022-09-01,2022,202209,на Гагарина,Babidas,BA air-5353,22,97328,39886.0,57442.0,144.02
,2022-10-01,2022,202210,на Гагарина,Babidas,BA air-5353,18,89658,32634.0,57024.0,174.74
,2022-11-01,2022,202211,на Гагарина,Babidas,BA air-5353,13,68835,23569.0,45266.0,192.06
,2022-12-01,2022,202212,на Гагарина,Babidas,BA air-5353,16,66336,29008.0,37328.0,128.68
,2021-01-01,2021,202101,на Гагарина,Babidas,BA grou-9248,15,58650,17250.0,41400.0,240.0
,2021-02-01,2021,202102,на Гагарина,Babidas,BA grou-9248,9,34875,10350.0,24525.0,236.96
,2021-03-01,2021,202103,на Гагарина,Babidas,BA grou-9248,8,26480,9200.0,17280.0,187.83
,2021-04-01,2021,202104,на Гагарина,Babidas,BA grou-9248,14,62230,16100.0,46130.0,286.52
,2021-05-01,2021,202105,на Гагарина,Babidas,BA grou-9248,18,87696,20700.0,66996.0,323.65
,2021-06-01,2021,202106,на Гагарина,Babidas,BA grou-9248,17,61098,19550.0,41548.0,212.52
,2021-07-01,2021,202107,на Гагарина,Babidas,BA grou-9248,18,39456,20700.0,18756.0,90.61
,2021-08-01,2021,202108,на Гагарина,Babidas,BA grou-9248,15,56220,17250.0,38970.0,225.91
,2021-09-01,2021,202109,на Гагарина,Babidas,BA grou-9248,16,63360,18400.0,44960.0,244.35
,2021-10-01,2021,202110,на Гагарина,Babidas,BA grou-9248,13,48152,14950.0,33202.0,222.09
,2021-11-01,2021,202111,на Гагарина,Babidas,BA grou-9248,9,34875,10350.0,24525.0,236.96
,2021-12-01,2021,202112,на Гагарина,Babidas,BA grou-9248,11,35618,12650.0,22968.0,181.57
,2022-01-01,2022,202201,на Гагарина,Babidas,BA grou-9248,16,59328,18400.0,40928.0,222.43
,2022-02-01,2022,202202,на Гагарина,Babidas,BA grou-9248,10,43540,11500.0,32040.0,278.61
,2022-03-01,2022,202203,на Гагарина,Babidas,BA grou-9248,8,28104,9200.0,18904.0,205.48
,2022-04-01,2022,202204,на Гагарина,Babidas,BA grou-9248,15,68280,17250.0,51030.0,295.83
,2022-05-01,2022,202205,на Гагарина,Babidas,BA grou-9248,19,92017,21850.0,70167.0,321.13
,2022-06-01,2022,202206,на Гагарина,Babidas,BA grou-9248,18,58698,20700.0,37998.0,183.57
,2022-07-01,2022,202207,на Гагарина,Babidas,BA grou-9248,19,46512,21850.0,24662.0,112.87
,2022-08-01,2022,202208,на Гагарина,Babidas,BA grou-9248,16,46976,18400.0,28576.0,155.3
,2022-09-01,2022,202209,на Гагарина,Babidas,BA grou-9248,17,63376,19550.0,43826.0,224.17
,2022-10-01,2022,202210,на Гагарина,Babidas,BA grou-9248,14,56140,16100.0,40040.0,248.7
,2022-11-01,2022,202211,на Гагарина,Babidas,BA grou-9248,10,38650,11500.0,27150.0,236.09
,2022-12-01,2022,202212,на Гагарина,Babidas,BA grou-9248,12,30228,13800.0,16428.0,119.04
,2021-01-01,2021,202101,на Гагарина,Babidas,BA gre-3658,19,84607,25346.0,59261.0,233.81
,2021-02-01,2021,202102,на Гагарина,Babidas,BA gre-3658,12,51660,16008.0,35652.0,222.71
,2021-03-01,2021,202103,на Гагарина,Babidas,BA gre-3658,10,40150,13340.0,26810.0,200.97
,2021-04-01,2021,202104,на Гагарина,Babidas,BA gre-3658,18,74754,24012.0,50742.0,211.32
,2021-05-01,2021,202105,на Гагарина,Babidas,BA gre-3658,23,121854,30682.0,91172.0,297.15
,2021-06-01,2021,202106,на Гагарина,Babidas,BA gre-3658,21,88200,28014.0,60186.0,214.84
,2021-07-01,2021,202107,на Гагарина,Babidas,BA gre-3658,23,58765,30682.0,28083.0,91.53
,2021-08-01,2021,202108,на Гагарина,Babidas,BA gre-3658,19,64201,25346.0,38855.0,153.3
,2021-09-01,2021,202109,на Гагарина,Babidas,BA gre-3658,20,70340,26680.0,43660.0,163.64
,2021-10-01,2021,202110,на Гагарина,Babidas,BA gre-3658,17,82280,22678.0,59602.0,262.82
,2021-11-01,2021,202111,на Гагарина,Babidas,BA gre-3658,12,46956,16008.0,30948.0,193.33
,2021-12-01,2021,202112,на Гагарина,Babidas,BA gre-3658,14,56238,18676.0,37562.0,201.12
,2022-01-01,2022,202201,на Гагарина,Babidas,BA gre-3658,21,89145,28014.0,61131.0,218.22
,2022-02-01,2022,202202,на Гагарина,Babidas,BA gre-3658,13,55471,17342.0,38129.0,219.87
,2022-03-01,2022,202203,на Гагарина,Babidas,BA gre-3658,11,44418,14674.0,29744.0,202.7
,2022-04-01,2022,202204,на Гагарина,Babidas,BA gre-3658,20,80500,26680.0,53820.0,201.72
,2022-05-01,2022,202205,на Гагарина,Babidas,BA gre-3658,25,127950,33350.0,94600.0,283.66
,2022-06-01,2022,202206,на Гагарина,Babidas,BA gre-3658,23,99475,30682.0,68793.0,224.21
,2022-07-01,2022,202207,на Гагарина,Babidas,BA gre-3658,25,50625,33350.0,17275.0,51.8
,2022-08-01,2022,202208,на Гагарина,Babidas,BA gre-3658,21,78666,28014.0,50652.0,180.81
,2022-09-01,2022,202209,на Гагарина,Babidas,BA gre-3658,22,76714,29348.0,47366.0,161.39
,2022-10-01,2022,202210,на Гагарина,Babidas,BA gre-3658,18,76068,24012.0,52056.0,216.79
,2022-11-01,2022,202211,на Гагарина,Babidas,BA gre-3658,13,52598,17342.0,35256.0,203.3
,2022-12-01,2022,202212,на Гагарина,Babidas,BA gre-3658,16,60480,21344.0,39136.0,183.36
,2021-01-01,2021,202101,на Гагарина,Babidas,BA earth-3530,16,90160,32256.0,57904.0,179.51
,2021-02-01,2021,202102,на Гагарина,Babidas,BA earth-3530,10,53980,20160.0,33820.0,167.76
,2021-03-01,2021,202103,на Гагарина,Babidas,BA earth-3530,8,37560,16128.0,21432.0,132.89
,2021-04-01,2021,202104,на Гагарина,Babidas,BA earth-3530,15,96180,30240.0,65940.0,218.06
,2021-05-01,2021,202105,на Гагарина,Babidas,BA earth-3530,19,115064,38304.0,76760.0,200.4
,2021-06-01,2021,202106,на Гагарина,Babidas,BA earth-3530,18,107910,36288.0,71622.0,197.37
,2021-07-01,2021,202107,на Гагарина,Babidas,BA earth-3530,19,85975,38304.0,47671.0,124.45
,2021-08-01,2021,202108,на Гагарина,Babidas,BA earth-3530,16,79696,32256.0,47440.0,147.07
,2021-09-01,2021,202109,на Гагарина,Babidas,BA earth-3530,17,89386,34272.0,55114.0,160.81
,2021-10-01,2021,202110,на Гагарина,Babidas,BA earth-3530,14,81368,28224.0,53144.0,188.29
,2021-11-01,2021,202111,на Гагарина,Babidas,BA earth-3530,10,48520,20160.0,28360.0,140.67
,2021-12-01,2021,202112,на Гагарина,Babidas,BA earth-3530,12,56160,24192.0,31968.0,132.14
,2022-01-01,2022,202201,на Гагарина,Babidas,BA earth-3530,17,96543,34272.0,62271.0,181.7
,2022-02-01,2022,202202,на Гагарина,Babidas,BA earth-3530,11,63481,22176.0,41305.0,186.26
,2022-03-01,2022,202203,на Гагарина,Babidas,BA earth-3530,9,47133,18144.0,28989.0,159.77
,2022-04-01,2022,202204,на Гагарина,Babidas,BA earth-3530,16,102432,32256.0,70176.0,217.56
,2022-05-01,2022,202205,на Гагарина,Babidas,BA earth-3530,21,116634,42336.0,74298.0,175.5
,2022-06-01,2022,202206,на Гагарина,Babidas,BA earth-3530,20,106260,40320.0,65940.0,163.54
,2022-07-01,2022,202207,на Гагарина,Babidas,BA earth-3530,21,91791,42336.0,49455.0,116.82
,2022-08-01,2022,202208,на Гагарина,Babidas,BA earth-3530,17,89998,34272.0,55726.0,162.6
,2022-09-01,2022,202209,на Гагарина,Babidas,BA earth-3530,18,91044,36288.0,54756.0,150.89
,2022-10-01,2022,202210,на Гагарина,Babidas,BA earth-3530,15,81225,30240.0,50985.0,168.6
,2022-11-01,2022,202211,на Гагарина,Babidas,BA earth-3530,11,63305,22176.0,41129.0,185.47
,2022-12-01,2022,202212,на Гагарина,Babidas,BA earth-3530,13,59488,26208.0,33280.0,126.98
,2021-01-01,2021,202101,на Гагарина,Babidas,BA ais-1740,14,46578,13090.000000000002,33488.0,255.83
,2021-02-01,2021,202102,на Гагарина,Babidas,BA ais-1740,9,30663,8415.000000000002,22248.0,264.39
,2021-03-01,2021,202103,на Гагарина,Babidas,BA ais-1740,7,13727,6545.000000000001,7181.999999999999,109.73
,2021-04-01,2021,202104,на Гагарина,Babidas,BA ais-1740,14,42924,13090.000000000002,29834.0,227.91
,2021-05-01,2021,202105,на Гагарина,Babidas,BA ais-1740,17,60537,15895.000000000002,44642.0,280.86
,2021-06-01,2021,202106,на Гагарина,Babidas,BA ais-1740,16,50592,14960.000000000002,35632.0,238.18
,2021-07-01,2021,202107,на Гагарина,Babidas,BA ais-1740,17,26554,15895.000000000002,10658.999999999998,67.06
,2021-08-01,2021,202108,на Гагарина,Babidas,BA ais-1740,14,36050,13090.000000000002,22960.0,175.4
,2021-09-01,2021,202109,на Гагарина,Babidas,BA ais-1740,15,40590,14025.000000000002,26565.0,189.41
,2021-10-01,2021,202110,на Гагарина,Babidas,BA ais-1740,13,39104,12155.000000000002,26949.0,221.71
,2021-11-01,2021,202111,на Гагарина,Babidas,BA ais-1740,9,22419,8415.000000000002,14003.999999999998,166.42
,2021-12-01,2021,202112,на Гагарина,Babidas,BA ais-1740,11,27588,10285.000000000002,17303.0,168.24
,2022-01-01,2022,202201,на Гагарина,Babidas,BA ais-1740,16,44000,14960.000000000002,29040.0,194.12
,2022-02-01,2022,202202,на Гагарина,Babidas,BA ais-1740,10,31120,9350.000000000002,21770.0,232.83
,2022-03-01,2022,202203,на Гагарина,Babidas,BA ais-1740,8,20072,7480.000000000001,12592.0,168.34
,2022-04-01,2022,202204,на Гагарина,Babidas,BA ais-1740,15,56280,14025.000000000002,42255.0,301.28
,2022-05-01,2022,202205,на Гагарина,Babidas,BA ais-1740,19,59831,17765.000000000004,42066.0,236.79
,2022-06-01,2022,202206,на Гагарина,Babidas,BA ais-1740,18,53280,16830.000000000004,36450.0,216.58
,2022-07-01,2022,202207,на Гагарина,Babidas,BA ais-1740,19,25973,17765.000000000004,8207.999999999996,46.2
,2022-08-01,2022,202208,на Гагарина,Babidas,BA ais-1740,16,29696,14960.000000000002,14735.999999999998,98.5
,2022-09-01,2022,202209,на Гагарина,Babidas,BA ais-1740,17,49538,15895.000000000002,33643.0,211.66
,2022-10-01,2022,202210,на Гагарина,Babidas,BA ais-1740,14,37856,13090.000000000002,24766.0,189.2
,2022-11-01,2022,202211,на Гагарина,Babidas,BA ais-1740,10,31540,9350.000000000002,22190.0,237.33
,2022-12-01,2022,202212,на Гагарина,Babidas,BA ais-1740,12,34596,11220.000000000002,23376.0,208.34
,2021-01-01,2021,202101,на Гагарина,Babidas,BA ice-4231,18,96390,35568.0,60822.0,171.0
,2021-02-01,2021,202102,на Гагарина,Babidas,BA ice-4231,11,54208,21736.0,32472.0,149.39
,2021-03-01,2021,202103,на Гагарина,Babidas,BA ice-4231,9,43002,17784.0,25218.0,141.8
,2021-04-01,2021,202104,на Гагарина,Babidas,BA ice-4231,17,94758,33592.0,61166.0,182.09
,2021-05-01,2021,202105,на Гагарина,Babidas,BA ice-4231,21,116676,41496.0,75180.0,181.17
,2021-06-01,2021,202106,на Гагарина,Babidas,BA ice-4231,20,97380,39520.0,57860.0,146.41
,2021-07-01,2021,202107,на Гагарина,Babidas,BA ice-4231,21,66360,41496.0,24864.0,59.92
,2021-08-01,2021,202108,на Гагарина,Babidas,BA ice-4231,18,90558,35568.0,54990.0,154.61
,2021-09-01,2021,202109,на Гагарина,Babidas,BA ice-4231,19,87286,37544.0,49742.0,132.49
,2021-10-01,2021,202110,на Гагарина,Babidas,BA ice-4231,15,80745,29640.0,51105.0,172.42
,2021-11-01,2021,202111,на Гагарина,Babidas,BA ice-4231,11,59532,21736.0,37796.0,173.89
,2021-12-01,2021,202112,на Гагарина,Babidas,BA ice-4231,13,58851,25688.0,33163.0,129.1
,2022-01-01,2022,202201,на Гагарина,Babidas,BA ice-4231,19,105564,37544.0,68020.0,181.17
,2022-02-01,2022,202202,на Гагарина,Babidas,BA ice-4231,12,64044,23712.0,40332.0,170.09
,2022-03-01,2022,202203,на Гагарина,Babidas,BA ice-4231,10,43450,19760.0,23690.0,119.89
,2022-04-01,2022,202204,на Гагарина,Babidas,BA ice-4231,18,94248,35568.0,58680.0,164.98
,2022-05-01,2022,202205,на Гагарина,Babidas,BA ice-4231,23,134366,45448.0,88918.0,195.65
,2022-06-01,2022,202206,на Гагарина,Babidas,BA ice-4231,22,118140,43472.0,74668.0,171.76
,2022-07-01,2022,202207,на Гагарина,Babidas,BA ice-4231,23,84502,45448.0,39054.0,85.93
,2022-08-01,2022,202208,на Гагарина,Babidas,BA ice-4231,19,79192,37544.0,41648.0,110.93
,2022-09-01,2022,202209,на Гагарина,Babidas,BA ice-4231,21,93618,41496.0,52122.0,125.61
,2022-10-01,2022,202210,на Гагарина,Babidas,BA ice-4231,17,84405,33592.0,50813.0,151.27
,2022-11-01,2022,202211,на Гагарина,Babidas,BA ice-4231,12,56544,23712.0,32832.0,138.46
,2022-12-01,2022,202212,на Гагарина,Babidas,BA ice-4231,15,68715,29640.0,39075.0,131.83
,2021-01-01,2021,202101,на Гагарина,Babidas,BA ai-2960,16,93216,28800.0,64416.0,223.67
,2021-02-01,2021,202102,на Гагарина,Babidas,BA ai-2960,10,64860,18000.0,46860.0,260.33
,2021-03-01,2021,202103,на Гагарина,Babidas,BA ai-2960,8,42616,14400.0,28216.0,195.94
,2021-04-01,2021,202104,на Гагарина,Babidas,BA ai-2960,15,98445,27000.0,71445.0,264.61
,2021-05-01,2021,202105,на Гагарина,Babidas,BA ai-2960,19,133836,34200.0,99636.0,291.33
,2021-06-01,2021,202106,на Гагарина,Babidas,BA ai-2960,18,102636,32400.0,70236.0,216.78
,2021-07-01,2021,202107,на Гагарина,Babidas,BA ai-2960,19,81301,34200.0,47101.0,137.72
,2021-08-01,2021,202108,на Гагарина,Babidas,BA ai-2960,16,84112,28800.0,55312.0,192.06
,2021-09-01,2021,202109,на Гагарина,Babidas,BA ai-2960,17,95098,30600.0,64498.0,210.78
,2021-10-01,2021,202110,на Гагарина,Babidas,BA ai-2960,14,78694,25200.0,53494.0,212.28
,2021-11-01,2021,202111,на Гагарина,Babidas,BA ai-2960,10,57840,18000.0,39840.0,221.33
,2021-12-01,2021,202112,на Гагарина,Babidas,BA ai-2960,12,56340,21600.0,34740.0,160.83
,2022-01-01,2022,202201,на Гагарина,Babidas,BA ai-2960,17,96968,30600.0,66368.0,216.89
,2022-02-01,2022,202202,на Гагарина,Babidas,BA ai-2960,11,65362,19800.0,45562.0,230.11
,2022-03-01,2022,202203,на Гагарина,Babidas,BA ai-2960,9,43659,16200.0,27459.0,169.5
,2022-04-01,2022,202204,на Гагарина,Babidas,BA ai-2960,16,102144,28800.0,73344.0,254.67
,2022-05-01,2022,202205,на Гагарина,Babidas,BA ai-2960,21,125370,37800.0,87570.0,231.67
,2022-06-01,2022,202206,на Гагарина,Babidas,BA ai-2960,20,120980,36000.0,84980.0,236.06
,2022-07-01,2022,202207,на Гагарина,Babidas,BA ai-2960,21,79800,37800.0,42000.0,111.11
,2022-08-01,2022,202208,на Гагарина,Babidas,BA ai-2960,17,84167,30600.0,53567.0,175.06
,2022-09-01,2022,202209,на Гагарина,Babidas,BA ai-2960,18,85986,32400.0,53586.0,165.39
,2022-10-01,2022,202210,на Гагарина,Babidas,BA ai-2960,15,87375,27000.0,60375.0,223.61
,2022-11-01,2022,202211,на Гагарина,Babidas,BA ai-2960,11,62095,19800.0,42295.0,213.61
,2022-12-01,2022,202212,на Гагарина,Babidas,BA ai-2960,13,72358,23400.0,48958.0,209.22
,2021-01-01,2021,202101,на Гагарина,Asic,AS air-7520,11,396770,227150.0,169620.0,74.67
,2021-02-01,2021,202102,на Гагарина,Asic,AS air-7520,7,256319,144550.0,111769.0,77.32
,2021-03-01,2021,202103,на Гагарина,Asic,AS air-7520,6,212496,123900.0,88596.0,71.51
,2021-04-01,2021,202104,на Гагарина,Asic,AS air-7520,10,371640,206500.0,165140.0,79.97
,2021-05-01,2021,202105,на Гагарина,Asic,AS air-7520,13,478920,268450.0,210470.0,78.4
,2021-06-01,2021,202106,на Гагарина,Asic,AS air-7520,12,432012,247800.0,184212.0,74.34
,2021-07-01,2021,202107,на Гагарина,Asic,AS air-7520,13,449475,268450.0,181025.0,67.43
,2021-08-01,2021,202108,на Гагарина,Asic,AS air-7520,11,398112,227150.0,170962.0,75.26
,2021-09-01,2021,202109,на Гагарина,Asic,AS air-7520,11,395604,227150.0,168454.0,74.16
,2021-10-01,2021,202110,на Гагарина,Asic,AS air-7520,9,332307,185850.0,146457.0,78.8
,2021-11-01,2021,202111,на Гагарина,Asic,AS air-7520,7,254933,144550.0,110383.0,76.36
,2021-12-01,2021,202112,на Гагарина,Asic,AS air-7520,8,288568,165200.0,123368.0,74.68
,2022-01-01,2022,202201,на Гагарина,Asic,AS air-7520,12,436356,247800.0,188556.0,76.09
,2022-02-01,2022,202202,на Гагарина,Asic,AS air-7520,8,289720,165200.0,124520.0,75.38
,2022-03-01,2022,202203,на Гагарина,Asic,AS air-7520,6,214344,123900.0,90444.0,73.0
,2022-04-01,2022,202204,на Гагарина,Asic,AS air-7520,11,409849,227150.0,182699.0,80.43
,2022-05-01,2022,202205,на Гагарина,Asic,AS air-7520,14,513394,289100.0,224294.0,77.58
,2022-06-01,2022,202206,на Гагарина,Asic,AS air-7520,13,471263,268450.0,202813.0,75.55
,2022-07-01,2022,202207,на Гагарина,Asic,AS air-7520,14,491274,289100.0,202174.0,69.93
,2022-08-01,2022,202208,на Гагарина,Asic,AS air-7520,12,427164,247800.0,179364.0,72.38
,2022-09-01,2022,202209,на Гагарина,Asic,AS air-7520,13,460239,268450.0,191789.0,71.44
,2022-10-01,2022,202210,на Гагарина,Asic,AS air-7520,10,370930,206500.0,164430.0,79.63
,2022-11-01,2022,202211,на Гагарина,Asic,AS air-7520,8,294728,165200.0,129528.0,78.41
,2022-12-01,2022,202212,на Гагарина,Asic,AS air-7520,9,320472,185850.0,134622.0,72.44
,2021-01-01,2021,202101,на Гагарина,Asic,AS grou-3318,9,297009,141120.0,155889.0,110.47
,2021-02-01,2021,202102,на Гагарина,Asic,AS grou-3318,6,200988,94080.0,106908.0,113.64
,2021-03-01,2021,202103,на Гагарина,Asic,AS grou-3318,5,166695,78400.0,88295.0,112.62
,2021-04-01,2021,202104,на Гагарина,Asic,AS grou-3318,8,273288,125440.0,147848.0,117.86
,2021-05-01,2021,202105,на Гагарина,Asic,AS grou-3318,10,340120,156800.0,183320.0,116.91
,2021-06-01,2021,202106,на Гагарина,Asic,AS grou-3318,10,333270,156800.0,176470.0,112.54
,2021-07-01,2021,202107,на Гагарина,Asic,AS grou-3318,10,320510,156800.0,163710.0,104.41
,2021-08-01,2021,202108,на Гагарина,Asic,AS grou-3318,9,296325,141120.0,155205.0,109.98
,2021-09-01,2021,202109,на Гагарина,Asic,AS grou-3318,9,296766,141120.0,155646.0,110.29
,2021-10-01,2021,202110,на Гагарина,Asic,AS grou-3318,8,265416,125440.0,139976.0,111.59
,2021-11-01,2021,202111,на Гагарина,Asic,AS grou-3318,6,197886,94080.0,103806.0,110.34
,2021-12-01,2021,202112,на Гагарина,Asic,AS grou-3318,7,228095,109760.0,118335.0,107.81
,2022-01-01,2022,202201,на Гагарина,Asic,AS grou-3318,10,335180,156800.0,178380.0,113.76
,2022-02-01,2022,202202,на Гагарина,Asic,AS grou-3318,6,203166,94080.0,109086.0,115.95
,2022-03-01,2022,202203,на Гагарина,Asic,AS grou-3318,5,162645,78400.0,84245.0,107.46
,2022-04-01,2022,202204,на Гагарина,Asic,AS grou-3318,9,302913,141120.0,161793.0,114.65
,2022-05-01,2022,202205,на Гагарина,Asic,AS grou-3318,11,369919,172480.0,197439.0,114.47
,2022-06-01,2022,202206,на Гагарина,Asic,AS grou-3318,11,369765,172480.0,197285.0,114.38
,2022-07-01,2022,202207,на Гагарина,Asic,AS grou-3318,11,355410,172480.0,182930.0,106.06
,2022-08-01,2022,202208,на Гагарина,Asic,AS grou-3318,10,323250,156800.0,166450.0,106.15
,2022-09-01,2022,202209,на Гагарина,Asic,AS grou-3318,10,328320,156800.0,171520.0,109.39
,2022-10-01,2022,202210,на Гагарина,Asic,AS grou-3318,8,270376,125440.0,144936.0,115.54
,2022-11-01,2022,202211,на Гагарина,Asic,AS grou-3318,6,202656,94080.0,108576.0,115.41
,2022-12-01,2022,202212,на Гагарина,Asic,AS grou-3318,7,233219,109760.0,123459.0,112.48
,2021-01-01,2021,202101,на Гагарина,Asic,AS gre-2748,10,429550,180600.0,248950.0,137.85
,2021-02-01,2021,202102,на Гагарина,Asic,AS gre-2748,6,262830,108360.0,154470.0,142.55
,2021-03-01,2021,202103,на Гагарина,Asic,AS gre-2748,5,214880,90300.0,124580.0,137.96
,2021-04-01,2021,202104,на Гагарина,Asic,AS gre-2748,9,389835,162540.0,227295.0,139.84
,2021-05-01,2021,202105,на Гагарина,Asic,AS gre-2748,11,481921,198660.0,283261.0,142.59
,2021-06-01,2021,202106,на Гагарина,Asic,AS gre-2748,11,479039,198660.0,280379.0,141.14
,2021-07-01,2021,202107,на Гагарина,Asic,AS gre-2748,11,460031,198660.0,261371.0,131.57
,2021-08-01,2021,202108,на Гагарина,Asic,AS gre-2748,10,430770,180600.0,250170.0,138.52
,2021-09-01,2021,202109,на Гагарина,Asic,AS gre-2748,10,429210,180600.0,248610.0,137.66
,2021-10-01,2021,202110,на Гагарина,Asic,AS gre-2748,9,389268,162540.0,226728.0,139.49
,2021-11-01,2021,202111,на Гагарина,Asic,AS gre-2748,6,261432,108360.0,153072.0,141.26
,2021-12-01,2021,202112,на Гагарина,Asic,AS gre-2748,7,299068,126420.0,172648.0,136.57
,2022-01-01,2022,202201,на Гагарина,Asic,AS gre-2748,11,474408,198660.0,275748.0,138.8
,2022-02-01,2022,202202,на Гагарина,Asic,AS gre-2748,7,306957,126420.0,180537.0,142.81
,2022-03-01,2022,202203,на Гагарина,Asic,AS gre-2748,6,254430,108360.0,146070.0,134.8
,2022-04-01,2022,202204,на Гагарина,Asic,AS gre-2748,10,433070,180600.0,252470.0,139.8
,2022-05-01,2022,202205,на Гагарина,Asic,AS gre-2748,13,567515,234780.0,332735.0,141.72
,2022-06-01,2022,202206,на Гагарина,Asic,AS gre-2748,12,521688,216720.0,304968.0,140.72
,2022-07-01,2022,202207,на Гагарина,Asic,AS gre-2748,13,538603,234780.0,303823.0,129.41
,2022-08-01,2022,202208,на Гагарина,Asic,AS gre-2748,11,475398,198660.0,276738.0,139.3
,2022-09-01,2022,202209,на Гагарина,Asic,AS gre-2748,11,472670,198660.0,274010.0,137.93
,2022-10-01,2022,202210,на Гагарина,Asic,AS gre-2748,9,391590,162540.0,229050.0,140.92
,2022-11-01,2022,202211,на Гагарина,Asic,AS gre-2748,7,306033,126420.0,179613.0,142.08
,2022-12-01,2022,202212,на Гагарина,Asic,AS gre-2748,8,340480,144480.0,196000.0,135.66
,2021-01-01,2021,202101,на Гагарина,Asic,AS earth-9544,9,257976,100800.0,157176.0,155.93
,2021-02-01,2021,202102,на Гагарина,Asic,AS earth-9544,6,172914,67200.0,105714.0,157.31
,2021-03-01,2021,202103,на Гагарина,Asic,AS earth-9544,5,143465,56000.0,87465.0,156.19
,2021-04-01,2021,202104,на Гагарина,Asic,AS earth-9544,8,239712,89600.0,150112.0,167.54
,2021-05-01,2021,202105,на Гагарина,Asic,AS earth-9544,10,301020,112000.0,189020.0,168.77
,2021-06-01,2021,202106,на Гагарина,Asic,AS earth-9544,10,298410,112000.0,186410.0,166.44
,2021-07-01,2021,202107,на Гагарина,Asic,AS earth-9544,10,275940,112000.0,163940.0,146.38
,2021-08-01,2021,202108,на Гагарина,Asic,AS earth-9544,9,264177,100800.0,163377.0,162.08
,2021-09-01,2021,202109,на Гагарина,Asic,AS earth-9544,9,259011,100800.0,158211.0,156.96
,2021-10-01,2021,202110,на Гагарина,Asic,AS earth-9544,8,237704,89600.0,148104.0,165.29
,2021-11-01,2021,202111,на Гагарина,Asic,AS earth-9544,6,176598,67200.0,109398.0,162.79
,2021-12-01,2021,202112,на Гагарина,Asic,AS earth-9544,7,201474,78400.0,123074.0,156.98
,2022-01-01,2022,202201,на Гагарина,Asic,AS earth-9544,10,299130,112000.0,187130.0,167.08
,2022-02-01,2022,202202,на Гагарина,Asic,AS earth-9544,6,174786,67200.0,107586.0,160.1
,2022-03-01,2022,202203,на Гагарина,Asic,AS earth-9544,5,141350,56000.0,85350.0,152.41
,2022-04-01,2022,202204,на Гагарина,Asic,AS earth-9544,9,265554,100800.0,164754.0,163.45
,2022-05-01,2022,202205,на Гагарина,Asic,AS earth-9544,11,325050,123200.0,201850.0,163.84
,2022-06-01,2022,202206,на Гагарина,Asic,AS earth-9544,11,320760,123200.0,197560.0,160.36
,2022-07-01,2022,202207,на Гагарина,Asic,AS earth-9544,11,302148,123200.0,178948.0,145.25
,2022-08-01,2022,202208,на Гагарина,Asic,AS earth-9544,10,283250,112000.0,171250.0,152.9
,2022-09-01,2022,202209,на Гагарина,Asic,AS earth-9544,10,288950,112000.0,176950.0,157.99
,2022-10-01,2022,202210,на Гагарина,Asic,AS earth-9544,9,264645,100800.0,163845.0,162.54
,2022-11-01,2022,202211,на Гагарина,Asic,AS earth-9544,6,179256,67200.0,112056.0,166.75
,2022-12-01,2022,202212,на Гагарина,Asic,AS earth-9544,7,203448,78400.0,125048.0,159.5
,2021-01-01,2021,202101,на Гагарина,Asic,AS ais-7331,11,513315,277200.00000000006,236114.99999999994,85.18
,2021-02-01,2021,202102,на Гагарина,Asic,AS ais-7331,7,322098,176400.00000000003,145697.99999999997,82.6
,2021-03-01,2021,202103,на Гагарина,Asic,AS ais-7331,6,274482,151200.00000000003,123281.99999999997,81.54
,2021-04-01,2021,202104,на Гагарина,Asic,AS ais-7331,10,472480,252000.00000000003,220479.99999999997,87.49
,2021-05-01,2021,202105,на Гагарина,Asic,AS ais-7331,13,606827,327600.00000000006,279226.99999999994,85.23
,2021-06-01,2021,202106,на Гагарина,Asic,AS ais-7331,12,556296,302400.00000000006,253895.99999999994,83.96
,2021-07-01,2021,202107,на Гагарина,Asic,AS ais-7331,13,579319,327600.00000000006,251718.99999999994,76.84
,2021-08-01,2021,202108,на Гагарина,Asic,AS ais-7331,11,505263,277200.00000000006,228062.99999999994,82.27
,2021-09-01,2021,202109,на Гагарина,Asic,AS ais-7331,12,543144,302400.00000000006,240743.99999999994,79.61
,2021-10-01,2021,202110,на Гагарина,Asic,AS ais-7331,10,458140,252000.00000000003,206139.99999999997,81.8
,2021-11-01,2021,202111,на Гагарина,Asic,AS ais-7331,7,324681,176400.00000000003,148280.99999999997,84.06
,2021-12-01,2021,202112,на Гагарина,Asic,AS ais-7331,8,364520,201600.00000000003,162919.99999999997,80.81
,2022-01-01,2022,202201,на Гагарина,Asic,AS ais-7331,12,553728,302400.00000000006,251327.99999999994,83.11
,2022-02-01,2022,202202,на Гагарина,Asic,AS ais-7331,8,376168,201600.00000000003,174567.99999999997,86.59
,2022-03-01,2022,202203,на Гагарина,Asic,AS ais-7331,6,273606,151200.00000000003,122405.99999999997,80.96
,2022-04-01,2022,202204,на Гагарина,Asic,AS ais-7331,11,509872,277200.00000000006,232671.99999999994,83.94
,2022-05-01,2022,202205,на Гагарина,Asic,AS ais-7331,14,653142,352800.00000000006,300341.99999999994,85.13
,2022-06-01,2022,202206,на Гагарина,Asic,AS ais-7331,14,640402,352800.00000000006,287601.99999999994,81.52
,2022-07-01,2022,202207,на Гагарина,Asic,AS ais-7331,14,631932,352800.00000000006,279131.99999999994,79.12
,2022-08-01,2022,202208,на Гагарина,Asic,AS ais-7331,12,547824,302400.00000000006,245423.99999999994,81.16
,2022-09-01,2022,202209,на Гагарина,Asic,AS ais-7331,13,601497,327600.00000000006,273896.99999999994,83.61
,2022-10-01,2022,202210,на Гагарина,Asic,AS ais-7331,11,512215,277200.00000000006,235014.99999999994,84.78
,2022-11-01,2022,202211,на Гагарина,Asic,AS ais-7331,8,372160,201600.00000000003,170559.99999999997,84.6
,2022-12-01,2022,202212,на Гагарина,Asic,AS ais-7331,9,411858,226800.00000000003,185057.99999999997,81.6
,2021-01-01,2021,202101,на Гагарина,Asic,AS ice-2172,11,203247,104720.0,98527.0,94.09
,2021-02-01,2021,202102,на Гагарина,Asic,AS ice-2172,7,132454,66640.0,65814.0,98.76
,2021-03-01,2021,202103,на Гагарина,Asic,AS ice-2172,6,106872,57120.0,49752.0,87.1
,2021-04-01,2021,202104,на Гагарина,Asic,AS ice-2172,10,184540,95200.0,89340.0,93.84
,2021-05-01,2021,202105,на Гагарина,Asic,AS ice-2172,13,249938,123760.0,126178.0,101.95
,2021-06-01,2021,202106,на Гагарина,Asic,AS ice-2172,12,219828,114240.0,105588.0,92.43
,2021-07-01,2021,202107,на Гагарина,Asic,AS ice-2172,13,220155,123760.0,96395.0,77.89
,2021-08-01,2021,202108,на Гагарина,Asic,AS ice-2172,11,192313,104720.0,87593.0,83.64
,2021-09-01,2021,202109,на Гагарина,Asic,AS ice-2172,12,213984,114240.0,99744.0,87.31
,2021-10-01,2021,202110,на Гагарина,Asic,AS ice-2172,10,183520,95200.0,88320.0,92.77
,2021-11-01,2021,202111,на Гагарина,Asic,AS ice-2172,7,125244,66640.0,58604.0,87.94
,2021-12-01,2021,202112,на Гагарина,Asic,AS ice-2172,8,143696,76160.0,67536.0,88.68
,2022-01-01,2022,202201,на Гагарина,Asic,AS ice-2172,12,213612,114240.0,99372.0,86.99
,2022-02-01,2022,202202,на Гагарина,Asic,AS ice-2172,8,147816,76160.0,71656.0,94.09
,2022-03-01,2022,202203,на Гагарина,Asic,AS ice-2172,6,105816,57120.0,48696.0,85.25
,2022-04-01,2022,202204,на Гагарина,Asic,AS ice-2172,11,208406,104720.0,103686.0,99.01
,2022-05-01,2022,202205,на Гагарина,Asic,AS ice-2172,14,264712,133280.0,131432.0,98.61
,2022-06-01,2022,202206,на Гагарина,Asic,AS ice-2172,14,258356,133280.0,125076.0,93.84
,2022-07-01,2022,202207,на Гагарина,Asic,AS ice-2172,14,241276,133280.0,107996.0,81.03
,2022-08-01,2022,202208,на Гагарина,Asic,AS ice-2172,12,212220,114240.0,97980.0,85.77
,2022-09-01,2022,202209,на Гагарина,Asic,AS ice-2172,13,239447,123760.0,115687.0,93.48
,2022-10-01,2022,202210,на Гагарина,Asic,AS ice-2172,11,202774,104720.0,98054.0,93.63
,2022-11-01,2022,202211,на Гагарина,Asic,AS ice-2172,8,145240,76160.0,69080.0,90.7
,2022-12-01,2022,202212,на Гагарина,Asic,AS ice-2172,9,161100,85680.0,75420.0,88.03
,2021-01-01,2021,202101,на Гагарина,Asic,AS ai-7676,9,358497,147420.0,211077.0,143.18
,2021-02-01,2021,202102,на Гагарина,Asic,AS ai-7676,6,242124,98280.0,143844.0,146.36
,2021-03-01,2021,202103,на Гагарина,Asic,AS ai-7676,5,197315,81900.0,115415.0,140.92
,2021-04-01,2021,202104,на Гагарина,Asic,AS ai-7676,8,327904,131040.0,196864.0,150.23
,2021-05-01,2021,202105,на Гагарина,Asic,AS ai-7676,11,450230,180180.0,270050.0,149.88
,2021-06-01,2021,202106,на Гагарина,Asic,AS ai-7676,10,406260,163800.0,242460.0,148.02
,2021-07-01,2021,202107,на Гагарина,Asic,AS ai-7676,11,428021,180180.0,247841.0,137.55
,2021-08-01,2021,202108,на Гагарина,Asic,AS ai-7676,9,355545,147420.0,208125.0,141.18
,2021-09-01,2021,202109,на Гагарина,Asic,AS ai-7676,9,363159,147420.0,215739.0,146.34
,2021-10-01,2021,202110,на Гагарина,Asic,AS ai-7676,8,318568,131040.0,187528.0,143.11
,2021-11-01,2021,202111,на Гагарина,Asic,AS ai-7676,6,244986,98280.0,146706.0,149.27
,2021-12-01,2021,202112,на Гагарина,Asic,AS ai-7676,7,279328,114660.0,164668.0,143.61
,2022-01-01,2022,202201,на Гагарина,Asic,AS ai-7676,10,402960,163800.0,239160.0,146.01
,2022-02-01,2022,202202,на Гагарина,Asic,AS ai-7676,6,242748,98280.0,144468.0,147.0
,2022-03-01,2022,202203,на Гагарина,Asic,AS ai-7676,5,200010,81900.0,118110.0,144.21
,2022-04-01,2022,202204,на Гагарина,Asic,AS ai-7676,9,361899,147420.0,214479.0,145.49
,2022-05-01,2022,202205,на Гагарина,Asic,AS ai-7676,12,490680,196560.0,294120.0,149.63
,2022-06-01,2022,202206,на Гагарина,Asic,AS ai-7676,11,446633,180180.0,266453.0,147.88
,2022-07-01,2022,202207,на Гагарина,Asic,AS ai-7676,12,460032,196560.0,263472.0,134.04
,2022-08-01,2022,202208,на Гагарина,Asic,AS ai-7676,10,397640,163800.0,233840.0,142.76
,2022-09-01,2022,202209,на Гагарина,Asic,AS ai-7676,10,394460,163800.0,230660.0,140.82
,2022-10-01,2022,202210,на Гагарина,Asic,AS ai-7676,9,364203,147420.0,216783.0,147.05
,2022-11-01,2022,202211,на Гагарина,Asic,AS ai-7676,6,240930,98280.0,142650.0,145.15
,2022-12-01,2022,202212,на Гагарина,Asic,AS ai-7676,7,280210,114660.0,165550.0,144.38
,2021-01-01,2021,202101,на Гагарина,Gunverse,GU air-3053,27,161541,62100.0,99441.0,160.13
,2021-02-01,2021,202102,на Гагарина,Gunverse,GU air-3053,17,104924,39100.0,65824.0,168.35
,2021-03-01,2021,202103,на Гагарина,Gunverse,GU air-3053,14,76762,32200.0,44562.0,138.39
,2021-04-01,2021,202104,на Гагарина,Gunverse,GU air-3053,25,162100,57500.0,104600.0,181.91
,2021-05-01,2021,202105,на Гагарина,Gunverse,GU air-3053,32,232832,73600.0,159232.0,216.35
,2021-06-01,2021,202106,на Гагарина,Gunverse,GU air-3053,30,196590,69000.0,127590.0,184.91
,2021-07-01,2021,202107,на Гагарина,Gunverse,GU air-3053,32,146240,73600.0,72640.0,98.7
,2021-08-01,2021,202108,на Гагарина,Gunverse,GU air-3053,27,160623,62100.0,98523.0,158.65
,2021-09-01,2021,202109,на Гагарина,Gunverse,GU air-3053,29,156339,66700.0,89639.0,134.39
,2021-10-01,2021,202110,на Гагарина,Gunverse,GU air-3053,24,146448,55200.0,91248.0,165.3
,2021-11-01,2021,202111,на Гагарина,Gunverse,GU air-3053,17,111962,39100.0,72862.0,186.35
,2021-12-01,2021,202112,на Гагарина,Gunverse,GU air-3053,20,110860,46000.0,64860.0,141.0
,2022-01-01,2022,202201,на Гагарина,Gunverse,GU air-3053,30,180030,69000.0,111030.0,160.91
,2022-02-01,2022,202202,на Гагарина,Gunverse,GU air-3053,19,110295,43700.0,66595.0,152.39
,2022-03-01,2022,202203,на Гагарина,Gunverse,GU air-3053,15,84780,34500.0,50280.0,145.74
,2022-04-01,2022,202204,на Гагарина,Gunverse,GU air-3053,28,173544,64400.0,109144.0,169.48
,2022-05-01,2022,202205,на Гагарина,Gunverse,GU air-3053,35,247135,80500.0,166635.0,207.0
,2022-06-01,2022,202206,на Гагарина,Gunverse,GU air-3053,33,215457,75900.0,139557.0,183.87
,2022-07-01,2022,202207,на Гагарина,Gunverse,GU air-3053,35,163730,80500.0,83230.0,103.39
,2022-08-01,2022,202208,на Гагарина,Gunverse,GU air-3053,30,175890,69000.0,106890.0,154.91
,2022-09-01,2022,202209,на Гагарина,Gunverse,GU air-3053,31,184481,71300.0,113181.0,158.74
,2022-10-01,2022,202210,на Гагарина,Gunverse,GU air-3053,26,181558,59800.0,121758.0,203.61
,2022-11-01,2022,202211,на Гагарина,Gunverse,GU air-3053,19,114760,43700.0,71060.0,162.61
,2022-12-01,2022,202212,на Гагарина,Gunverse,GU air-3053,22,120186,50600.0,69586.0,137.52
,2021-01-01,2021,202101,на Гагарина,Gunverse,GU grou-6409,24,256632,97200.0,159432.0,164.02
,2021-02-01,2021,202102,на Гагарина,Gunverse,GU grou-6409,15,162270,60750.0,101520.0,167.11
,2021-03-01,2021,202103,на Гагарина,Gunverse,GU grou-6409,12,118656,48600.0,70056.0,144.15
,2021-04-01,2021,202104,на Гагарина,Gunverse,GU grou-6409,22,232254,89100.0,143154.0,160.67
,2021-05-01,2021,202105,на Гагарина,Gunverse,GU grou-6409,28,318528,113400.0,205128.0,180.89
,2021-06-01,2021,202106,на Гагарина,Gunverse,GU grou-6409,27,274104,109350.0,164754.0,150.67
,2021-07-01,2021,202107,на Гагарина,Gunverse,GU grou-6409,28,245560,113400.0,132160.0,116.54
,2021-08-01,2021,202108,на Гагарина,Gunverse,GU grou-6409,24,245736,97200.0,148536.0,152.81
,2021-09-01,2021,202109,на Гагарина,Gunverse,GU grou-6409,25,246600,101250.0,145350.0,143.56
,2021-10-01,2021,202110,на Гагарина,Gunverse,GU grou-6409,21,225414,85050.0,140364.0,165.04
,2021-11-01,2021,202111,на Гагарина,Gunverse,GU grou-6409,15,147180,60750.0,86430.0,142.27
,2021-12-01,2021,202112,на Гагарина,Gunverse,GU grou-6409,18,164844,72900.0,91944.0,126.12
,2022-01-01,2022,202201,на Гагарина,Gunverse,GU grou-6409,26,273312,105300.0,168012.0,159.56
,2022-02-01,2022,202202,на Гагарина,Gunverse,GU grou-6409,17,176409,68850.0,107559.0,156.22
,2022-03-01,2022,202203,на Гагарина,Gunverse,GU grou-6409,13,121225,52650.0,68575.0,130.25
,2022-04-01,2022,202204,на Гагарина,Gunverse,GU grou-6409,25,257850,101250.0,156600.0,154.67
,2022-05-01,2022,202205,на Гагарина,Gunverse,GU grou-6409,31,343666,125550.0,218116.0,173.73
,2022-06-01,2022,202206,на Гагарина,Gunverse,GU grou-6409,29,300962,117450.0,183512.0,156.25
,2022-07-01,2022,202207,на Гагарина,Gunverse,GU grou-6409,31,272428,125550.0,146878.0,116.99
,2022-08-01,2022,202208,на Гагарина,Gunverse,GU grou-6409,26,250276,105300.0,144976.0,137.68
,2022-09-01,2022,202209,на Гагарина,Gunverse,GU grou-6409,28,287168,113400.0,173768.0,153.23
,2022-10-01,2022,202210,на Гагарина,Gunverse,GU grou-6409,23,232875,93150.0,139725.0,150.0
,2022-11-01,2022,202211,на Гагарина,Gunverse,GU grou-6409,17,176732,68850.0,107882.0,156.69
,2022-12-01,2022,202212,на Гагарина,Gunverse,GU grou-6409,20,188080,81000.0,107080.0,132.2
,2021-01-01,2021,202101,на Гагарина,Gunverse,GU gre-2865,27,220752,107729.99999999999,113022.00000000001,104.91
,2021-02-01,2021,202102,на Гагарина,Gunverse,GU gre-2865,17,136442,67829.99999999999,68612.00000000001,101.15
,2021-03-01,2021,202103,на Гагарина,Gunverse,GU gre-2865,14,108416,55859.99999999999,52556.00000000001,94.09
,2021-04-01,2021,202104,на Гагарина,Gunverse,GU gre-2865,25,221300,99749.99999999999,121550.00000000001,121.85
,2021-05-01,2021,202105,на Гагарина,Gunverse,GU gre-2865,32,275104,127679.99999999999,147424.0,115.46
,2021-06-01,2021,202106,на Гагарина,Gunverse,GU gre-2865,30,255480,119699.99999999999,135780.0,113.43
,2021-07-01,2021,202107,на Гагарина,Gunverse,GU gre-2865,32,208096,127679.99999999999,80416.00000000001,62.98
,2021-08-01,2021,202108,на Гагарина,Gunverse,GU gre-2865,27,215433,107729.99999999999,107703.00000000001,99.97
,2021-09-01,2021,202109,на Гагарина,Gunverse,GU gre-2865,29,234929,115709.99999999999,119219.00000000001,103.03
,2021-10-01,2021,202110,на Гагарина,Gunverse,GU gre-2865,24,204336,95759.99999999999,108576.00000000001,113.38
,2021-11-01,2021,202111,на Гагарина,Gunverse,GU gre-2865,17,143548,67829.99999999999,75718.00000000001,111.63
,2021-12-01,2021,202112,на Гагарина,Gunverse,GU gre-2865,20,153860,79799.99999999999,74060.00000000001,92.81
,2022-01-01,2022,202201,на Гагарина,Gunverse,GU gre-2865,30,266970,119699.99999999999,147270.0,123.03
,2022-02-01,2022,202202,на Гагарина,Gunverse,GU gre-2865,19,165300,75809.99999999999,89490.00000000001,118.05
,2022-03-01,2022,202203,на Гагарина,Gunverse,GU gre-2865,15,114780,59849.99999999999,54930.00000000001,91.78
,2022-04-01,2022,202204,на Гагарина,Gunverse,GU gre-2865,28,237664,111719.99999999999,125944.00000000001,112.73
,2022-05-01,2022,202205,на Гагарина,Gunverse,GU gre-2865,35,311115,139649.99999999997,171465.00000000003,122.78
,2022-06-01,2022,202206,на Гагарина,Gunverse,GU gre-2865,33,283503,131669.99999999997,151833.00000000003,115.31
,2022-07-01,2022,202207,на Гагарина,Gunverse,GU gre-2865,35,233275,139649.99999999997,93625.00000000003,67.04
,2022-08-01,2022,202208,на Гагарина,Gunverse,GU gre-2865,30,225750,119699.99999999999,106050.00000000001,88.6
,2022-09-01,2022,202209,на Гагарина,Gunverse,GU gre-2865,31,243536,123689.99999999999,119846.00000000001,96.89
,2022-10-01,2022,202210,на Гагарина,Gunverse,GU gre-2865,26,220844,103739.99999999999,117104.00000000001,112.88
,2022-11-01,2022,202211,на Гагарина,Gunverse,GU gre-2865,19,155135,75809.99999999999,79325.00000000001,104.64
,2022-12-01,2022,202212,на Гагарина,Gunverse,GU gre-2865,22,169818,87779.99999999999,82038.00000000001,93.46
,2021-01-01,2021,202101,на Гагарина,Gunverse,GU earth-4729,24,234000,99960.0,134040.0,134.09
,2021-02-01,2021,202102,на Гагарина,Gunverse,GU earth-4729,15,153480,62475.0,91005.0,145.67
,2021-03-01,2021,202103,на Гагарина,Gunverse,GU earth-4729,12,116820,49980.0,66840.0,133.73
,2021-04-01,2021,202104,на Гагарина,Gunverse,GU earth-4729,22,233464,91630.0,141834.0,154.79
,2021-05-01,2021,202105,на Гагарина,Gunverse,GU earth-4729,28,299292,116620.0,182672.0,156.64
,2021-06-01,2021,202106,на Гагарина,Gunverse,GU earth-4729,26,259844,108290.0,151554.0,139.95
,2021-07-01,2021,202107,на Гагарина,Gunverse,GU earth-4729,28,225680,116620.0,109060.0,93.52
,2021-08-01,2021,202108,на Гагарина,Gunverse,GU earth-4729,24,225792,99960.0,125832.0,125.88
,2021-09-01,2021,202109,на Гагарина,Gunverse,GU earth-4729,25,230425,104125.0,126300.0,121.3
,2021-10-01,2021,202110,на Гагарина,Gunverse,GU earth-4729,21,216090,87465.0,128625.0,147.06
,2021-11-01,2021,202111,на Гагарина,Gunverse,GU earth-4729,15,140430,62475.0,77955.0,124.78
,2021-12-01,2021,202112,на Гагарина,Gunverse,GU earth-4729,18,162522,74970.0,87552.0,116.78
,2022-01-01,2022,202201,на Гагарина,Gunverse,GU earth-4729,26,247234,108290.0,138944.0,128.31
,2022-02-01,2022,202202,на Гагарина,Gunverse,GU earth-4729,16,150448,66640.0,83808.0,125.76
,2022-03-01,2022,202203,на Гагарина,Gunverse,GU earth-4729,13,117039,54145.0,62894.0,116.16
,2022-04-01,2022,202204,на Гагарина,Gunverse,GU earth-4729,24,236112,99960.0,136152.0,136.21
,2022-05-01,2022,202205,на Гагарина,Gunverse,GU earth-4729,31,317471,129115.0,188356.0,145.88
,2022-06-01,2022,202206,на Гагарина,Gunverse,GU earth-4729,29,290725,120785.0,169940.0,140.7
,2022-07-01,2022,202207,на Гагарина,Gunverse,GU earth-4729,31,256897,129115.0,127782.0,98.97
,2022-08-01,2022,202208,на Гагарина,Gunverse,GU earth-4729,26,245128,108290.0,136838.0,126.36
,2022-09-01,2022,202209,на Гагарина,Gunverse,GU earth-4729,27,265410,112455.0,152955.0,136.01
,2022-10-01,2022,202210,на Гагарина,Gunverse,GU earth-4729,23,225906,95795.0,130111.0,135.82
,2022-11-01,2022,202211,на Гагарина,Gunverse,GU earth-4729,16,152672,66640.0,86032.0,129.1
,2022-12-01,2022,202212,на Гагарина,Gunverse,GU earth-4729,20,188220,83300.0,104920.0,125.95
,2021-01-01,2021,202101,на Гагарина,Gunverse,GU ais-4465,24,186144,73440.0,112704.0,153.46
,2021-02-01,2021,202102,на Гагарина,Gunverse,GU ais-4465,15,110520,45900.0,64620.0,140.78
,2021-03-01,2021,202103,на Гагарина,Gunverse,GU ais-4465,12,73356,36720.0,36636.0,99.77
,2021-04-01,2021,202104,на Гагарина,Gunverse,GU ais-4465,22,176154,67320.0,108834.0,161.67
,2021-05-01,2021,202105,на Гагарина,Gunverse,GU ais-4465,28,230020,85680.0,144340.0,168.46
,2021-06-01,2021,202106,на Гагарина,Gunverse,GU ais-4465,26,187044,79560.0,107484.0,135.1
,2021-07-01,2021,202107,на Гагарина,Gunverse,GU ais-4465,28,171696,85680.0,86016.0,100.39
,2021-08-01,2021,202108,на Гагарина,Gunverse,GU ais-4465,24,159648,73440.0,86208.0,117.39
,2021-09-01,2021,202109,на Гагарина,Gunverse,GU ais-4465,25,159775,76500.0,83275.0,108.86
,2021-10-01,2021,202110,на Гагарина,Gunverse,GU ais-4465,21,151032,64260.0,86772.0,135.03
,2021-11-01,2021,202111,на Гагарина,Gunverse,GU ais-4465,15,100335,45900.0,54435.0,118.59
,2021-12-01,2021,202112,на Гагарина,Gunverse,GU ais-4465,18,115542,55080.0,60462.0,109.77
,2022-01-01,2022,202201,на Гагарина,Gunverse,GU ais-4465,26,191880,79560.0,112320.0,141.18
,2022-02-01,2022,202202,на Гагарина,Gunverse,GU ais-4465,16,120400,48960.0,71440.0,145.92
,2022-03-01,2022,202203,на Гагарина,Gunverse,GU ais-4465,13,85501,39780.0,45721.0,114.93
,2022-04-01,2022,202204,на Гагарина,Gunverse,GU ais-4465,24,180456,73440.0,107016.0,145.72
,2022-05-01,2022,202205,на Гагарина,Gunverse,GU ais-4465,31,239847,94860.0,144987.0,152.84
,2022-06-01,2022,202206,на Гагарина,Gunverse,GU ais-4465,29,219066,88740.0,130326.0,146.86
,2022-07-01,2022,202207,на Гагарина,Gunverse,GU ais-4465,31,192045,94860.0,97185.0,102.45
,2022-08-01,2022,202208,на Гагарина,Gunverse,GU ais-4465,26,175604,79560.0,96044.0,120.72
,2022-09-01,2022,202209,на Гагарина,Gunverse,GU ais-4465,27,193806,82620.0,111186.0,134.58
,2022-10-01,2022,202210,на Гагарина,Gunverse,GU ais-4465,23,163599,70380.0,93219.0,132.45
,2022-11-01,2022,202211,на Гагарина,Gunverse,GU ais-4465,16,119696,48960.0,70736.0,144.48
,2022-12-01,2022,202212,на Гагарина,Gunverse,GU ais-4465,20,129900,61200.0,68700.0,112.25
,2021-01-01,2021,202101,на Гагарина,Gunverse,GU ice-8917,25,222650,86400.0,136250.0,157.7
,2021-02-01,2021,202102,на Гагарина,Gunverse,GU ice-8917,16,142736,55296.0,87440.0,158.13
,2021-03-01,2021,202103,на Гагарина,Gunverse,GU ice-8917,13,109395,44928.0,64467.0,143.49
,2021-04-01,2021,202104,на Гагарина,Gunverse,GU ice-8917,23,195891,79488.0,116403.0,146.44
,2021-05-01,2021,202105,на Гагарина,Gunverse,GU ice-8917,29,266394,100224.0,166170.0,165.8
,2021-06-01,2021,202106,на Гагарина,Gunverse,GU ice-8917,28,247464,96768.0,150696.0,155.73
,2021-07-01,2021,202107,на Гагарина,Gunverse,GU ice-8917,29,199607,100224.0,99383.0,99.16
,2021-08-01,2021,202108,на Гагарина,Gunverse,GU ice-8917,25,185725,86400.0,99325.0,114.96
,2021-09-01,2021,202109,на Гагарина,Gunverse,GU ice-8917,26,207272,89856.0,117416.0,130.67
,2021-10-01,2021,202110,на Гагарина,Gunverse,GU ice-8917,22,186648,76032.0,110616.0,145.49
,2021-11-01,2021,202111,на Гагарина,Gunverse,GU ice-8917,16,130656,55296.0,75360.0,136.28
,2021-12-01,2021,202112,на Гагарина,Gunverse,GU ice-8917,19,150043,65664.0,84379.0,128.5
,2022-01-01,2022,202201,на Гагарина,Gunverse,GU ice-8917,27,240327,93312.0,147015.0,157.55
,2022-02-01,2022,202202,на Гагарина,Gunverse,GU ice-8917,17,146013,58752.0,87261.0,148.52
,2022-03-01,2022,202203,на Гагарина,Gunverse,GU ice-8917,14,109508,48384.0,61124.0,126.33
,2022-04-01,2022,202204,на Гагарина,Gunverse,GU ice-8917,25,221250,86400.0,134850.0,156.08
,2022-05-01,2022,202205,на Гагарина,Gunverse,GU ice-8917,32,301408,110592.0,190816.0,172.54
,2022-06-01,2022,202206,на Гагарина,Gunverse,GU ice-8917,30,265500,103680.0,161820.0,156.08
,2022-07-01,2022,202207,на Гагарина,Gunverse,GU ice-8917,32,206336,110592.0,95744.0,86.57
,2022-08-01,2022,202208,на Гагарина,Gunverse,GU ice-8917,27,221184,93312.0,127872.0,137.04
,2022-09-01,2022,202209,на Гагарина,Gunverse,GU ice-8917,29,229216,100224.0,128992.0,128.7
,2022-10-01,2022,202210,на Гагарина,Gunverse,GU ice-8917,24,197616,82944.0,114672.0,138.25
,2022-11-01,2022,202211,на Гагарина,Gunverse,GU ice-8917,17,141950,58752.0,83198.0,141.61
,2022-12-01,2022,202212,на Гагарина,Gunverse,GU ice-8917,20,160400,69120.0,91280.0,132.06
,2021-01-01,2021,202101,на Гагарина,Gunverse,GU ai-3849,25,264525,129675.0,134850.0,103.99
,2021-02-01,2021,202102,на Гагарина,Gunverse,GU ai-3849,16,172176,82992.0,89184.0,107.46
,2021-03-01,2021,202103,на Гагарина,Gunverse,GU ai-3849,13,123474,67431.0,56043.0,83.11
,2021-04-01,2021,202104,на Гагарина,Gunverse,GU ai-3849,24,272400,124488.0,147912.0,118.82
,2021-05-01,2021,202105,на Гагарина,Gunverse,GU ai-3849,30,341280,155610.0,185670.0,119.32
,2021-06-01,2021,202106,на Гагарина,Gunverse,GU ai-3849,28,303044,145236.0,157808.0,108.66
,2021-07-01,2021,202107,на Гагарина,Gunverse,GU ai-3849,30,258540,155610.0,102930.0,66.15
,2021-08-01,2021,202108,на Гагарина,Gunverse,GU ai-3849,25,253025,129675.0,123350.0,95.12
,2021-09-01,2021,202109,на Гагарина,Gunverse,GU ai-3849,27,271728,140049.0,131679.0,94.02
,2021-10-01,2021,202110,на Гагарина,Gunverse,GU ai-3849,22,224026,114114.0,109912.0,96.32
,2021-11-01,2021,202111,на Гагарина,Gunverse,GU ai-3849,16,171440,82992.0,88448.0,106.57
,2021-12-01,2021,202112,на Гагарина,Gunverse,GU ai-3849,19,189335,98553.0,90782.0,92.11
,2022-01-01,2022,202201,на Гагарина,Gunverse,GU ai-3849,28,302624,145236.0,157388.0,108.37
,2022-02-01,2022,202202,на Гагарина,Gunverse,GU ai-3849,18,178884,93366.0,85518.0,91.59
,2022-03-01,2022,202203,на Гагарина,Gunverse,GU ai-3849,14,138614,72618.0,65996.0,90.88
,2022-04-01,2022,202204,на Гагарина,Gunverse,GU ai-3849,26,275132,134862.0,140270.0,104.01
,2022-05-01,2022,202205,на Гагарина,Gunverse,GU ai-3849,33,375870,171171.0,204699.0,119.59
,2022-06-01,2022,202206,на Гагарина,Gunverse,GU ai-3849,31,334397,160797.0,173600.0,107.96
,2022-07-01,2022,202207,на Гагарина,Gunverse,GU ai-3849,33,308550,171171.0,137379.0,80.26
,2022-08-01,2022,202208,на Гагарина,Gunverse,GU ai-3849,28,277536,145236.0,132300.0,91.09
,2022-09-01,2022,202209,на Гагарина,Gunverse,GU ai-3849,30,289590,155610.0,133980.0,86.1
,2022-10-01,2022,202210,на Гагарина,Gunverse,GU ai-3849,24,257928,124488.0,133440.0,107.19
,2022-11-01,2022,202211,на Гагарина,Gunverse,GU ai-3849,18,178290,93366.0,84924.0,90.96
,2022-12-01,2022,202212,на Гагарина,Gunverse,GU ai-3849,21,211008,108927.0,102081.0,93.72
,2021-01-01,2021,202101,на Гагарина,Nuke,NK air-4421,27,369252,162000.0,207252.0,127.93
,2021-02-01,2021,202102,на Гагарина,Nuke,NK air-4421,17,219096,102000.0,117096.0,114.8
,2021-03-01,2021,202103,на Гагарина,Nuke,NK air-4421,14,174720,84000.0,90720.0,108.0
,2021-04-01,2021,202104,на Гагарина,Nuke,NK air-4421,25,341850,150000.0,191850.0,127.9
,2021-05-01,2021,202105,на Гагарина,Nuke,NK air-4421,32,456096,192000.0,264096.0,137.55
,2021-06-01,2021,202106,на Гагарина,Nuke,NK air-4421,30,408690,180000.0,228690.0,127.05
,2021-07-01,2021,202107,на Гагарина,Nuke,NK air-4421,32,384032,192000.0,192032.0,100.02
,2021-08-01,2021,202108,на Гагарина,Nuke,NK air-4421,27,359181,162000.0,197181.0,121.72
,2021-09-01,2021,202109,на Гагарина,Nuke,NK air-4421,29,381727,174000.0,207727.0,119.38
,2021-10-01,2021,202110,на Гагарина,Nuke,NK air-4421,24,318624,144000.0,174624.0,121.27
,2021-11-01,2021,202111,на Гагарина,Nuke,NK air-4421,17,227239,102000.0,125239.0,122.78
,2021-12-01,2021,202112,на Гагарина,Nuke,NK air-4421,20,254040,120000.0,134040.0,111.7
,2022-01-01,2022,202201,на Гагарина,Nuke,NK air-4421,30,381720,180000.0,201720.0,112.07
,2022-02-01,2022,202202,на Гагарина,Nuke,NK air-4421,19,248254,114000.0,134254.0,117.77
,2022-03-01,2022,202203,на Гагарина,Nuke,NK air-4421,15,187005,90000.0,97005.0,107.78
,2022-04-01,2022,202204,на Гагарина,Nuke,NK air-4421,28,376908,168000.0,208908.0,124.35
,2022-05-01,2022,202205,на Гагарина,Nuke,NK air-4421,35,484750,210000.0,274750.0,130.83
,2022-06-01,2022,202206,на Гагарина,Nuke,NK air-4421,33,446556,198000.0,248556.0,125.53
,2022-07-01,2022,202207,на Гагарина,Nuke,NK air-4421,35,404810,210000.0,194810.0,92.77
,2022-08-01,2022,202208,на Гагарина,Nuke,NK air-4421,30,390240,180000.0,210240.0,116.8
,2022-09-01,2022,202209,на Гагарина,Nuke,NK air-4421,32,402496,192000.0,210496.0,109.63
,2022-10-01,2022,202210,на Гагарина,Nuke,NK air-4421,26,343824,156000.0,187824.0,120.4
,2022-11-01,2022,202211,на Гагарина,Nuke,NK air-4421,19,247190,114000.0,133190.0,116.83
,2022-12-01,2022,202212,на Гагарина,Nuke,NK air-4421,22,286462,132000.0,154462.0,117.02
,2021-01-01,2021,202101,на Гагарина,Nuke,NK grou-9880,20,213200,106200.0,107000.0,100.75
,2021-02-01,2021,202102,на Гагарина,Nuke,NK grou-9880,13,132262,69030.0,63232.0,91.6
,2021-03-01,2021,202103,на Гагарина,Nuke,NK grou-9880,10,102200,53100.0,49100.0,92.47
,2021-04-01,2021,202104,на Гагарина,Nuke,NK grou-9880,19,207689,100890.0,106799.0,105.86
,2021-05-01,2021,202105,на Гагарина,Nuke,NK grou-9880,23,248975,122130.0,126845.0,103.86
,2021-06-01,2021,202106,на Гагарина,Nuke,NK grou-9880,22,222068,116820.0,105248.0,90.09
,2021-07-01,2021,202107,на Гагарина,Nuke,NK grou-9880,23,189290,122130.0,67160.0,54.99
,2021-08-01,2021,202108,на Гагарина,Nuke,NK grou-9880,20,191280,106200.0,85080.0,80.11
,2021-09-01,2021,202109,на Гагарина,Nuke,NK grou-9880,21,203028,111510.0,91518.0,82.07
,2021-10-01,2021,202110,на Гагарина,Nuke,NK grou-9880,17,182988,90270.0,92718.0,102.71
,2021-11-01,2021,202111,на Гагарина,Nuke,NK grou-9880,13,136357,69030.0,67327.0,97.53
,2021-12-01,2021,202112,на Гагарина,Nuke,NK grou-9880,15,146850,79650.0,67200.0,84.37
,2022-01-01,2022,202201,на Гагарина,Nuke,NK grou-9880,22,232100,116820.0,115280.0,98.68
,2022-02-01,2022,202202,на Гагарина,Nuke,NK grou-9880,14,150626,74340.0,76286.0,102.62
,2022-03-01,2022,202203,на Гагарина,Nuke,NK grou-9880,11,113531,58410.0,55121.0,94.37
,2022-04-01,2022,202204,на Гагарина,Nuke,NK grou-9880,20,221960,106200.0,115760.0,109.0
,2022-05-01,2022,202205,на Гагарина,Nuke,NK grou-9880,26,289926,138060.0,151866.0,110.0
,2022-06-01,2022,202206,на Гагарина,Nuke,NK grou-9880,24,235728,127440.0,108288.0,84.97
,2022-07-01,2022,202207,на Гагарина,Nuke,NK grou-9880,26,221052,138060.0,82992.0,60.11
,2022-08-01,2022,202208,на Гагарина,Nuke,NK grou-9880,22,207174,116820.0,90354.0,77.34
,2022-09-01,2022,202209,на Гагарина,Nuke,NK grou-9880,23,223928,122130.0,101798.0,83.35
,2022-10-01,2022,202210,на Гагарина,Nuke,NK grou-9880,19,196669,100890.0,95779.0,94.93
,2022-11-01,2022,202211,на Гагарина,Nuke,NK grou-9880,14,140742,74340.0,66402.0,89.32
,2022-12-01,2022,202212,на Гагарина,Nuke,NK grou-9880,16,163008,84960.0,78048.0,91.86
,2021-01-01,2021,202101,на Гагарина,Nuke,NK gre-7983,19,160436,61180.0,99256.0,162.24
,2021-02-01,2021,202102,на Гагарина,Nuke,NK gre-7983,12,102732,38640.0,64092.0,165.87
,2021-03-01,2021,202103,на Гагарина,Nuke,NK gre-7983,10,77370,32200.0,45170.0,140.28
,2021-04-01,2021,202104,на Гагарина,Nuke,NK gre-7983,18,153558,57960.0,95598.0,164.94
,2021-05-01,2021,202105,на Гагарина,Nuke,NK gre-7983,22,199056,70840.0,128216.0,180.99
,2021-06-01,2021,202106,на Гагарина,Nuke,NK gre-7983,21,166572,67620.0,98952.0,146.34
,2021-07-01,2021,202107,на Гагарина,Nuke,NK gre-7983,22,157102,70840.0,86262.0,121.77
,2021-08-01,2021,202108,на Гагарина,Nuke,NK gre-7983,19,159068,61180.0,97888.0,160.0
,2021-09-01,2021,202109,на Гагарина,Nuke,NK gre-7983,20,164060,64400.0,99660.0,154.75
,2021-10-01,2021,202110,на Гагарина,Nuke,NK gre-7983,17,142885,54740.0,88145.0,161.02
,2021-11-01,2021,202111,на Гагарина,Nuke,NK gre-7983,12,93816,38640.0,55176.0,142.8
,2021-12-01,2021,202112,на Гагарина,Nuke,NK gre-7983,14,107324,45080.0,62244.0,138.07
,2022-01-01,2022,202201,на Гагарина,Nuke,NK gre-7983,21,162876,67620.0,95256.0,140.87
,2022-02-01,2022,202202,на Гагарина,Nuke,NK gre-7983,13,102739,41860.0,60879.0,145.43
,2022-03-01,2022,202203,на Гагарина,Nuke,NK gre-7983,11,88506,35420.0,53086.0,149.88
,2022-04-01,2022,202204,на Гагарина,Nuke,NK gre-7983,19,175351,61180.0,114171.0,186.61
,2022-05-01,2022,202205,на Гагарина,Nuke,NK gre-7983,24,206448,77280.0,129168.0,167.14
,2022-06-01,2022,202206,на Гагарина,Nuke,NK gre-7983,23,188439,74060.0,114379.0,154.44
,2022-07-01,2022,202207,на Гагарина,Nuke,NK gre-7983,24,170424,77280.0,93144.0,120.53
,2022-08-01,2022,202208,на Гагарина,Nuke,NK gre-7983,21,158445,67620.0,90825.0,134.32
,2022-09-01,2022,202209,на Гагарина,Nuke,NK gre-7983,22,180884,70840.0,110044.0,155.34
,2022-10-01,2022,202210,на Гагарина,Nuke,NK gre-7983,18,159894,57960.0,101934.0,175.87
,2022-11-01,2022,202211,на Гагарина,Nuke,NK gre-7983,13,113334,41860.0,71474.0,170.75
,2022-12-01,2022,202212,на Гагарина,Nuke,NK gre-7983,16,124336,51520.0,72816.0,141.34
,2021-01-01,2021,202101,на Гагарина,Nuke,NK earth-5320,23,170867,76245.0,94622.0,124.1
,2021-02-01,2021,202102,на Гагарина,Nuke,NK earth-5320,15,115380,49725.0,65655.0,132.04
,2021-03-01,2021,202103,на Гагарина,Nuke,NK earth-5320,12,91596,39780.0,51816.0,130.26
,2021-04-01,2021,202104,на Гагарина,Nuke,NK earth-5320,22,185526,72930.0,112596.0,154.39
,2021-05-01,2021,202105,на Гагарина,Nuke,NK earth-5320,28,219688,92820.0,126868.0,136.68
,2021-06-01,2021,202106,на Гагарина,Nuke,NK earth-5320,26,200304,86190.0,114114.0,132.4
,2021-07-01,2021,202107,на Гагарина,Nuke,NK earth-5320,28,181804,92820.0,88984.0,95.87
,2021-08-01,2021,202108,на Гагарина,Nuke,NK earth-5320,23,178296,76245.0,102051.0,133.85
,2021-09-01,2021,202109,на Гагарина,Nuke,NK earth-5320,25,172175,82875.0,89300.0,107.75
,2021-10-01,2021,202110,на Гагарина,Nuke,NK earth-5320,20,152820,66300.0,86520.0,130.5
,2021-11-01,2021,202111,на Гагарина,Nuke,NK earth-5320,15,110055,49725.0,60330.0,121.33
,2021-12-01,2021,202112,на Гагарина,Nuke,NK earth-5320,18,137988,59670.0,78318.0,131.25
,2022-01-01,2022,202201,на Гагарина,Nuke,NK earth-5320,26,206232,86190.0,120042.0,139.28
,2022-02-01,2022,202202,на Гагарина,Nuke,NK earth-5320,16,131552,53040.0,78512.0,148.02
,2022-03-01,2022,202203,на Гагарина,Nuke,NK earth-5320,13,96330,43095.0,53235.0,123.53
,2022-04-01,2022,202204,на Гагарина,Nuke,NK earth-5320,24,205248,79560.0,125688.0,157.98
,2022-05-01,2022,202205,на Гагарина,Nuke,NK earth-5320,30,261120,99450.0,161670.0,162.56
,2022-06-01,2022,202206,на Гагарина,Nuke,NK earth-5320,29,218341,96135.0,122206.0,127.12
,2022-07-01,2022,202207,на Гагарина,Nuke,NK earth-5320,30,190350,99450.0,90900.0,91.4
,2022-08-01,2022,202208,на Гагарина,Nuke,NK earth-5320,26,170248,86190.0,84058.0,97.53
,2022-09-01,2022,202209,на Гагарина,Nuke,NK earth-5320,27,202743,89505.0,113238.0,126.52
,2022-10-01,2022,202210,на Гагарина,Nuke,NK earth-5320,22,176022,72930.0,103092.0,141.36
,2022-11-01,2022,202211,на Гагарина,Nuke,NK earth-5320,16,116288,53040.0,63248.0,119.25
,2022-12-01,2022,202212,на Гагарина,Nuke,NK earth-5320,19,137921,62985.0,74936.0,118.97
,2021-01-01,2021,202101,на Гагарина,Nuke,NK ais-5028,26,283296,122200.0,161096.0,131.83
,2021-02-01,2021,202102,на Гагарина,Nuke,NK ais-5028,16,185360,75200.0,110160.0,146.49
,2021-03-01,2021,202103,на Гагарина,Nuke,NK ais-5028,13,143806,61100.0,82706.0,135.36
,2021-04-01,2021,202104,на Гагарина,Nuke,NK ais-5028,24,272184,112800.0,159384.0,141.3
,2021-05-01,2021,202105,на Гагарина,Nuke,NK ais-5028,30,352920,141000.0,211920.0,150.3
,2021-06-01,2021,202106,на Гагарина,Nuke,NK ais-5028,29,322364,136300.0,186064.0,136.51
,2021-07-01,2021,202107,на Гагарина,Nuke,NK ais-5028,30,310740,141000.0,169740.0,120.38
,2021-08-01,2021,202108,на Гагарина,Nuke,NK ais-5028,26,273676,122200.0,151476.0,123.96
,2021-09-01,2021,202109,на Гагарина,Nuke,NK ais-5028,27,298107,126900.0,171207.0,134.91
,2021-10-01,2021,202110,на Гагарина,Nuke,NK ais-5028,22,250382,103400.0,146982.0,142.15
,2021-11-01,2021,202111,на Гагарина,Nuke,NK ais-5028,16,185680,75200.0,110480.0,146.91
,2021-12-01,2021,202112,на Гагарина,Nuke,NK ais-5028,19,193211,89300.0,103911.0,116.36
,2022-01-01,2022,202201,на Гагарина,Nuke,NK ais-5028,28,333144,131600.0,201544.0,153.15
,2022-02-01,2022,202202,на Гагарина,Nuke,NK ais-5028,18,202572,84600.0,117972.0,139.45
,2022-03-01,2022,202203,на Гагарина,Nuke,NK ais-5028,14,148722,65800.0,82922.0,126.02
,2022-04-01,2022,202204,на Гагарина,Nuke,NK ais-5028,26,294684,122200.0,172484.0,141.15
,2022-05-01,2022,202205,на Гагарина,Nuke,NK ais-5028,33,408342,155100.0,253242.0,163.28
,2022-06-01,2022,202206,на Гагарина,Nuke,NK ais-5028,32,380576,150400.0,230176.0,153.04
,2022-07-01,2022,202207,на Гагарина,Nuke,NK ais-5028,33,324060,155100.0,168960.0,108.94
,2022-08-01,2022,202208,на Гагарина,Nuke,NK ais-5028,28,311332,131600.0,179732.0,136.57
,2022-09-01,2022,202209,на Гагарина,Nuke,NK ais-5028,30,310740,141000.0,169740.0,120.38
,2022-10-01,2022,202210,на Гагарина,Nuke,NK ais-5028,25,285450,117500.0,167950.0,142.94
,2022-11-01,2022,202211,на Гагарина,Nuke,NK ais-5028,18,211302,84600.0,126702.0,149.77
,2022-12-01,2022,202212,на Гагарина,Nuke,NK ais-5028,21,215061,98700.0,116361.0,117.89
,2021-01-01,2021,202101,на Гагарина,Nuke,NK ice-4908,27,277695,144963.0,132732.0,91.56
,2021-02-01,2021,202102,на Гагарина,Nuke,NK ice-4908,17,185589,91273.0,94316.0,103.33
,2021-03-01,2021,202103,на Гагарина,Nuke,NK ice-4908,14,141932,75166.0,66766.0,88.82
,2021-04-01,2021,202104,на Гагарина,Nuke,NK ice-4908,25,274300,134225.0,140075.0,104.36
,2021-05-01,2021,202105,на Гагарина,Nuke,NK ice-4908,32,334272,171808.0,162464.0,94.56
,2021-06-01,2021,202106,на Гагарина,Nuke,NK ice-4908,30,315810,161070.0,154740.0,96.07
,2021-07-01,2021,202107,на Гагарина,Nuke,NK ice-4908,32,270496,171808.0,98688.0,57.44
,2021-08-01,2021,202108,на Гагарина,Nuke,NK ice-4908,27,274671,144963.0,129708.0,89.48
,2021-09-01,2021,202109,на Гагарина,Nuke,NK ice-4908,29,282692,155701.0,126991.0,81.56
,2021-10-01,2021,202110,на Гагарина,Nuke,NK ice-4908,24,245616,128856.0,116760.0,90.61
,2021-11-01,2021,202111,на Гагарина,Nuke,NK ice-4908,17,168113,91273.0,76840.0,84.19
,2021-12-01,2021,202112,на Гагарина,Nuke,NK ice-4908,20,188720,107380.0,81340.0,75.75
,2022-01-01,2022,202201,на Гагарина,Nuke,NK ice-4908,30,295920,161070.0,134850.0,83.72
,2022-02-01,2022,202202,на Гагарина,Nuke,NK ice-4908,19,202901,102011.0,100890.0,98.9
,2022-03-01,2022,202203,на Гагарина,Nuke,NK ice-4908,15,144900,80535.0,64365.0,79.92
,2022-04-01,2022,202204,на Гагарина,Nuke,NK ice-4908,28,309932,150332.0,159600.0,106.17
,2022-05-01,2022,202205,на Гагарина,Nuke,NK ice-4908,35,379190,187915.0,191275.0,101.79
,2022-06-01,2022,202206,на Гагарина,Nuke,NK ice-4908,33,326205,177177.0,149028.0,84.11
,2022-07-01,2022,202207,на Гагарина,Nuke,NK ice-4908,35,290185,187915.0,102270.0,54.42
,2022-08-01,2022,202208,на Гагарина,Nuke,NK ice-4908,30,300750,161070.0,139680.0,86.72
,2022-09-01,2022,202209,на Гагарина,Nuke,NK ice-4908,31,310341,166439.0,143902.0,86.46
,2022-10-01,2022,202210,на Гагарина,Nuke,NK ice-4908,26,272428,139594.0,132834.0,95.16
,2022-11-01,2022,202211,на Гагарина,Nuke,NK ice-4908,19,193895,102011.0,91884.0,90.07
,2022-12-01,2022,202212,на Гагарина,Nuke,NK ice-4908,22,206822,118118.0,88704.0,75.1
,2021-01-01,2021,202101,на Гагарина,Nuke,NK ai-2826,19,229026,104500.0,124526.0,119.16
,2021-02-01,2021,202102,на Гагарина,Nuke,NK ai-2826,12,151308,66000.0,85308.0,129.25
,2021-03-01,2021,202103,на Гагарина,Nuke,NK ai-2826,10,120860,55000.0,65860.0,119.75
,2021-04-01,2021,202104,на Гагарина,Nuke,NK ai-2826,18,223812,99000.0,124812.0,126.07
,2021-05-01,2021,202105,на Гагарина,Nuke,NK ai-2826,23,295734,126500.0,169234.0,133.78
,2021-06-01,2021,202106,на Гагарина,Nuke,NK ai-2826,22,266508,121000.0,145508.0,120.25
,2021-07-01,2021,202107,на Гагарина,Nuke,NK ai-2826,23,244375,126500.0,117875.0,93.18
,2021-08-01,2021,202108,на Гагарина,Nuke,NK ai-2826,19,215593,104500.0,111093.0,106.31
,2021-09-01,2021,202109,на Гагарина,Nuke,NK ai-2826,20,241740,110000.0,131740.0,119.76
,2021-10-01,2021,202110,на Гагарина,Nuke,NK ai-2826,17,207383,93500.0,113883.0,121.8
,2021-11-01,2021,202111,на Гагарина,Nuke,NK ai-2826,12,152952,66000.0,86952.0,131.75
,2021-12-01,2021,202112,на Гагарина,Nuke,NK ai-2826,15,168045,82500.0,85545.0,103.69
,2022-01-01,2022,202201,на Гагарина,Nuke,NK ai-2826,21,266049,115500.0,150549.0,130.35
,2022-02-01,2022,202202,на Гагарина,Nuke,NK ai-2826,13,161239,71500.0,89739.0,125.51
,2022-03-01,2022,202203,на Гагарина,Nuke,NK ai-2826,11,126401,60500.0,65901.0,108.93
,2022-04-01,2022,202204,на Гагарина,Nuke,NK ai-2826,20,258540,110000.0,148540.0,135.04
,2022-05-01,2022,202205,на Гагарина,Nuke,NK ai-2826,25,329525,137500.0,192025.0,139.65
,2022-06-01,2022,202206,на Гагарина,Nuke,NK ai-2826,24,284688,132000.0,152688.0,115.67
,2022-07-01,2022,202207,на Гагарина,Nuke,NK ai-2826,25,257625,137500.0,120125.0,87.36
,2022-08-01,2022,202208,на Гагарина,Nuke,NK ai-2826,21,239064,115500.0,123564.0,106.98
,2022-09-01,2022,202209,на Гагарина,Nuke,NK ai-2826,22,266860,121000.0,145860.0,120.55
,2022-10-01,2022,202210,на Гагарина,Nuke,NK ai-2826,19,240578,104500.0,136078.0,130.22
,2022-11-01,2022,202211,на Гагарина,Nuke,NK ai-2826,13,159393,71500.0,87893.0,122.93
,2022-12-01,2022,202212,на Гагарина,Nuke,NK ai-2826,16,188704,88000.0,100704.0,114.44
,2021-01-01,2021,202101,на Гагарина,Rubok,RB air-7636,6,23532,9072.0,14460.0,159.39
,2021-02-01,2021,202102,на Гагарина,Rubok,RB air-7636,4,19236,6048.0,13188.0,218.06
,2021-03-01,2021,202103,на Гагарина,Rubok,RB air-7636,3,11631,4536.0,7095.0,156.42
,2021-04-01,2021,202104,на Гагарина,Rubok,RB air-7636,6,27570,9072.0,18498.0,203.9
,2021-05-01,2021,202105,на Гагарина,Rubok,RB air-7636,7,34783,10584.0,24199.0,228.64
,2021-06-01,2021,202106,на Гагарина,Rubok,RB air-7636,7,26425,10584.0,15841.0,149.67
,2021-07-01,2021,202107,на Гагарина,Rubok,RB air-7636,7,18907,10584.0,8323.0,78.64
,2021-08-01,2021,202108,на Гагарина,Rubok,RB air-7636,6,23052,9072.0,13980.0,154.1
,2021-09-01,2021,202109,на Гагарина,Rubok,RB air-7636,7,27174,10584.0,16590.0,156.75
,2021-10-01,2021,202110,на Гагарина,Rubok,RB air-7636,6,27972,9072.0,18900.0,208.33
,2021-11-01,2021,202111,на Гагарина,Rubok,RB air-7636,4,17176,6048.0,11128.0,183.99
,2021-12-01,2021,202112,на Гагарина,Rubok,RB air-7636,5,19225,7560.0,11665.0,154.3
,2022-01-01,2022,202201,на Гагарина,Rubok,RB air-7636,7,27678,10584.0,17094.0,161.51
,2022-02-01,2022,202202,на Гагарина,Rubok,RB air-7636,4,17364,6048.0,11316.0,187.1
,2022-03-01,2022,202203,на Гагарина,Rubok,RB air-7636,4,15832,6048.0,9784.0,161.77
,2022-04-01,2022,202204,на Гагарина,Rubok,RB air-7636,6,27270,9072.0,18198.0,200.6
,2022-05-01,2022,202205,на Гагарина,Rubok,RB air-7636,8,40936,12096.0,28840.0,238.43
,2022-06-01,2022,202206,на Гагарина,Rubok,RB air-7636,8,32248,12096.0,20152.0,166.6
,2022-07-01,2022,202207,на Гагарина,Rubok,RB air-7636,8,18600,12096.0,6504.0,53.77
,2022-08-01,2022,202208,на Гагарина,Rubok,RB air-7636,7,23709,10584.0,13125.0,124.01
,2022-09-01,2022,202209,на Гагарина,Rubok,RB air-7636,7,28406,10584.0,17822.0,168.39
,2022-10-01,2022,202210,на Гагарина,Rubok,RB air-7636,6,26058,9072.0,16986.0,187.24
,2022-11-01,2022,202211,на Гагарина,Rubok,RB air-7636,4,15656,6048.0,9608.0,158.86
,2022-12-01,2022,202212,на Гагарина,Rubok,RB air-7636,5,15585,7560.0,8025.0,106.15
,2021-01-01,2021,202101,на Гагарина,Rubok,RB grou-5163,8,21144,6256.0,14888.0,237.98
,2021-02-01,2021,202102,на Гагарина,Rubok,RB grou-5163,5,17760,3910.0,13850.0,354.22
,2021-03-01,2021,202103,на Гагарина,Rubok,RB grou-5163,4,8392,3128.0,5264.0,168.29
,2021-04-01,2021,202104,на Гагарина,Rubok,RB grou-5163,7,22722,5474.0,17248.0,315.09
,2021-05-01,2021,202105,на Гагарина,Rubok,RB grou-5163,9,33813,7038.0,26775.0,380.43
,2021-06-01,2021,202106,на Гагарина,Rubok,RB grou-5163,8,24384,6256.0,18128.0,289.77
,2021-07-01,2021,202107,на Гагарина,Rubok,RB grou-5163,9,13086,7038.0,6048.0,85.93
,2021-08-01,2021,202108,на Гагарина,Rubok,RB grou-5163,8,18440,6256.0,12184.0,194.76
,2021-09-01,2021,202109,на Гагарина,Rubok,RB grou-5163,8,16072,6256.0,9816.0,156.91
,2021-10-01,2021,202110,на Гагарина,Rubok,RB grou-5163,7,24878,5474.0,19404.0,354.48
,2021-11-01,2021,202111,на Гагарина,Rubok,RB grou-5163,5,14420,3910.0,10510.0,268.8
,2021-12-01,2021,202112,на Гагарина,Rubok,RB grou-5163,6,17616,4692.0,12924.0,275.45
,2022-01-01,2022,202201,на Гагарина,Rubok,RB grou-5163,8,23032,6256.0,16776.0,268.16
,2022-02-01,2022,202202,на Гагарина,Rubok,RB grou-5163,5,15415,3910.0,11505.0,294.25
,2022-03-01,2022,202203,на Гагарина,Rubok,RB grou-5163,4,7884,3128.0,4756.0,152.05
,2022-04-01,2022,202204,на Гагарина,Rubok,RB grou-5163,8,28240,6256.0,21984.0,351.41
,2022-05-01,2022,202205,на Гагарина,Rubok,RB grou-5163,10,33830,7820.0,26010.0,332.61
,2022-06-01,2022,202206,на Гагарина,Rubok,RB grou-5163,9,28026,7038.0,20988.0,298.21
,2022-07-01,2022,202207,на Гагарина,Rubok,RB grou-5163,10,15790,7820.0,7970.0,101.92
,2022-08-01,2022,202208,на Гагарина,Rubok,RB grou-5163,8,21904,6256.0,15648.0,250.13
,2022-09-01,2022,202209,на Гагарина,Rubok,RB grou-5163,9,23805,7038.0,16767.0,238.24
,2022-10-01,2022,202210,на Гагарина,Rubok,RB grou-5163,7,22855,5474.0,17381.0,317.52
,2022-11-01,2022,202211,на Гагарина,Rubok,RB grou-5163,5,17415,3910.0,13505.0,345.4
,2022-12-01,2022,202212,на Гагарина,Rubok,RB grou-5163,6,13326,4692.0,8634.0,184.02
,2021-01-01,2021,202101,на Гагарина,Rubok,RB gre-1678,7,37478,12250.0,25228.0,205.94
,2021-02-01,2021,202102,на Гагарина,Rubok,RB gre-1678,4,21580,7000.0,14580.0,208.29
,2021-03-01,2021,202103,на Гагарина,Rubok,RB gre-1678,4,15680,7000.0,8680.0,124.0
,2021-04-01,2021,202104,на Гагарина,Rubok,RB gre-1678,6,28512,10500.0,18012.0,171.54
,2021-05-01,2021,202105,на Гагарина,Rubok,RB gre-1678,8,42512,14000.0,28512.0,203.66
,2021-06-01,2021,202106,на Гагарина,Rubok,RB gre-1678,8,41072,14000.0,27072.0,193.37
,2021-07-01,2021,202107,на Гагарина,Rubok,RB gre-1678,8,28440,14000.0,14440.0,103.14
,2021-08-01,2021,202108,на Гагарина,Rubok,RB gre-1678,7,29253,12250.0,17003.0,138.8
,2021-09-01,2021,202109,на Гагарина,Rubok,RB gre-1678,7,30016,12250.0,17766.0,145.03
,2021-10-01,2021,202110,на Гагарина,Rubok,RB gre-1678,6,31038,10500.0,20538.0,195.6
,2021-11-01,2021,202111,на Гагарина,Rubok,RB gre-1678,4,17804,7000.0,10804.0,154.34
,2021-12-01,2021,202112,на Гагарина,Rubok,RB gre-1678,5,21415,8750.0,12665.0,144.74
,2022-01-01,2022,202201,на Гагарина,Rubok,RB gre-1678,8,39944,14000.0,25944.0,185.31
,2022-02-01,2022,202202,на Гагарина,Rubok,RB gre-1678,5,22755,8750.0,14005.0,160.06
,2022-03-01,2022,202203,на Гагарина,Rubok,RB gre-1678,4,17476,7000.0,10476.0,149.66
,2022-04-01,2022,202204,на Гагарина,Rubok,RB gre-1678,7,35539,12250.0,23289.0,190.11
,2022-05-01,2022,202205,на Гагарина,Rubok,RB gre-1678,9,52065,15750.0,36315.0,230.57
,2022-06-01,2022,202206,на Гагарина,Rubok,RB gre-1678,8,39512,14000.0,25512.0,182.23
,2022-07-01,2022,202207,на Гагарина,Rubok,RB gre-1678,9,28044,15750.0,12294.0,78.06
,2022-08-01,2022,202208,на Гагарина,Rubok,RB gre-1678,8,36456,14000.0,22456.0,160.4
,2022-09-01,2022,202209,на Гагарина,Rubok,RB gre-1678,8,32008,14000.0,18008.0,128.63
,2022-10-01,2022,202210,на Гагарина,Rubok,RB gre-1678,7,36764,12250.0,24514.0,200.11
,2022-11-01,2022,202211,на Гагарина,Rubok,RB gre-1678,5,21185,8750.0,12435.0,142.11
,2022-12-01,2022,202212,на Гагарина,Rubok,RB gre-1678,6,23586,10500.0,13086.0,124.63
,2021-01-01,2021,202101,на Гагарина,Rubok,RB earth-5369,6,33978,15120.0,18858.0,124.72
,2021-02-01,2021,202102,на Гагарина,Rubok,RB earth-5369,4,23228,10080.0,13148.0,130.44
,2021-03-01,2021,202103,на Гагарина,Rubok,RB earth-5369,3,13263,7560.0,5703.0,75.44
,2021-04-01,2021,202104,на Гагарина,Rubok,RB earth-5369,6,33030,15120.0,17910.0,118.45
,2021-05-01,2021,202105,на Гагарина,Rubok,RB earth-5369,7,47516,17640.0,29876.0,169.37
,2021-06-01,2021,202106,на Гагарина,Rubok,RB earth-5369,7,36064,17640.0,18424.0,104.44
,2021-07-01,2021,202107,на Гагарина,Rubok,RB earth-5369,7,25767,17640.0,8127.0,46.07
,2021-08-01,2021,202108,на Гагарина,Rubok,RB earth-5369,6,31806,15120.0,16686.0,110.36
,2021-09-01,2021,202109,на Гагарина,Rubok,RB earth-5369,7,33852,17640.0,16212.0,91.9
,2021-10-01,2021,202110,на Гагарина,Rubok,RB earth-5369,6,34068,15120.0,18948.0,125.32
,2021-11-01,2021,202111,на Гагарина,Rubok,RB earth-5369,4,21376,10080.0,11296.0,112.06
,2021-12-01,2021,202112,на Гагарина,Rubok,RB earth-5369,5,23615,12600.0,11015.0,87.42
,2022-01-01,2022,202201,на Гагарина,Rubok,RB earth-5369,7,37695,17640.0,20055.0,113.69
,2022-02-01,2022,202202,на Гагарина,Rubok,RB earth-5369,4,23704,10080.0,13624.0,135.16
,2022-03-01,2022,202203,на Гагарина,Rubok,RB earth-5369,4,18572,10080.0,8492.0,84.25
,2022-04-01,2022,202204,на Гагарина,Rubok,RB earth-5369,6,33294,15120.0,18174.0,120.2
,2022-05-01,2022,202205,на Гагарина,Rubok,RB earth-5369,8,49416,20160.0,29256.0,145.12
,2022-06-01,2022,202206,на Гагарина,Rubok,RB earth-5369,8,48848,20160.0,28688.0,142.3
,2022-07-01,2022,202207,на Гагарина,Rubok,RB earth-5369,8,31832,20160.0,11672.0,57.9
,2022-08-01,2022,202208,на Гагарина,Rubok,RB earth-5369,7,33719,17640.0,16079.0,91.15
,2022-09-01,2022,202209,на Гагарина,Rubok,RB earth-5369,7,33369,17640.0,15729.0,89.17
,2022-10-01,2022,202210,на Гагарина,Rubok,RB earth-5369,6,33384,15120.0,18264.0,120.79
,2022-11-01,2022,202211,на Гагарина,Rubok,RB earth-5369,4,19972,10080.0,9892.0,98.13
,2022-12-01,2022,202212,на Гагарина,Rubok,RB earth-5369,5,23640,12600.0,11040.0,87.62
,2021-01-01,2021,202101,на Гагарина,Rubok,RB ais-8935,8,24432,7392.0,17040.0,230.52
,2021-02-01,2021,202102,на Гагарина,Rubok,RB ais-8935,5,17420,4620.0,12800.0,277.06
,2021-03-01,2021,202103,на Гагарина,Rubok,RB ais-8935,4,9464,3696.0,5768.0,156.06
,2021-04-01,2021,202104,на Гагарина,Rubok,RB ais-8935,7,24836,6468.0,18368.0,283.98
,2021-05-01,2021,202105,на Гагарина,Rubok,RB ais-8935,9,35874,8316.0,27558.0,331.39
,2021-06-01,2021,202106,на Гагарина,Rubok,RB ais-8935,9,33183,8316.0,24867.0,299.03
,2021-07-01,2021,202107,на Гагарина,Rubok,RB ais-8935,9,18936,8316.0,10620.0,127.71
,2021-08-01,2021,202108,на Гагарина,Rubok,RB ais-8935,8,24552,7392.0,17160.0,232.14
,2021-09-01,2021,202109,на Гагарина,Rubok,RB ais-8935,8,26416,7392.0,19024.0,257.36
,2021-10-01,2021,202110,на Гагарина,Rubok,RB ais-8935,7,25669,6468.0,19201.0,296.86
,2021-11-01,2021,202111,на Гагарина,Rubok,RB ais-8935,5,17955,4620.0,13335.0,288.64
,2021-12-01,2021,202112,на Гагарина,Rubok,RB ais-8935,6,18684,5544.0,13140.0,237.01
,2022-01-01,2022,202201,на Гагарина,Rubok,RB ais-8935,9,28512,8316.0,20196.0,242.86
,2022-02-01,2022,202202,на Гагарина,Rubok,RB ais-8935,6,23784,5544.0,18240.0,329.0
,2022-03-01,2022,202203,на Гагарина,Rubok,RB ais-8935,5,16135,4620.0,11515.0,249.24
,2022-04-01,2022,202204,на Гагарина,Rubok,RB ais-8935,8,30592,7392.0,23200.0,313.85
,2022-05-01,2022,202205,на Гагарина,Rubok,RB ais-8935,10,46210,9240.0,36970.0,400.11
,2022-06-01,2022,202206,на Гагарина,Rubok,RB ais-8935,10,38770,9240.0,29530.0,319.59
,2022-07-01,2022,202207,на Гагарина,Rubok,RB ais-8935,10,19170,9240.0,9930.0,107.47
,2022-08-01,2022,202208,на Гагарина,Rubok,RB ais-8935,9,22581,8316.0,14265.0,171.54
,2022-09-01,2022,202209,на Гагарина,Rubok,RB ais-8935,9,32778,8316.0,24462.0,294.16
,2022-10-01,2022,202210,на Гагарина,Rubok,RB ais-8935,8,31760,7392.0,24368.0,329.65
,2022-11-01,2022,202211,на Гагарина,Rubok,RB ais-8935,6,23370,5544.0,17826.0,321.54
,2022-12-01,2022,202212,на Гагарина,Rubok,RB ais-8935,7,24304,6468.0,17836.0,275.76
,2021-01-01,2021,202101,на Гагарина,Rubok,RB ice-6256,6,21588,6552.0,15036.0,229.49
,2021-02-01,2021,202102,на Гагарина,Rubok,RB ice-6256,4,15980,4368.0,11612.0,265.84
,2021-03-01,2021,202103,на Гагарина,Rubok,RB ice-6256,3,11154,3276.0,7878.0,240.48
,2021-04-01,2021,202104,на Гагарина,Rubok,RB ice-6256,6,24738,6552.0,18186.0,277.56
,2021-05-01,2021,202105,на Гагарина,Rubok,RB ice-6256,7,28812,7644.0,21168.0,276.92
,2021-06-01,2021,202106,на Гагарина,Rubok,RB ice-6256,7,27874,7644.0,20230.0,264.65
,2021-07-01,2021,202107,на Гагарина,Rubok,RB ice-6256,7,17549,7644.0,9905.0,129.58
,2021-08-01,2021,202108,на Гагарина,Rubok,RB ice-6256,6,22260,6552.0,15708.0,239.74
,2021-09-01,2021,202109,на Гагарина,Rubok,RB ice-6256,7,20748,7644.0,13104.0,171.43
,2021-10-01,2021,202110,на Гагарина,Rubok,RB ice-6256,6,23946,6552.0,17394.0,265.48
,2021-11-01,2021,202111,на Гагарина,Rubok,RB ice-6256,4,15268,4368.0,10900.0,249.54
,2021-12-01,2021,202112,на Гагарина,Rubok,RB ice-6256,5,16785,5460.0,11325.0,207.42
,2022-01-01,2022,202201,на Гагарина,Rubok,RB ice-6256,7,26439,7644.0,18795.0,245.88
,2022-02-01,2022,202202,на Гагарина,Rubok,RB ice-6256,5,20785,5460.0,15325.0,280.68
,2022-03-01,2022,202203,на Гагарина,Rubok,RB ice-6256,4,12888,4368.0,8520.0,195.05
,2022-04-01,2022,202204,на Гагарина,Rubok,RB ice-6256,7,34797,7644.0,27153.0,355.22
,2022-05-01,2022,202205,на Гагарина,Rubok,RB ice-6256,8,33616,8736.0,24880.0,284.8
,2022-06-01,2022,202206,на Гагарина,Rubok,RB ice-6256,8,35896,8736.0,27160.0,310.9
,2022-07-01,2022,202207,на Гагарина,Rubok,RB ice-6256,8,23504,8736.0,14768.0,169.05
,2022-08-01,2022,202208,на Гагарина,Rubok,RB ice-6256,7,22323,7644.0,14679.0,192.03
,2022-09-01,2022,202209,на Гагарина,Rubok,RB ice-6256,7,24570,7644.0,16926.0,221.43
,2022-10-01,2022,202210,на Гагарина,Rubok,RB ice-6256,6,22680,6552.0,16128.0,246.15
,2022-11-01,2022,202211,на Гагарина,Rubok,RB ice-6256,5,20275,5460.0,14815.0,271.34
,2022-12-01,2022,202212,на Гагарина,Rubok,RB ice-6256,5,15285,5460.0,9825.0,179.95
,2021-01-01,2021,202101,на Гагарина,Rubok,RB ai-9349,8,25096,6992.0,18104.0,258.92
,2021-02-01,2021,202102,на Гагарина,Rubok,RB ai-9349,5,15340,4370.0,10970.0,251.03
,2021-03-01,2021,202103,на Гагарина,Rubok,RB ai-9349,4,12420,3496.0,8924.0,255.26
,2021-04-01,2021,202104,на Гагарина,Rubok,RB ai-9349,8,28904,6992.0,21912.0,313.39
,2021-05-01,2021,202105,на Гагарина,Rubok,RB ai-9349,9,37062,7866.0,29196.0,371.17
,2021-06-01,2021,202106,на Гагарина,Rubok,RB ai-9349,9,24111,7866.0,16245.0,206.52
,2021-07-01,2021,202107,на Гагарина,Rubok,RB ai-9349,9,17775,7866.0,9909.0,125.97
,2021-08-01,2021,202108,на Гагарина,Rubok,RB ai-9349,8,19048,6992.0,12056.0,172.43
,2021-09-01,2021,202109,на Гагарина,Rubok,RB ai-9349,9,23445,7866.0,15579.0,198.05
,2021-10-01,2021,202110,на Гагарина,Rubok,RB ai-9349,7,23233,6118.0,17115.0,279.75
,2021-11-01,2021,202111,на Гагарина,Rubok,RB ai-9349,5,17250,4370.0,12880.0,294.74
,2021-12-01,2021,202112,на Гагарина,Rubok,RB ai-9349,6,15444,5244.0,10200.0,194.51
,2022-01-01,2022,202201,на Гагарина,Rubok,RB ai-9349,9,25776,7866.0,17910.0,227.69
,2022-02-01,2022,202202,на Гагарина,Rubok,RB ai-9349,6,19962,5244.0,14718.0,280.66
,2022-03-01,2022,202203,на Гагарина,Rubok,RB ai-9349,5,12870,4370.0,8500.0,194.51
,2022-04-01,2022,202204,на Гагарина,Rubok,RB ai-9349,8,24208,6992.0,17216.0,246.22
,2022-05-01,2022,202205,на Гагарина,Rubok,RB ai-9349,10,45580,8740.0,36840.0,421.51
,2022-06-01,2022,202206,на Гагарина,Rubok,RB ai-9349,10,30300,8740.0,21560.0,246.68
,2022-07-01,2022,202207,на Гагарина,Rubok,RB ai-9349,10,20250,8740.0,11510.0,131.69
,2022-08-01,2022,202208,на Гагарина,Rubok,RB ai-9349,9,19161,7866.0,11295.0,143.59
,2022-09-01,2022,202209,на Гагарина,Rubok,RB ai-9349,9,30330,7866.0,22464.0,285.58
,2022-10-01,2022,202210,на Гагарина,Rubok,RB ai-9349,8,29896,6992.0,22904.0,327.57
,2022-11-01,2022,202211,на Гагарина,Rubok,RB ai-9349,6,23226,5244.0,17982.0,342.91
,2022-12-01,2022,202212,на Гагарина,Rubok,RB ai-9349,7,21021,6118.0,14903.0,243.59
,2021-01-01,2021,202101,на Писаревской,Galosha,KA air-9558,48,530448,288000.0,242448.0,84.18
,2021-02-01,2021,202102,на Писаревской,Galosha,KA air-9558,30,337320,180000.0,157320.0,87.4
,2021-03-01,2021,202103,на Писаревской,Galosha,KA air-9558,24,244128,144000.0,100128.0,69.53
,2021-04-01,2021,202104,на Писаревской,Galosha,KA air-9558,45,518940,270000.0,248940.0,92.2
,2021-05-01,2021,202105,на Писаревской,Galosha,KA air-9558,57,690042,342000.0,348042.0,101.77
,2021-06-01,2021,202106,на Писаревской,Galosha,KA air-9558,54,636930,324000.0,312930.0,96.58
,2021-07-01,2021,202107,на Писаревской,Galosha,KA air-9558,57,566580,342000.0,224580.0,65.67
,2021-08-01,2021,202108,на Писаревской,Galosha,KA air-9558,48,495600,288000.0,207600.0,72.08
,2021-09-01,2021,202109,на Писаревской,Galosha,KA air-9558,51,542742,306000.0,236742.0,77.37
,2021-10-01,2021,202110,на Писаревской,Galosha,KA air-9558,42,489762,252000.0,237762.0,94.35
,2021-11-01,2021,202111,на Писаревской,Galosha,KA air-9558,30,354450,180000.0,174450.0,96.92
,2021-12-01,2021,202112,на Писаревской,Galosha,KA air-9558,36,389808,216000.0,173808.0,80.47
,2022-01-01,2022,202201,на Писаревской,Galosha,KA air-9558,52,573248,312000.0,261248.0,83.73
,2022-02-01,2022,202202,на Писаревской,Galosha,KA air-9558,33,366201,198000.0,168201.0,84.95
,2022-03-01,2022,202203,на Писаревской,Galosha,KA air-9558,26,287768,156000.0,131768.0,84.47
,2022-04-01,2022,202204,на Писаревской,Galosha,KA air-9558,49,571879,294000.0,277879.0,94.52
,2022-05-01,2022,202205,на Писаревской,Galosha,KA air-9558,62,755098,372000.0,383098.0,102.98
,2022-06-01,2022,202206,на Писаревской,Galosha,KA air-9558,59,674665,354000.0,320665.0,90.58
,2022-07-01,2022,202207,на Писаревской,Galosha,KA air-9558,62,593154,372000.0,221154.0,59.45
,2022-08-01,2022,202208,на Писаревской,Galosha,KA air-9558,52,571064,312000.0,259064.0,83.03
,2022-09-01,2022,202209,на Писаревской,Galosha,KA air-9558,56,589792,336000.0,253792.0,75.53
,2022-10-01,2022,202210,на Писаревской,Galosha,KA air-9558,46,501722,276000.0,225722.0,81.78
,2022-11-01,2022,202211,на Писаревской,Galosha,KA air-9558,33,376398,198000.0,178398.0,90.1
,2022-12-01,2022,202212,на Писаревской,Galosha,KA air-9558,39,403143,234000.0,169143.0,72.28
,2021-01-01,2021,202101,на Писаревской,Galosha,KA grou-7567,44,574816,311520.0,263296.0,84.52
,2021-02-01,2021,202102,на Писаревской,Galosha,KA grou-7567,27,347490,191160.0,156330.0,81.78
,2021-03-01,2021,202103,на Писаревской,Galosha,KA grou-7567,22,283734,155760.0,127974.0,82.16
,2021-04-01,2021,202104,на Писаревской,Galosha,KA grou-7567,41,548744,290280.0,258464.0,89.04
,2021-05-01,2021,202105,на Писаревской,Galosha,KA grou-7567,52,732368,368160.0,364208.0,98.93
,2021-06-01,2021,202106,на Писаревской,Galosha,KA grou-7567,49,671251,346920.0,324331.0,93.49
,2021-07-01,2021,202107,на Писаревской,Galosha,KA grou-7567,52,622596,368160.0,254436.0,69.11
,2021-08-01,2021,202108,на Писаревской,Galosha,KA grou-7567,44,553432,311520.0,241912.0,77.66
,2021-09-01,2021,202109,на Писаревской,Galosha,KA grou-7567,46,615526,325680.0,289846.0,89.0
,2021-10-01,2021,202110,на Писаревской,Galosha,KA grou-7567,38,520068,269040.0,251028.0,93.31
,2021-11-01,2021,202111,на Писаревской,Galosha,KA grou-7567,27,361449,191160.0,170289.0,89.08
,2021-12-01,2021,202112,на Писаревской,Galosha,KA grou-7567,33,426294,233640.0,192654.0,82.46
,2022-01-01,2022,202201,на Писаревской,Galosha,KA grou-7567,48,661824,339840.0,321984.0,94.75
,2022-02-01,2022,202202,на Писаревской,Galosha,KA grou-7567,30,397140,212400.0,184740.0,86.98
,2022-03-01,2022,202203,на Писаревской,Galosha,KA grou-7567,24,322392,169920.0,152472.0,89.73
,2022-04-01,2022,202204,на Писаревской,Galosha,KA grou-7567,45,614520,318600.0,295920.0,92.88
,2022-05-01,2022,202205,на Писаревской,Galosha,KA grou-7567,57,811110,403560.0,407550.0,100.99
,2022-06-01,2022,202206,на Писаревской,Galosha,KA grou-7567,54,732132,382320.0,349812.0,91.5
,2022-07-01,2022,202207,на Писаревской,Galosha,KA grou-7567,57,694659,403560.0,291099.0,72.13
,2022-08-01,2022,202208,на Писаревской,Galosha,KA grou-7567,48,602688,339840.0,262848.0,77.34
,2022-09-01,2022,202209,на Писаревской,Galosha,KA grou-7567,51,692580,361080.0,331500.0,91.81
,2022-10-01,2022,202210,на Писаревской,Galosha,KA grou-7567,42,558306,297360.0,260946.0,87.75
,2022-11-01,2022,202211,на Писаревской,Galosha,KA grou-7567,30,404940,212400.0,192540.0,90.65
,2022-12-01,2022,202212,на Писаревской,Galosha,KA grou-7567,36,450540,254880.0,195660.0,76.77
,2021-01-01,2021,202101,на Писаревской,Galosha,KA gre-2749,44,1165252,462000.0,703252.0,152.22
,2021-02-01,2021,202102,на Писаревской,Galosha,KA gre-2749,27,734076,283500.0,450576.0,158.93
,2021-03-01,2021,202103,на Писаревской,Galosha,KA gre-2749,22,571120,231000.0,340120.0,147.24
,2021-04-01,2021,202104,на Писаревской,Galosha,KA gre-2749,41,1119546,430500.0,689046.0,160.06
,2021-05-01,2021,202105,на Писаревской,Galosha,KA gre-2749,52,1416688,546000.0,870688.0,159.47
,2021-06-01,2021,202106,на Писаревской,Galosha,KA gre-2749,49,1276450,514500.0,761950.0,148.1
,2021-07-01,2021,202107,на Писаревской,Galosha,KA gre-2749,52,1286844,546000.0,740844.0,135.69
,2021-08-01,2021,202108,на Писаревской,Galosha,KA gre-2749,44,1119096,462000.0,657096.0,142.23
,2021-09-01,2021,202109,на Писаревской,Galosha,KA gre-2749,46,1209984,483000.0,726984.0,150.51
,2021-10-01,2021,202110,на Писаревской,Galosha,KA gre-2749,38,988836,399000.0,589836.0,147.83
,2021-11-01,2021,202111,на Писаревской,Galosha,KA gre-2749,27,699327,283500.0,415827.0,146.68
,2021-12-01,2021,202112,на Писаревской,Galosha,KA gre-2749,33,860475,346500.0,513975.0,148.33
,2022-01-01,2022,202201,на Писаревской,Galosha,KA gre-2749,48,1250064,504000.0,746064.0,148.03
,2022-02-01,2022,202202,на Писаревской,Galosha,KA gre-2749,30,799980,315000.0,484980.0,153.96
,2022-03-01,2022,202203,на Писаревской,Galosha,KA gre-2749,24,627672,252000.0,375672.0,149.08
,2022-04-01,2022,202204,на Писаревской,Galosha,KA gre-2749,45,1200105,472500.0,727605.0,153.99
,2022-05-01,2022,202205,на Писаревской,Galosha,KA gre-2749,57,1556955,598500.0,958455.0,160.14
,2022-06-01,2022,202206,на Писаревской,Galosha,KA gre-2749,54,1436022,567000.0,869022.0,153.27
,2022-07-01,2022,202207,на Писаревской,Galosha,KA gre-2749,57,1429047,598500.0,830547.0,138.77
,2022-08-01,2022,202208,на Писаревской,Galosha,KA gre-2749,48,1233552,504000.0,729552.0,144.75
,2022-09-01,2022,202209,на Писаревской,Galosha,KA gre-2749,51,1320543,535500.0,785043.0,146.6
,2022-10-01,2022,202210,на Писаревской,Galosha,KA gre-2749,42,1086456,441000.0,645456.0,146.36
,2022-11-01,2022,202211,на Писаревской,Galosha,KA gre-2749,30,777900,315000.0,462900.0,146.95
,2022-12-01,2022,202212,на Писаревской,Galosha,KA gre-2749,36,910188,378000.0,532188.0,140.79
,2021-01-01,2021,202101,на Писаревской,Galosha,KA earth-3018,47,851593,351560.0,500033.0,142.23
,2021-02-01,2021,202102,на Писаревской,Galosha,KA earth-3018,30,548100,224400.0,323700.0,144.25
,2021-03-01,2021,202103,на Писаревской,Galosha,KA earth-3018,24,434256,179520.0,254736.0,141.9
,2021-04-01,2021,202104,на Писаревской,Galosha,KA earth-3018,44,812372,329120.0,483252.0,146.83
,2021-05-01,2021,202105,на Писаревской,Galosha,KA earth-3018,56,1050280,418880.0,631400.0,150.74
,2021-06-01,2021,202106,на Писаревской,Galosha,KA earth-3018,53,983150,396440.0,586710.0,147.99
,2021-07-01,2021,202107,на Писаревской,Galosha,KA earth-3018,56,926744,418880.0,507864.0,121.24
,2021-08-01,2021,202108,на Писаревской,Galosha,KA earth-3018,47,842287,351560.0,490727.0,139.59
,2021-09-01,2021,202109,на Писаревской,Galosha,KA earth-3018,50,890050,374000.0,516050.0,137.98
,2021-10-01,2021,202110,на Писаревской,Galosha,KA earth-3018,41,747963,306680.0,441283.0,143.89
,2021-11-01,2021,202111,на Писаревской,Galosha,KA earth-3018,30,555900,224400.0,331500.0,147.73
,2021-12-01,2021,202112,на Писаревской,Galosha,KA earth-3018,36,625860,269280.0,356580.0,132.42
,2022-01-01,2022,202201,на Писаревской,Galosha,KA earth-3018,52,947596,388960.0,558636.0,143.62
,2022-02-01,2022,202202,на Писаревской,Galosha,KA earth-3018,33,613074,246840.0,366234.0,148.37
,2022-03-01,2022,202203,на Писаревской,Galosha,KA earth-3018,26,444704,194480.0,250224.0,128.66
,2022-04-01,2022,202204,на Писаревской,Galosha,KA earth-3018,49,920416,366520.0,553896.0,151.12
,2022-05-01,2022,202205,на Писаревской,Galosha,KA earth-3018,62,1185812,463760.0,722052.0,155.7
,2022-06-01,2022,202206,на Писаревской,Galosha,KA earth-3018,58,1054266,433840.0,620426.0,143.01
,2022-07-01,2022,202207,на Писаревской,Galosha,KA earth-3018,62,1028518,463760.0,564758.0,121.78
,2022-08-01,2022,202208,на Писаревской,Galosha,KA earth-3018,52,929032,388960.0,540072.0,138.85
,2022-09-01,2022,202209,на Писаревской,Galosha,KA earth-3018,55,984170,411400.0,572770.0,139.22
,2022-10-01,2022,202210,на Писаревской,Galosha,KA earth-3018,46,852058,344080.0,507978.0,147.63
,2022-11-01,2022,202211,на Писаревской,Galosha,KA earth-3018,33,608685,246840.0,361845.0,146.59
,2022-12-01,2022,202212,на Писаревской,Galosha,KA earth-3018,39,698061,291720.0,406341.0,139.29
,2021-01-01,2021,202101,на Писаревской,Galosha,KA ais-3700,37,1138416,621600.0,516816.0,83.14
,2021-02-01,2021,202102,на Писаревской,Galosha,KA ais-3700,23,729261,386400.0,342861.0,88.73
,2021-03-01,2021,202103,на Писаревской,Galosha,KA ais-3700,19,586644,319200.0,267444.0,83.79
,2021-04-01,2021,202104,на Писаревской,Galosha,KA ais-3700,35,1112475,588000.0,524475.0,89.2
,2021-05-01,2021,202105,на Писаревской,Galosha,KA ais-3700,44,1408880,739200.0,669680.0,90.6
,2021-06-01,2021,202106,на Писаревской,Galosha,KA ais-3700,41,1258946,688800.0,570146.0,82.77
,2021-07-01,2021,202107,на Писаревской,Galosha,KA ais-3700,44,1309968,739200.0,570768.0,77.21
,2021-08-01,2021,202108,на Писаревской,Galosha,KA ais-3700,37,1127760,621600.0,506160.0,81.43
,2021-09-01,2021,202109,на Писаревской,Galosha,KA ais-3700,39,1187823,655200.0,532623.0,81.29
,2021-10-01,2021,202110,на Писаревской,Galosha,KA ais-3700,32,1014784,537600.0,477184.0,88.76
,2021-11-01,2021,202111,на Писаревской,Galosha,KA ais-3700,23,722844,386400.0,336444.0,87.07
,2021-12-01,2021,202112,на Писаревской,Galosha,KA ais-3700,28,871892,470400.0,401492.0,85.35
,2022-01-01,2022,202201,на Писаревской,Galosha,KA ais-3700,41,1290147,688800.0,601347.0,87.3
,2022-02-01,2022,202202,на Писаревской,Galosha,KA ais-3700,26,801372,436800.0,364572.0,83.46
,2022-03-01,2022,202203,на Писаревской,Galosha,KA ais-3700,21,654990,352800.0,302190.0,85.65
,2022-04-01,2022,202204,на Писаревской,Galosha,KA ais-3700,38,1202738,638400.0,564338.0,88.4
,2022-05-01,2022,202205,на Писаревской,Galosha,KA ais-3700,48,1544160,806400.0,737760.0,91.49
,2022-06-01,2022,202206,на Писаревской,Galosha,KA ais-3700,46,1438374,772800.0,665574.0,86.12
,2022-07-01,2022,202207,на Писаревской,Galosha,KA ais-3700,48,1409664,806400.0,603264.0,74.81
,2022-08-01,2022,202208,на Писаревской,Galosha,KA ais-3700,41,1261037,688800.0,572237.0,83.08
,2022-09-01,2022,202209,на Писаревской,Galosha,KA ais-3700,43,1338031,722400.0,615631.0,85.22
,2022-10-01,2022,202210,на Писаревской,Galosha,KA ais-3700,36,1142784,604800.0,537984.0,88.95
,2022-11-01,2022,202211,на Писаревской,Galosha,KA ais-3700,26,810524,436800.0,373724.0,85.56
,2022-12-01,2022,202212,на Писаревской,Galosha,KA ais-3700,31,967572,520800.0,446772.0,85.79
,2021-01-01,2021,202101,на Писаревской,Galosha,KA ice-7591,35,577290,215250.0,362040.0,168.2
,2021-02-01,2021,202102,на Писаревской,Galosha,KA ice-7591,22,360250,135300.0,224950.0,166.26
,2021-03-01,2021,202103,на Писаревской,Galosha,KA ice-7591,18,280890,110700.0,170190.0,153.74
,2021-04-01,2021,202104,на Писаревской,Galosha,KA ice-7591,33,556248,202950.0,353298.0,174.08
,2021-05-01,2021,202105,на Писаревской,Galosha,KA ice-7591,42,716982,258300.0,458682.0,177.58
,2021-06-01,2021,202106,на Писаревской,Galosha,KA ice-7591,40,645400,246000.0,399400.0,162.36
,2021-07-01,2021,202107,на Писаревской,Galosha,KA ice-7591,42,630588,258300.0,372288.0,144.13
,2021-08-01,2021,202108,на Писаревской,Galosha,KA ice-7591,35,544425,215250.0,329175.0,152.93
,2021-09-01,2021,202109,на Писаревской,Galosha,KA ice-7591,37,594368,227550.0,366818.0,161.2
,2021-10-01,2021,202110,на Писаревской,Galosha,KA ice-7591,31,509144,190650.0,318494.0,167.06
,2021-11-01,2021,202111,на Писаревской,Galosha,KA ice-7591,22,362318,135300.0,227018.0,167.79
,2021-12-01,2021,202112,на Писаревской,Galosha,KA ice-7591,27,417258,166050.0,251208.0,151.28
,2022-01-01,2022,202201,на Писаревской,Galosha,KA ice-7591,39,635388,239850.0,395538.0,164.91
,2022-02-01,2022,202202,на Писаревской,Galosha,KA ice-7591,24,391032,147600.0,243432.0,164.93
,2022-03-01,2022,202203,на Писаревской,Galosha,KA ice-7591,20,307560,123000.0,184560.0,150.05
,2022-04-01,2022,202204,на Писаревской,Galosha,KA ice-7591,36,611568,221400.0,390168.0,176.23
,2022-05-01,2022,202205,на Писаревской,Galosha,KA ice-7591,46,751318,282900.0,468418.0,165.58
,2022-06-01,2022,202206,на Писаревской,Galosha,KA ice-7591,44,687852,270600.0,417252.0,154.2
,2022-07-01,2022,202207,на Писаревской,Galosha,KA ice-7591,46,684710,282900.0,401810.0,142.03
,2022-08-01,2022,202208,на Писаревской,Galosha,KA ice-7591,39,617253,239850.0,377403.0,157.35
,2022-09-01,2022,202209,на Писаревской,Galosha,KA ice-7591,41,651736,252150.0,399586.0,158.47
,2022-10-01,2022,202210,на Писаревской,Galosha,KA ice-7591,34,565488,209100.0,356388.0,170.44
,2022-11-01,2022,202211,на Писаревской,Galosha,KA ice-7591,24,399600,147600.0,252000.0,170.73
,2022-12-01,2022,202212,на Писаревской,Galosha,KA ice-7591,29,463478,178350.0,285128.0,159.87
,2021-01-01,2021,202101,на Писаревской,Galosha,KA ai-2818,46,552644,202400.0,350244.0,173.05
,2021-02-01,2021,202102,на Писаревской,Galosha,KA ai-2818,29,340344,127600.0,212744.0,166.73
,2021-03-01,2021,202103,на Писаревской,Galosha,KA ai-2818,23,263373,101200.0,162173.0,160.25
,2021-04-01,2021,202104,на Писаревской,Galosha,KA ai-2818,43,559000,189200.0,369800.0,195.45
,2021-05-01,2021,202105,на Писаревской,Galosha,KA ai-2818,55,714890,242000.0,472890.0,195.41
,2021-06-01,2021,202106,на Писаревской,Galosha,KA ai-2818,52,670904,228800.0,442104.0,193.23
,2021-07-01,2021,202107,на Писаревской,Galosha,KA ai-2818,55,577830,242000.0,335830.0,138.77
,2021-08-01,2021,202108,на Писаревской,Galosha,KA ai-2818,46,538108,202400.0,335708.0,165.86
,2021-09-01,2021,202109,на Писаревской,Galosha,KA ai-2818,49,593292,215600.0,377692.0,175.18
,2021-10-01,2021,202110,на Писаревской,Galosha,KA ai-2818,40,495560,176000.0,319560.0,181.57
,2021-11-01,2021,202111,на Писаревской,Galosha,KA ai-2818,29,342287,127600.0,214687.0,168.25
,2021-12-01,2021,202112,на Писаревской,Galosha,KA ai-2818,35,389760,154000.0,235760.0,153.09
,2022-01-01,2022,202201,на Писаревской,Galosha,KA ai-2818,51,643212,224400.0,418812.0,186.64
,2022-02-01,2022,202202,на Писаревской,Galosha,KA ai-2818,32,405344,140800.0,264544.0,187.89
,2022-03-01,2022,202203,на Писаревской,Galosha,KA ai-2818,26,297492,114400.0,183092.0,160.05
,2022-04-01,2022,202204,на Писаревской,Galosha,KA ai-2818,48,605520,211200.0,394320.0,186.7
,2022-05-01,2022,202205,на Писаревской,Galosha,KA ai-2818,60,760740,264000.0,496740.0,188.16
,2022-06-01,2022,202206,на Писаревской,Galosha,KA ai-2818,57,676191,250800.0,425391.0,169.61
,2022-07-01,2022,202207,на Писаревской,Galosha,KA ai-2818,60,628080,264000.0,364080.0,137.91
,2022-08-01,2022,202208,на Писаревской,Galosha,KA ai-2818,51,580941,224400.0,356541.0,158.89
,2022-09-01,2022,202209,на Писаревской,Galosha,KA ai-2818,54,636984,237600.0,399384.0,168.09
,2022-10-01,2022,202210,на Писаревской,Galosha,KA ai-2818,44,535172,193600.0,341572.0,176.43
,2022-11-01,2022,202211,на Писаревской,Galosha,KA ai-2818,32,387840,140800.0,247040.0,175.45
,2022-12-01,2022,202212,на Писаревской,Galosha,KA ai-2818,38,456114,167200.0,288914.0,172.8
,2021-01-01,2021,202101,на Писаревской,Babidas,BA air-5353,23,117438,41699.0,75739.0,181.63
,2021-02-01,2021,202102,на Писаревской,Babidas,BA air-5353,15,82530,27195.0,55335.0,203.47
,2021-03-01,2021,202103,на Писаревской,Babidas,BA air-5353,12,48072,21756.0,26316.0,120.96
,2021-04-01,2021,202104,на Писаревской,Babidas,BA air-5353,22,127270,39886.0,87384.0,219.08
,2021-05-01,2021,202105,на Писаревской,Babidas,BA air-5353,28,168644,50764.0,117880.0,232.21
,2021-06-01,2021,202106,на Писаревской,Babidas,BA air-5353,26,116714,47138.0,69576.0,147.6
,2021-07-01,2021,202107,на Писаревской,Babidas,BA air-5353,28,95284,50764.0,44520.0,87.7
,2021-08-01,2021,202108,на Писаревской,Babidas,BA air-5353,23,97704,41699.0,56005.0,134.31
,2021-09-01,2021,202109,на Писаревской,Babidas,BA air-5353,25,119250,45325.0,73925.0,163.1
,2021-10-01,2021,202110,на Писаревской,Babidas,BA air-5353,21,98532,38073.0,60459.0,158.8
,2021-11-01,2021,202111,на Писаревской,Babidas,BA air-5353,15,72825,27195.0,45630.0,167.79
,2021-12-01,2021,202112,на Писаревской,Babidas,BA air-5353,18,77670,32634.0,45036.0,138.0
,2022-01-01,2022,202201,на Писаревской,Babidas,BA air-5353,26,125138,47138.0,78000.0,165.47
,2022-02-01,2022,202202,на Писаревской,Babidas,BA air-5353,16,90992,29008.0,61984.0,213.68
,2022-03-01,2022,202203,на Писаревской,Babidas,BA air-5353,13,53547,23569.0,29978.0,127.19
,2022-04-01,2022,202204,на Писаревской,Babidas,BA air-5353,24,140112,43512.0,96600.0,222.01
,2022-05-01,2022,202205,на Писаревской,Babidas,BA air-5353,31,190557,56203.0,134354.0,239.05
,2022-06-01,2022,202206,на Писаревской,Babidas,BA air-5353,29,151757,52577.0,99180.0,188.64
,2022-07-01,2022,202207,на Писаревской,Babidas,BA air-5353,31,104005,56203.0,47802.0,85.05
,2022-08-01,2022,202208,на Писаревской,Babidas,BA air-5353,26,126828,47138.0,79690.0,169.06
,2022-09-01,2022,202209,на Писаревской,Babidas,BA air-5353,27,127089,48951.0,78138.0,159.62
,2022-10-01,2022,202210,на Писаревской,Babidas,BA air-5353,23,107640,41699.0,65941.0,158.14
,2022-11-01,2022,202211,на Писаревской,Babidas,BA air-5353,16,72416,29008.0,43408.0,149.64
,2022-12-01,2022,202212,на Писаревской,Babidas,BA air-5353,19,83866,34447.0,49419.0,143.46
,2021-01-01,2021,202101,на Писаревской,Babidas,BA grou-9248,18,61578,20700.0,40878.0,197.48
,2021-02-01,2021,202102,на Писаревской,Babidas,BA grou-9248,12,50604,13800.0,36804.0,266.7
,2021-03-01,2021,202103,на Писаревской,Babidas,BA grou-9248,9,27657,10350.0,17307.0,167.22
,2021-04-01,2021,202104,на Писаревской,Babidas,BA grou-9248,17,70907,19550.0,51357.0,262.7
,2021-05-01,2021,202105,на Писаревской,Babidas,BA grou-9248,22,87296,25300.0,61996.0,245.04
,2021-06-01,2021,202106,на Писаревской,Babidas,BA grou-9248,21,87276,24150.0,63126.0,261.39
,2021-07-01,2021,202107,на Писаревской,Babidas,BA grou-9248,22,49060,25300.0,23760.0,93.91
,2021-08-01,2021,202108,на Писаревской,Babidas,BA grou-9248,18,59904,20700.0,39204.0,189.39
,2021-09-01,2021,202109,на Писаревской,Babidas,BA grou-9248,20,68100,23000.0,45100.0,196.09
,2021-10-01,2021,202110,на Писаревской,Babidas,BA grou-9248,16,64896,18400.0,46496.0,252.7
,2021-11-01,2021,202111,на Писаревской,Babidas,BA grou-9248,12,45144,13800.0,31344.0,227.13
,2021-12-01,2021,202112,на Писаревской,Babidas,BA grou-9248,14,48062,16100.0,31962.0,198.52
,2022-01-01,2022,202201,на Писаревской,Babidas,BA grou-9248,20,73280,23000.0,50280.0,218.61
,2022-02-01,2022,202202,на Писаревской,Babidas,BA grou-9248,13,47944,14950.0,32994.0,220.7
,2022-03-01,2022,202203,на Писаревской,Babidas,BA grou-9248,10,32000,11500.0,20500.0,178.26
,2022-04-01,2022,202204,на Писаревской,Babidas,BA grou-9248,19,82099,21850.0,60249.0,275.74
,2022-05-01,2022,202205,на Писаревской,Babidas,BA grou-9248,24,121128,27600.0,93528.0,338.87
,2022-06-01,2022,202206,на Писаревской,Babidas,BA grou-9248,23,99912,26450.0,73462.0,277.74
,2022-07-01,2022,202207,на Писаревской,Babidas,BA grou-9248,24,41640,27600.0,14040.0,50.87
,2022-08-01,2022,202208,на Писаревской,Babidas,BA grou-9248,20,55400,23000.0,32400.0,140.87
,2022-09-01,2022,202209,на Писаревской,Babidas,BA grou-9248,22,66220,25300.0,40920.0,161.74
,2022-10-01,2022,202210,на Писаревской,Babidas,BA grou-9248,18,75276,20700.0,54576.0,263.65
,2022-11-01,2022,202211,на Писаревской,Babidas,BA grou-9248,13,44239,14950.0,29289.0,195.91
,2022-12-01,2022,202212,на Писаревской,Babidas,BA grou-9248,15,44730,17250.0,27480.0,159.3
,2021-01-01,2021,202101,на Писаревской,Babidas,BA gre-3658,24,83136,32016.0,51120.0,159.67
,2021-02-01,2021,202102,на Писаревской,Babidas,BA gre-3658,15,58920,20010.0,38910.0,194.45
,2021-03-01,2021,202103,на Писаревской,Babidas,BA gre-3658,12,47952,16008.0,31944.0,199.55
,2021-04-01,2021,202104,на Писаревской,Babidas,BA gre-3658,22,109208,29348.0,79860.0,272.11
,2021-05-01,2021,202105,на Писаревской,Babidas,BA gre-3658,28,135240,37352.0,97888.0,262.07
,2021-06-01,2021,202106,на Писаревской,Babidas,BA gre-3658,27,118935,36018.0,82917.0,230.21
,2021-07-01,2021,202107,на Писаревской,Babidas,BA gre-3658,28,71204,37352.0,33852.0,90.63
,2021-08-01,2021,202108,на Писаревской,Babidas,BA gre-3658,24,84912,32016.0,52896.0,165.22
,2021-09-01,2021,202109,на Писаревской,Babidas,BA gre-3658,25,83625,33350.0,50275.0,150.75
,2021-10-01,2021,202110,на Писаревской,Babidas,BA gre-3658,21,98910,28014.0,70896.0,253.07
,2021-11-01,2021,202111,на Писаревской,Babidas,BA gre-3658,15,62445,20010.0,42435.0,212.07
,2021-12-01,2021,202112,на Писаревской,Babidas,BA gre-3658,18,71478,24012.0,47466.0,197.68
,2022-01-01,2022,202201,на Писаревской,Babidas,BA gre-3658,26,94900,34684.0,60216.0,173.61
,2022-02-01,2022,202202,на Писаревской,Babidas,BA gre-3658,16,69696,21344.0,48352.0,226.54
,2022-03-01,2022,202203,на Писаревской,Babidas,BA gre-3658,13,47177,17342.0,29835.0,172.04
,2022-04-01,2022,202204,на Писаревской,Babidas,BA gre-3658,24,99432,32016.0,67416.0,210.57
,2022-05-01,2022,202205,на Писаревской,Babidas,BA gre-3658,31,148800,41354.0,107446.0,259.82
,2022-06-01,2022,202206,на Писаревской,Babidas,BA gre-3658,29,128064,38686.0,89378.0,231.03
,2022-07-01,2022,202207,на Писаревской,Babidas,BA gre-3658,31,93155,41354.0,51801.0,125.26
,2022-08-01,2022,202208,на Писаревской,Babidas,BA gre-3658,26,88478,34684.0,53794.0,155.1
,2022-09-01,2022,202209,на Писаревской,Babidas,BA gre-3658,28,96656,37352.0,59304.0,158.77
,2022-10-01,2022,202210,на Писаревской,Babidas,BA gre-3658,23,105593,30682.0,74911.0,244.15
,2022-11-01,2022,202211,на Писаревской,Babidas,BA gre-3658,16,63808,21344.0,42464.0,198.95
,2022-12-01,2022,202212,на Писаревской,Babidas,BA gre-3658,20,66120,26680.0,39440.0,147.83
,2021-01-01,2021,202101,на Писаревской,Babidas,BA earth-3530,20,101940,40320.0,61620.0,152.83
,2021-02-01,2021,202102,на Писаревской,Babidas,BA earth-3530,12,63348,24192.0,39156.0,161.86
,2021-03-01,2021,202103,на Писаревской,Babidas,BA earth-3530,10,46790,20160.0,26630.0,132.09
,2021-04-01,2021,202104,на Писаревской,Babidas,BA earth-3530,18,118206,36288.0,81918.0,225.74
,2021-05-01,2021,202105,на Писаревской,Babidas,BA earth-3530,23,155963,46368.0,109595.0,236.36
,2021-06-01,2021,202106,на Писаревской,Babidas,BA earth-3530,22,117700,44352.0,73348.0,165.38
,2021-07-01,2021,202107,на Писаревской,Babidas,BA earth-3530,23,90781,46368.0,44413.0,95.78
,2021-08-01,2021,202108,на Писаревской,Babidas,BA earth-3530,20,103900,40320.0,63580.0,157.69
,2021-09-01,2021,202109,на Писаревской,Babidas,BA earth-3530,21,108255,42336.0,65919.0,155.7
,2021-10-01,2021,202110,на Писаревской,Babidas,BA earth-3530,17,90559,34272.0,56287.0,164.24
,2021-11-01,2021,202111,на Писаревской,Babidas,BA earth-3530,12,65844,24192.0,41652.0,172.17
,2021-12-01,2021,202112,на Писаревской,Babidas,BA earth-3530,15,67140,30240.0,36900.0,122.02
,2022-01-01,2022,202201,на Писаревской,Babidas,BA earth-3530,22,106194,44352.0,61842.0,139.43
,2022-02-01,2022,202202,на Писаревской,Babidas,BA earth-3530,14,73402,28224.0,45178.0,160.07
,2022-03-01,2022,202203,на Писаревской,Babidas,BA earth-3530,11,56606,22176.0,34430.0,155.26
,2022-04-01,2022,202204,на Писаревской,Babidas,BA earth-3530,20,116200,40320.0,75880.0,188.19
,2022-05-01,2022,202205,на Писаревской,Babidas,BA earth-3530,26,164502,52416.0,112086.0,213.84
,2022-06-01,2022,202206,на Писаревской,Babidas,BA earth-3530,24,130704,48384.0,82320.0,170.14
,2022-07-01,2022,202207,на Писаревской,Babidas,BA earth-3530,26,113750,52416.0,61334.0,117.01
,2022-08-01,2022,202208,на Писаревской,Babidas,BA earth-3530,22,112486,44352.0,68134.0,153.62
,2022-09-01,2022,202209,на Писаревской,Babidas,BA earth-3530,23,120060,46368.0,73692.0,158.93
,2022-10-01,2022,202210,на Писаревской,Babidas,BA earth-3530,19,97964,38304.0,59660.0,155.75
,2022-11-01,2022,202211,на Писаревской,Babidas,BA earth-3530,14,85148,28224.0,56924.0,201.69
,2022-12-01,2022,202212,на Писаревской,Babidas,BA earth-3530,16,86096,32256.0,53840.0,166.91
,2021-01-01,2021,202101,на Писаревской,Babidas,BA ais-1740,18,47844,16830.000000000004,31013.999999999996,184.28
,2021-02-01,2021,202102,на Писаревской,Babidas,BA ais-1740,11,36817,10285.000000000002,26532.0,257.97
,2021-03-01,2021,202103,на Писаревской,Babidas,BA ais-1740,9,21942,8415.000000000002,13526.999999999998,160.75
,2021-04-01,2021,202104,на Писаревской,Babidas,BA ais-1740,17,68935,15895.000000000002,53040.0,333.69
,2021-05-01,2021,202105,на Писаревской,Babidas,BA ais-1740,21,84882,19635.000000000004,65247.0,332.3
,2021-06-01,2021,202106,на Писаревской,Babidas,BA ais-1740,20,70520,18700.000000000004,51820.0,277.11
,2021-07-01,2021,202107,на Писаревской,Babidas,BA ais-1740,21,33726,19635.000000000004,14090.999999999996,71.76
,2021-08-01,2021,202108,на Писаревской,Babidas,BA ais-1740,18,41544,16830.000000000004,24713.999999999996,146.84
,2021-09-01,2021,202109,на Писаревской,Babidas,BA ais-1740,19,60914,17765.000000000004,43149.0,242.89
,2021-10-01,2021,202110,на Писаревской,Babidas,BA ais-1740,16,56576,14960.000000000002,41616.0,278.18
,2021-11-01,2021,202111,на Писаревской,Babidas,BA ais-1740,11,33286,10285.000000000002,23001.0,223.64
,2021-12-01,2021,202112,на Писаревской,Babidas,BA ais-1740,14,26516,13090.000000000002,13425.999999999998,102.57
,2022-01-01,2022,202201,на Писаревской,Babidas,BA ais-1740,20,52020,18700.000000000004,33320.0,178.18
,2022-02-01,2022,202202,на Писаревской,Babidas,BA ais-1740,12,41124,11220.000000000002,29904.0,266.52
,2022-03-01,2022,202203,на Писаревской,Babidas,BA ais-1740,10,20510,9350.000000000002,11159.999999999998,119.36
,2022-04-01,2022,202204,на Писаревской,Babidas,BA ais-1740,18,70254,16830.000000000004,53424.0,317.43
,2022-05-01,2022,202205,на Писаревской,Babidas,BA ais-1740,23,93127,21505.000000000004,71622.0,333.05
,2022-06-01,2022,202206,на Писаревской,Babidas,BA ais-1740,22,70356,20570.000000000004,49786.0,242.03
,2022-07-01,2022,202207,на Писаревской,Babidas,BA ais-1740,23,42481,21505.000000000004,20975.999999999996,97.54
,2022-08-01,2022,202208,на Писаревской,Babidas,BA ais-1740,20,44760,18700.000000000004,26059.999999999996,139.36
,2022-09-01,2022,202209,на Писаревской,Babidas,BA ais-1740,21,57057,19635.000000000004,37422.0,190.59
,2022-10-01,2022,202210,на Писаревской,Babidas,BA ais-1740,17,60367,15895.000000000002,44472.0,279.79
,2022-11-01,2022,202211,на Писаревской,Babidas,BA ais-1740,12,31392,11220.000000000002,20172.0,179.79
,2022-12-01,2022,202212,на Писаревской,Babidas,BA ais-1740,15,28890,14025.000000000002,14864.999999999998,105.99
,2021-01-01,2021,202101,на Писаревской,Babidas,BA ice-4231,22,114422,43472.0,70950.0,163.21
,2021-02-01,2021,202102,на Писаревской,Babidas,BA ice-4231,14,68530,27664.0,40866.0,147.72
,2021-03-01,2021,202103,на Писаревской,Babidas,BA ice-4231,11,46992,21736.0,25256.0,116.19
,2021-04-01,2021,202104,на Писаревской,Babidas,BA ice-4231,21,118587,41496.0,77091.0,185.78
,2021-05-01,2021,202105,на Писаревской,Babidas,BA ice-4231,26,157040,51376.0,105664.0,205.67
,2021-06-01,2021,202106,на Писаревской,Babidas,BA ice-4231,25,126325,49400.0,76925.0,155.72
,2021-07-01,2021,202107,на Писаревской,Babidas,BA ice-4231,26,90922,51376.0,39546.0,76.97
,2021-08-01,2021,202108,на Писаревской,Babidas,BA ice-4231,22,97196,43472.0,53724.0,123.58
,2021-09-01,2021,202109,на Писаревской,Babidas,BA ice-4231,23,93219,45448.0,47771.0,105.11
,2021-10-01,2021,202110,на Писаревской,Babidas,BA ice-4231,19,101232,37544.0,63688.0,169.64
,2021-11-01,2021,202111,на Писаревской,Babidas,BA ice-4231,14,76608,27664.0,48944.0,176.92
,2021-12-01,2021,202112,на Писаревской,Babidas,BA ice-4231,17,80767,33592.0,47175.0,140.44
,2022-01-01,2022,202201,на Писаревской,Babidas,BA ice-4231,24,129576,47424.0,82152.0,173.23
,2022-02-01,2022,202202,на Писаревской,Babidas,BA ice-4231,15,76455,29640.0,46815.0,157.95
,2022-03-01,2022,202203,на Писаревской,Babidas,BA ice-4231,12,47196,23712.0,23484.0,99.04
,2022-04-01,2022,202204,на Писаревской,Babidas,BA ice-4231,23,132848,45448.0,87400.0,192.31
,2022-05-01,2022,202205,на Писаревской,Babidas,BA ice-4231,28,170128,55328.0,114800.0,207.49
,2022-06-01,2022,202206,на Писаревской,Babidas,BA ice-4231,27,144342,53352.0,90990.0,170.55
,2022-07-01,2022,202207,на Писаревской,Babidas,BA ice-4231,28,107240,55328.0,51912.0,93.83
,2022-08-01,2022,202208,на Писаревской,Babidas,BA ice-4231,24,117288,47424.0,69864.0,147.32
,2022-09-01,2022,202209,на Писаревской,Babidas,BA ice-4231,26,121420,51376.0,70044.0,136.34
,2022-10-01,2022,202210,на Писаревской,Babidas,BA ice-4231,21,116466,41496.0,74970.0,180.67
,2022-11-01,2022,202211,на Писаревской,Babidas,BA ice-4231,15,77130,29640.0,47490.0,160.22
,2022-12-01,2022,202212,на Писаревской,Babidas,BA ice-4231,18,77616,35568.0,42048.0,118.22
,2021-01-01,2021,202101,на Писаревской,Babidas,BA ai-2960,20,127720,36000.0,91720.0,254.78
,2021-02-01,2021,202102,на Писаревской,Babidas,BA ai-2960,12,74136,21600.0,52536.0,243.22
,2021-03-01,2021,202103,на Писаревской,Babidas,BA ai-2960,10,51490,18000.0,33490.0,186.06
,2021-04-01,2021,202104,на Писаревской,Babidas,BA ai-2960,18,122562,32400.0,90162.0,278.28
,2021-05-01,2021,202105,на Писаревской,Babidas,BA ai-2960,23,156630,41400.0,115230.0,278.33
,2021-06-01,2021,202106,на Писаревской,Babidas,BA ai-2960,22,129316,39600.0,89716.0,226.56
,2021-07-01,2021,202107,на Писаревской,Babidas,BA ai-2960,23,110400,41400.0,69000.0,166.67
,2021-08-01,2021,202108,на Писаревской,Babidas,BA ai-2960,20,109440,36000.0,73440.0,204.0
,2021-09-01,2021,202109,на Писаревской,Babidas,BA ai-2960,21,126105,37800.0,88305.0,233.61
,2021-10-01,2021,202110,на Писаревской,Babidas,BA ai-2960,17,102255,30600.0,71655.0,234.17
,2021-11-01,2021,202111,на Писаревской,Babidas,BA ai-2960,12,73548,21600.0,51948.0,240.5
,2021-12-01,2021,202112,на Писаревской,Babidas,BA ai-2960,15,82605,27000.0,55605.0,205.94
,2022-01-01,2022,202201,на Писаревской,Babidas,BA ai-2960,22,125224,39600.0,85624.0,216.22
,2022-02-01,2022,202202,на Писаревской,Babidas,BA ai-2960,14,76272,25200.0,51072.0,202.67
,2022-03-01,2022,202203,на Писаревской,Babidas,BA ai-2960,11,60654,19800.0,40854.0,206.33
,2022-04-01,2022,202204,на Писаревской,Babidas,BA ai-2960,20,126100,36000.0,90100.0,250.28
,2022-05-01,2022,202205,на Писаревской,Babidas,BA ai-2960,26,159510,46800.0,112710.0,240.83
,2022-06-01,2022,202206,на Писаревской,Babidas,BA ai-2960,24,149496,43200.0,106296.0,246.06
,2022-07-01,2022,202207,на Писаревской,Babidas,BA ai-2960,26,116090,46800.0,69290.0,148.06
,2022-08-01,2022,202208,на Писаревской,Babidas,BA ai-2960,22,121066,39600.0,81466.0,205.72
,2022-09-01,2022,202209,на Писаревской,Babidas,BA ai-2960,23,130134,41400.0,88734.0,214.33
,2022-10-01,2022,202210,на Писаревской,Babidas,BA ai-2960,19,115007,34200.0,80807.0,236.28
,2022-11-01,2022,202211,на Писаревской,Babidas,BA ai-2960,14,83244,25200.0,58044.0,230.33
,2022-12-01,2022,202212,на Писаревской,Babidas,BA ai-2960,16,81584,28800.0,52784.0,183.28
,2021-01-01,2021,202101,на Писаревской,Asic,AS air-7520,13,467142,268450.0,198692.0,74.01
,2021-02-01,2021,202102,на Писаревской,Asic,AS air-7520,9,329490,185850.0,143640.0,77.29
,2021-03-01,2021,202103,на Писаревской,Asic,AS air-7520,7,252847,144550.0,108297.0,74.92
,2021-04-01,2021,202104,на Писаревской,Asic,AS air-7520,13,472836,268450.0,204386.0,76.14
,2021-05-01,2021,202105,на Писаревской,Asic,AS air-7520,16,591648,330400.0,261248.0,79.07
,2021-06-01,2021,202106,на Писаревской,Asic,AS air-7520,15,539505,309750.0,229755.0,74.17
,2021-07-01,2021,202107,на Писаревской,Asic,AS air-7520,16,561056,330400.0,230656.0,69.81
,2021-08-01,2021,202108,на Писаревской,Asic,AS air-7520,13,468858,268450.0,200408.0,74.65
,2021-09-01,2021,202109,на Писаревской,Asic,AS air-7520,14,495124,289100.0,206024.0,71.26
,2021-10-01,2021,202110,на Писаревской,Asic,AS air-7520,12,436596,247800.0,188796.0,76.19
,2021-11-01,2021,202111,на Писаревской,Asic,AS air-7520,9,325899,185850.0,140049.0,75.36
,2021-12-01,2021,202112,на Писаревской,Asic,AS air-7520,10,353100,206500.0,146600.0,70.99
,2022-01-01,2022,202201,на Писаревской,Asic,AS air-7520,15,549900,309750.0,240150.0,77.53
,2022-02-01,2022,202202,на Писаревской,Asic,AS air-7520,9,326529,185850.0,140679.0,75.69
,2022-03-01,2022,202203,на Писаревской,Asic,AS air-7520,8,289160,165200.0,123960.0,75.04
,2022-04-01,2022,202204,на Писаревской,Asic,AS air-7520,14,520576,289100.0,231476.0,80.07
,2022-05-01,2022,202205,на Писаревской,Asic,AS air-7520,17,622540,351050.0,271490.0,77.34
,2022-06-01,2022,202206,на Писаревской,Asic,AS air-7520,16,588400,330400.0,258000.0,78.09
,2022-07-01,2022,202207,на Писаревской,Asic,AS air-7520,17,587452,351050.0,236402.0,67.34
,2022-08-01,2022,202208,на Писаревской,Asic,AS air-7520,15,533595,309750.0,223845.0,72.27
,2022-09-01,2022,202209,на Писаревской,Asic,AS air-7520,16,577584,330400.0,247184.0,74.81
,2022-10-01,2022,202210,на Писаревской,Asic,AS air-7520,13,475085,268450.0,206635.0,76.97
,2022-11-01,2022,202211,на Писаревской,Asic,AS air-7520,9,328392,185850.0,142542.0,76.7
,2022-12-01,2022,202212,на Писаревской,Asic,AS air-7520,11,396627,227150.0,169477.0,74.61
,2021-01-01,2021,202101,на Писаревской,Asic,AS grou-3318,11,362571,172480.0,190091.0,110.21
,2021-02-01,2021,202102,на Писаревской,Asic,AS grou-3318,7,238140,109760.0,128380.0,116.96
,2021-03-01,2021,202103,на Писаревской,Asic,AS grou-3318,6,194928,94080.0,100848.0,107.19
,2021-04-01,2021,202104,на Писаревской,Asic,AS grou-3318,10,336440,156800.0,179640.0,114.57
,2021-05-01,2021,202105,на Писаревской,Asic,AS grou-3318,13,437814,203840.0,233974.0,114.78
,2021-06-01,2021,202106,на Писаревской,Asic,AS grou-3318,12,395760,188160.0,207600.0,110.33
,2021-07-01,2021,202107,на Писаревской,Asic,AS grou-3318,13,405392,203840.0,201552.0,98.88
,2021-08-01,2021,202108,на Писаревской,Asic,AS grou-3318,11,361383,172480.0,188903.0,109.52
,2021-09-01,2021,202109,на Писаревской,Asic,AS grou-3318,11,360349,172480.0,187869.0,108.92
,2021-10-01,2021,202110,на Писаревской,Asic,AS grou-3318,10,330040,156800.0,173240.0,110.48
,2021-11-01,2021,202111,на Писаревской,Asic,AS grou-3318,7,232225,109760.0,122465.0,111.58
,2021-12-01,2021,202112,на Писаревской,Asic,AS grou-3318,8,257760,125440.0,132320.0,105.48
,2022-01-01,2022,202201,на Писаревской,Asic,AS grou-3318,12,406128,188160.0,217968.0,115.84
,2022-02-01,2022,202202,на Писаревской,Asic,AS grou-3318,8,272128,125440.0,146688.0,116.94
,2022-03-01,2022,202203,на Писаревской,Asic,AS grou-3318,6,198096,94080.0,104016.0,110.56
,2022-04-01,2022,202204,на Писаревской,Asic,AS grou-3318,11,373890,172480.0,201410.0,116.77
,2022-05-01,2022,202205,на Писаревской,Asic,AS grou-3318,14,477596,219520.0,258076.0,117.56
,2022-06-01,2022,202206,на Писаревской,Asic,AS grou-3318,13,441454,203840.0,237614.0,116.57
,2022-07-01,2022,202207,на Писаревской,Asic,AS grou-3318,14,448504,219520.0,228984.0,104.31
,2022-08-01,2022,202208,на Писаревской,Asic,AS grou-3318,12,390444,188160.0,202284.0,107.51
,2022-09-01,2022,202209,на Писаревской,Asic,AS grou-3318,13,428077,203840.0,224237.0,110.01
,2022-10-01,2022,202210,на Писаревской,Asic,AS grou-3318,10,329500,156800.0,172700.0,110.14
,2022-11-01,2022,202211,на Писаревской,Asic,AS grou-3318,8,267256,125440.0,141816.0,113.05
,2022-12-01,2022,202212,на Писаревской,Asic,AS grou-3318,9,297684,141120.0,156564.0,110.94
,2021-01-01,2021,202101,на Писаревской,Asic,AS gre-2748,12,522840,216720.0,306120.0,141.25
,2021-02-01,2021,202102,на Писаревской,Asic,AS gre-2748,8,349184,144480.0,204704.0,141.68
,2021-03-01,2021,202103,на Писаревской,Asic,AS gre-2748,6,258672,108360.0,150312.0,138.72
,2021-04-01,2021,202104,на Писаревской,Asic,AS gre-2748,11,475871,198660.0,277211.0,139.54
,2021-05-01,2021,202105,на Писаревской,Asic,AS gre-2748,14,618856,252840.0,366016.0,144.76
,2021-06-01,2021,202106,на Писаревской,Asic,AS gre-2748,13,558558,234780.0,323778.0,137.91
,2021-07-01,2021,202107,на Писаревской,Asic,AS gre-2748,14,577528,252840.0,324688.0,128.42
,2021-08-01,2021,202108,на Писаревской,Asic,AS gre-2748,12,509004,216720.0,292284.0,134.87
,2021-09-01,2021,202109,на Писаревской,Asic,AS gre-2748,13,561678,234780.0,326898.0,139.24
,2021-10-01,2021,202110,на Писаревской,Asic,AS gre-2748,11,478764,198660.0,280104.0,141.0
,2021-11-01,2021,202111,на Писаревской,Asic,AS gre-2748,8,343520,144480.0,199040.0,137.76
,2021-12-01,2021,202112,на Писаревской,Asic,AS gre-2748,9,385650,162540.0,223110.0,137.26
,2022-01-01,2022,202201,на Писаревской,Asic,AS gre-2748,13,557466,234780.0,322686.0,137.44
,2022-02-01,2022,202202,на Писаревской,Asic,AS gre-2748,8,345360,144480.0,200880.0,139.04
,2022-03-01,2022,202203,на Писаревской,Asic,AS gre-2748,7,300034,126420.0,173614.0,137.33
,2022-04-01,2022,202204,на Писаревской,Asic,AS gre-2748,12,525804,216720.0,309084.0,142.62
,2022-05-01,2022,202205,на Писаревской,Asic,AS gre-2748,16,700160,288960.0,411200.0,142.3
,2022-06-01,2022,202206,на Писаревской,Asic,AS gre-2748,15,653385,270900.0,382485.0,141.19
,2022-07-01,2022,202207,на Писаревской,Asic,AS gre-2748,16,676240,288960.0,387280.0,134.03
,2022-08-01,2022,202208,на Писаревской,Asic,AS gre-2748,13,555919,234780.0,321139.0,136.78
,2022-09-01,2022,202209,на Писаревской,Asic,AS gre-2748,14,596792,252840.0,343952.0,136.04
,2022-10-01,2022,202210,на Писаревской,Asic,AS gre-2748,12,517320,216720.0,300600.0,138.7
,2022-11-01,2022,202211,на Писаревской,Asic,AS gre-2748,8,342304,144480.0,197824.0,136.92
,2022-12-01,2022,202212,на Писаревской,Asic,AS gre-2748,10,429560,180600.0,248960.0,137.85
,2021-01-01,2021,202101,на Писаревской,Asic,AS earth-9544,11,320331,123200.0,197131.0,160.01
,2021-02-01,2021,202102,на Писаревской,Asic,AS earth-9544,7,204715,78400.0,126315.0,161.12
,2021-03-01,2021,202103,на Писаревской,Asic,AS earth-9544,6,170868,67200.0,103668.0,154.27
,2021-04-01,2021,202104,на Писаревской,Asic,AS earth-9544,10,293940,112000.0,181940.0,162.45
,2021-05-01,2021,202105,на Писаревской,Asic,AS earth-9544,13,388037,145600.0,242437.0,166.51
,2021-06-01,2021,202106,на Писаревской,Asic,AS earth-9544,12,352824,134400.0,218424.0,162.52
,2021-07-01,2021,202107,на Писаревской,Asic,AS earth-9544,13,354614,145600.0,209014.0,143.55
,2021-08-01,2021,202108,на Писаревской,Asic,AS earth-9544,11,319242,123200.0,196042.0,159.12
,2021-09-01,2021,202109,на Писаревской,Asic,AS earth-9544,12,350088,134400.0,215688.0,160.48
,2021-10-01,2021,202110,на Писаревской,Asic,AS earth-9544,10,290900,112000.0,178900.0,159.73
,2021-11-01,2021,202111,на Писаревской,Asic,AS earth-9544,7,202503,78400.0,124103.0,158.29
,2021-12-01,2021,202112,на Писаревской,Asic,AS earth-9544,8,229352,89600.0,139752.0,155.97
,2022-01-01,2022,202201,на Писаревской,Asic,AS earth-9544,12,353784,134400.0,219384.0,163.23
,2022-02-01,2022,202202,на Писаревской,Asic,AS earth-9544,8,241184,89600.0,151584.0,169.18
,2022-03-01,2022,202203,на Писаревской,Asic,AS earth-9544,6,171132,67200.0,103932.0,154.66
,2022-04-01,2022,202204,на Писаревской,Asic,AS earth-9544,11,328185,123200.0,204985.0,166.38
,2022-05-01,2022,202205,на Писаревской,Asic,AS earth-9544,14,428456,156800.0,271656.0,173.25
,2022-06-01,2022,202206,на Писаревской,Asic,AS earth-9544,13,378001,145600.0,232401.0,159.62
,2022-07-01,2022,202207,на Писаревской,Asic,AS earth-9544,14,392658,156800.0,235858.0,150.42
,2022-08-01,2022,202208,на Писаревской,Asic,AS earth-9544,12,339576,134400.0,205176.0,152.66
,2022-09-01,2022,202209,на Писаревской,Asic,AS earth-9544,13,379236,145600.0,233636.0,160.46
,2022-10-01,2022,202210,на Писаревской,Asic,AS earth-9544,11,321893,123200.0,198693.0,161.28
,2022-11-01,2022,202211,на Писаревской,Asic,AS earth-9544,8,234936,89600.0,145336.0,162.21
,2022-12-01,2022,202212,на Писаревской,Asic,AS earth-9544,9,258705,100800.0,157905.0,156.65
,2021-01-01,2021,202101,на Писаревской,Asic,AS ais-7331,14,643342,352800.00000000006,290541.99999999994,82.35
,2021-02-01,2021,202102,на Писаревской,Asic,AS ais-7331,9,422451,226800.00000000003,195650.99999999997,86.27
,2021-03-01,2021,202103,на Писаревской,Asic,AS ais-7331,7,321867,176400.00000000003,145466.99999999997,82.46
,2021-04-01,2021,202104,на Писаревской,Asic,AS ais-7331,13,613314,327600.00000000006,285713.99999999994,87.21
,2021-05-01,2021,202105,на Писаревской,Asic,AS ais-7331,16,748992,403200.00000000006,345791.99999999994,85.76
,2021-06-01,2021,202106,на Писаревской,Asic,AS ais-7331,15,688650,378000.00000000006,310649.99999999994,82.18
,2021-07-01,2021,202107,на Писаревской,Asic,AS ais-7331,16,718720,403200.00000000006,315519.99999999994,78.25
,2021-08-01,2021,202108,на Писаревской,Asic,AS ais-7331,14,645540,352800.00000000006,292739.99999999994,82.98
,2021-09-01,2021,202109,на Писаревской,Asic,AS ais-7331,15,678885,378000.00000000006,300884.99999999994,79.6
,2021-10-01,2021,202110,на Писаревской,Asic,AS ais-7331,12,550932,302400.00000000006,248531.99999999994,82.19
,2021-11-01,2021,202111,на Писаревской,Asic,AS ais-7331,9,415188,226800.00000000003,188387.99999999997,83.06
,2021-12-01,2021,202112,на Писаревской,Asic,AS ais-7331,10,455800,252000.00000000003,203799.99999999997,80.87
,2022-01-01,2022,202201,на Писаревской,Asic,AS ais-7331,15,696045,378000.00000000006,318044.99999999994,84.14
,2022-02-01,2022,202202,на Писаревской,Asic,AS ais-7331,10,463540,252000.00000000003,211539.99999999997,83.94
,2022-03-01,2022,202203,на Писаревской,Asic,AS ais-7331,8,361824,201600.00000000003,160223.99999999997,79.48
,2022-04-01,2022,202204,на Писаревской,Asic,AS ais-7331,14,656810,352800.00000000006,304009.99999999994,86.17
,2022-05-01,2022,202205,на Писаревской,Asic,AS ais-7331,18,845874,453600.00000000006,392273.99999999994,86.48
,2022-06-01,2022,202206,на Писаревской,Asic,AS ais-7331,17,791588,428400.00000000006,363187.99999999994,84.78
,2022-07-01,2022,202207,на Писаревской,Asic,AS ais-7331,18,815058,453600.00000000006,361457.99999999994,79.69
,2022-08-01,2022,202208,на Писаревской,Asic,AS ais-7331,15,689685,378000.00000000006,311684.99999999994,82.46
,2022-09-01,2022,202209,на Писаревской,Asic,AS ais-7331,16,728528,403200.00000000006,325327.99999999994,80.69
,2022-10-01,2022,202210,на Писаревской,Asic,AS ais-7331,13,608257,327600.00000000006,280656.99999999994,85.67
,2022-11-01,2022,202211,на Писаревской,Asic,AS ais-7331,10,461340,252000.00000000003,209339.99999999997,83.07
,2022-12-01,2022,202212,на Писаревской,Asic,AS ais-7331,11,497200,277200.00000000006,219999.99999999994,79.37
,2021-01-01,2021,202101,на Писаревской,Asic,AS ice-2172,14,254226,133280.0,120946.0,90.75
,2021-02-01,2021,202102,на Писаревской,Asic,AS ice-2172,9,168453,85680.0,82773.0,96.61
,2021-03-01,2021,202103,на Писаревской,Asic,AS ice-2172,7,125622,66640.0,58982.0,88.51
,2021-04-01,2021,202104,на Писаревской,Asic,AS ice-2172,13,236457,123760.0,112697.0,91.06
,2021-05-01,2021,202105,на Писаревской,Asic,AS ice-2172,16,305760,152320.0,153440.0,100.74
,2021-06-01,2021,202106,на Писаревской,Asic,AS ice-2172,15,268890,142800.0,126090.0,88.3
,2021-07-01,2021,202107,на Писаревской,Asic,AS ice-2172,16,273408,152320.0,121088.0,79.5
,2021-08-01,2021,202108,на Писаревской,Asic,AS ice-2172,14,247380,133280.0,114100.0,85.61
,2021-09-01,2021,202109,на Писаревской,Asic,AS ice-2172,15,270000,142800.0,127200.0,89.08
,2021-10-01,2021,202110,на Писаревской,Asic,AS ice-2172,12,221196,114240.0,106956.0,93.62
,2021-11-01,2021,202111,на Писаревской,Asic,AS ice-2172,9,161253,85680.0,75573.0,88.2
,2021-12-01,2021,202112,на Писаревской,Asic,AS ice-2172,10,180360,95200.0,85160.0,89.45
,2022-01-01,2022,202201,на Писаревской,Asic,AS ice-2172,15,273420,142800.0,130620.0,91.47
,2022-02-01,2022,202202,на Писаревской,Asic,AS ice-2172,10,179030,95200.0,83830.0,88.06
,2022-03-01,2022,202203,на Писаревской,Asic,AS ice-2172,8,142968,76160.0,66808.0,87.72
,2022-04-01,2022,202204,на Писаревской,Asic,AS ice-2172,14,265664,133280.0,132384.0,99.33
,2022-05-01,2022,202205,на Писаревской,Asic,AS ice-2172,18,347112,171360.0,175752.0,102.56
,2022-06-01,2022,202206,на Писаревской,Asic,AS ice-2172,17,304436,161840.0,142596.0,88.11
,2022-07-01,2022,202207,на Писаревской,Asic,AS ice-2172,18,302400,171360.0,131040.0,76.47
,2022-08-01,2022,202208,на Писаревской,Asic,AS ice-2172,15,260655,142800.0,117855.0,82.53
,2022-09-01,2022,202209,на Писаревской,Asic,AS ice-2172,16,292416,152320.0,140096.0,91.97
,2022-10-01,2022,202210,на Писаревской,Asic,AS ice-2172,13,245583,123760.0,121823.0,98.43
,2022-11-01,2022,202211,на Писаревской,Asic,AS ice-2172,10,183130,95200.0,87930.0,92.36
,2022-12-01,2022,202212,на Писаревской,Asic,AS ice-2172,11,199925,104720.0,95205.0,90.91
,2021-01-01,2021,202101,на Писаревской,Asic,AS ai-7676,11,440968,180180.0,260788.0,144.74
,2021-02-01,2021,202102,на Писаревской,Asic,AS ai-7676,7,282002,114660.0,167342.0,145.95
,2021-03-01,2021,202103,на Писаревской,Asic,AS ai-7676,6,237474,98280.0,139194.0,141.63
,2021-04-01,2021,202104,на Писаревской,Asic,AS ai-7676,10,407960,163800.0,244160.0,149.06
,2021-05-01,2021,202105,на Писаревской,Asic,AS ai-7676,13,525109,212940.0,312169.0,146.6
,2021-06-01,2021,202106,на Писаревской,Asic,AS ai-7676,12,478416,196560.0,281856.0,143.39
,2021-07-01,2021,202107,на Писаревской,Asic,AS ai-7676,13,502788,212940.0,289848.0,136.12
,2021-08-01,2021,202108,на Писаревской,Asic,AS ai-7676,11,438207,180180.0,258027.0,143.21
,2021-09-01,2021,202109,на Писаревской,Asic,AS ai-7676,12,481116,196560.0,284556.0,144.77
,2021-10-01,2021,202110,на Писаревской,Asic,AS ai-7676,10,408570,163800.0,244770.0,149.43
,2021-11-01,2021,202111,на Писаревской,Asic,AS ai-7676,7,280378,114660.0,165718.0,144.53
,2021-12-01,2021,202112,на Писаревской,Asic,AS ai-7676,8,316832,131040.0,185792.0,141.78
,2022-01-01,2022,202201,на Писаревской,Asic,AS ai-7676,12,484296,196560.0,287736.0,146.39
,2022-02-01,2022,202202,на Писаревской,Asic,AS ai-7676,8,321240,131040.0,190200.0,145.15
,2022-03-01,2022,202203,на Писаревской,Asic,AS ai-7676,6,237174,98280.0,138894.0,141.32
,2022-04-01,2022,202204,на Писаревской,Asic,AS ai-7676,11,451451,180180.0,271271.0,150.56
,2022-05-01,2022,202205,на Писаревской,Asic,AS ai-7676,14,572950,229320.0,343630.0,149.85
,2022-06-01,2022,202206,на Писаревской,Asic,AS ai-7676,14,574854,229320.0,345534.0,150.68
,2022-07-01,2022,202207,на Писаревской,Asic,AS ai-7676,14,551194,229320.0,321874.0,140.36
,2022-08-01,2022,202208,на Писаревской,Asic,AS ai-7676,12,476520,196560.0,279960.0,142.43
,2022-09-01,2022,202209,на Писаревской,Asic,AS ai-7676,13,517322,212940.0,304382.0,142.94
,2022-10-01,2022,202210,на Писаревской,Asic,AS ai-7676,11,440935,180180.0,260755.0,144.72
,2022-11-01,2022,202211,на Писаревской,Asic,AS ai-7676,8,321056,131040.0,190016.0,145.01
,2022-12-01,2022,202212,на Писаревской,Asic,AS ai-7676,9,357471,147420.0,210051.0,142.48
,2021-01-01,2021,202101,на Писаревской,Gunverse,GU air-3053,33,211431,75900.0,135531.0,178.57
,2021-02-01,2021,202102,на Писаревской,Gunverse,GU air-3053,21,132258,48300.0,83958.0,173.83
,2021-03-01,2021,202103,на Писаревской,Gunverse,GU air-3053,17,100011,39100.0,60911.0,155.78
,2021-04-01,2021,202104,на Писаревской,Gunverse,GU air-3053,31,226858,71300.0,155558.0,218.17
,2021-05-01,2021,202105,на Писаревской,Gunverse,GU air-3053,40,258280,92000.0,166280.0,180.74
,2021-06-01,2021,202106,на Писаревской,Gunverse,GU air-3053,38,233396,87400.0,145996.0,167.04
,2021-07-01,2021,202107,на Писаревской,Gunverse,GU air-3053,40,167600,92000.0,75600.0,82.17
,2021-08-01,2021,202108,на Писаревской,Gunverse,GU air-3053,33,186648,75900.0,110748.0,145.91
,2021-09-01,2021,202109,на Писаревской,Gunverse,GU air-3053,36,191592,82800.0,108792.0,131.39
,2021-10-01,2021,202110,на Писаревской,Gunverse,GU air-3053,29,195895,66700.0,129195.0,193.7
,2021-11-01,2021,202111,на Писаревской,Gunverse,GU air-3053,21,139272,48300.0,90972.0,188.35
,2021-12-01,2021,202112,на Писаревской,Gunverse,GU air-3053,25,142650,57500.0,85150.0,148.09
,2022-01-01,2022,202201,на Писаревской,Gunverse,GU air-3053,37,222259,85100.0,137159.0,161.17
,2022-02-01,2022,202202,на Писаревской,Gunverse,GU air-3053,23,147292,52900.0,94392.0,178.43
,2022-03-01,2022,202203,на Писаревской,Gunverse,GU air-3053,19,118199,43700.0,74499.0,170.48
,2022-04-01,2022,202204,на Писаревской,Gunverse,GU air-3053,34,211038,78200.0,132838.0,169.87
,2022-05-01,2022,202205,на Писаревской,Gunverse,GU air-3053,44,278212,101200.0,177012.0,174.91
,2022-06-01,2022,202206,на Писаревской,Gunverse,GU air-3053,41,256742,94300.0,162442.0,172.26
,2022-07-01,2022,202207,на Писаревской,Gunverse,GU air-3053,44,181148,101200.0,79948.0,79.0
,2022-08-01,2022,202208,на Писаревской,Gunverse,GU air-3053,37,220816,85100.0,135716.0,159.48
,2022-09-01,2022,202209,на Писаревской,Gunverse,GU air-3053,39,217893,89700.0,128193.0,142.91
,2022-10-01,2022,202210,на Писаревской,Gunverse,GU air-3053,32,204864,73600.0,131264.0,178.35
,2022-11-01,2022,202211,на Писаревской,Gunverse,GU air-3053,23,144555,52900.0,91655.0,173.26
,2022-12-01,2022,202212,на Писаревской,Gunverse,GU air-3053,28,176288,64400.0,111888.0,173.74
,2021-01-01,2021,202101,на Писаревской,Gunverse,GU grou-6409,30,313710,121500.0,192210.0,158.2
,2021-02-01,2021,202102,на Писаревской,Gunverse,GU grou-6409,19,192413,76950.0,115463.0,150.05
,2021-03-01,2021,202103,на Писаревской,Gunverse,GU grou-6409,15,150495,60750.0,89745.0,147.73
,2021-04-01,2021,202104,на Писаревской,Gunverse,GU grou-6409,28,314216,113400.0,200816.0,177.09
,2021-05-01,2021,202105,на Писаревской,Gunverse,GU grou-6409,35,392735,141750.0,250985.0,177.06
,2021-06-01,2021,202106,на Писаревской,Gunverse,GU grou-6409,33,334554,133650.0,200904.0,150.32
,2021-07-01,2021,202107,на Писаревской,Gunverse,GU grou-6409,35,316435,141750.0,174685.0,123.23
,2021-08-01,2021,202108,на Писаревской,Gunverse,GU grou-6409,30,304170,121500.0,182670.0,150.35
,2021-09-01,2021,202109,на Писаревской,Gunverse,GU grou-6409,31,299522,125550.0,173972.0,138.57
,2021-10-01,2021,202110,на Писаревской,Gunverse,GU grou-6409,26,258934,105300.0,153634.0,145.9
,2021-11-01,2021,202111,на Писаревской,Gunverse,GU grou-6409,19,197923,76950.0,120973.0,157.21
,2021-12-01,2021,202112,на Писаревской,Gunverse,GU grou-6409,22,211156,89100.0,122056.0,136.99
,2022-01-01,2022,202201,на Писаревской,Gunverse,GU grou-6409,33,316107,133650.0,182457.0,136.52
,2022-02-01,2022,202202,на Писаревской,Gunverse,GU grou-6409,21,217434,85050.0,132384.0,155.65
,2022-03-01,2022,202203,на Писаревской,Gunverse,GU grou-6409,17,163319,68850.0,94469.0,137.21
,2022-04-01,2022,202204,на Писаревской,Gunverse,GU grou-6409,31,335637,125550.0,210087.0,167.33
,2022-05-01,2022,202205,на Писаревской,Gunverse,GU grou-6409,39,421239,157950.0,263289.0,166.69
,2022-06-01,2022,202206,на Писаревской,Gunverse,GU grou-6409,37,369741,149850.0,219891.0,146.74
,2022-07-01,2022,202207,на Писаревской,Gunverse,GU grou-6409,39,334971,157950.0,177021.0,112.07
,2022-08-01,2022,202208,на Писаревской,Gunverse,GU grou-6409,33,319770,133650.0,186120.0,139.26
,2022-09-01,2022,202209,на Писаревской,Gunverse,GU grou-6409,35,324135,141750.0,182385.0,128.67
,2022-10-01,2022,202210,на Писаревской,Gunverse,GU grou-6409,29,311982,117450.0,194532.0,165.63
,2022-11-01,2022,202211,на Писаревской,Gunverse,GU grou-6409,21,216783,85050.0,131733.0,154.89
,2022-12-01,2022,202212,на Писаревской,Gunverse,GU grou-6409,25,236950,101250.0,135700.0,134.02
,2021-01-01,2021,202101,на Писаревской,Gunverse,GU gre-2865,33,254100,131669.99999999997,122430.00000000003,92.98
,2021-02-01,2021,202102,на Писаревской,Gunverse,GU gre-2865,21,177996,83789.99999999999,94206.00000000001,112.43
,2021-03-01,2021,202103,на Писаревской,Gunverse,GU gre-2865,17,132141,67829.99999999999,64311.000000000015,94.81
,2021-04-01,2021,202104,на Писаревской,Gunverse,GU gre-2865,31,275869,123689.99999999999,152179.0,123.03
,2021-05-01,2021,202105,на Писаревской,Gunverse,GU gre-2865,40,340240,159599.99999999997,180640.00000000003,113.18
,2021-06-01,2021,202106,на Писаревской,Gunverse,GU gre-2865,38,311828,151619.99999999997,160208.00000000003,105.66
,2021-07-01,2021,202107,на Писаревской,Gunverse,GU gre-2865,40,286960,159599.99999999997,127360.00000000003,79.8
,2021-08-01,2021,202108,на Писаревской,Gunverse,GU gre-2865,33,238623,131669.99999999997,106953.00000000003,81.23
,2021-09-01,2021,202109,на Писаревской,Gunverse,GU gre-2865,36,286236,143639.99999999997,142596.00000000003,99.27
,2021-10-01,2021,202110,на Писаревской,Gunverse,GU gre-2865,29,250502,115709.99999999999,134792.0,116.49
,2021-11-01,2021,202111,на Писаревской,Gunverse,GU gre-2865,21,185703,83789.99999999999,101913.00000000001,121.63
,2021-12-01,2021,202112,на Писаревской,Gunverse,GU gre-2865,25,186200,99749.99999999999,86450.00000000001,86.67
,2022-01-01,2022,202201,на Писаревской,Gunverse,GU gre-2865,37,307063,147629.99999999997,159433.00000000003,107.99
,2022-02-01,2022,202202,на Писаревской,Gunverse,GU gre-2865,23,183724,91769.99999999999,91954.00000000001,100.2
,2022-03-01,2022,202203,на Писаревской,Gunverse,GU gre-2865,19,143412,75809.99999999999,67602.00000000001,89.17
,2022-04-01,2022,202204,на Писаревской,Gunverse,GU gre-2865,34,275298,135659.99999999997,139638.00000000003,102.93
,2022-05-01,2022,202205,на Писаревской,Gunverse,GU gre-2865,44,393272,175559.99999999997,217712.00000000003,124.01
,2022-06-01,2022,202206,на Писаревской,Gunverse,GU gre-2865,41,336077,163589.99999999997,172487.00000000003,105.44
,2022-07-01,2022,202207,на Писаревской,Gunverse,GU gre-2865,44,292644,175559.99999999997,117084.00000000003,66.69
,2022-08-01,2022,202208,на Писаревской,Gunverse,GU gre-2865,37,298923,147629.99999999997,151293.00000000003,102.48
,2022-09-01,2022,202209,на Писаревской,Gunverse,GU gre-2865,39,319098,155609.99999999997,163488.00000000003,105.06
,2022-10-01,2022,202210,на Писаревской,Gunverse,GU gre-2865,32,277760,127679.99999999999,150080.0,117.54
,2022-11-01,2022,202211,на Писаревской,Gunverse,GU gre-2865,23,204585,91769.99999999999,112815.00000000001,122.93
,2022-12-01,2022,202212,на Писаревской,Gunverse,GU gre-2865,28,204708,111719.99999999999,92988.00000000001,83.23
,2021-01-01,2021,202101,на Писаревской,Gunverse,GU earth-4729,29,267525,120785.0,146740.0,121.49
,2021-02-01,2021,202102,на Писаревской,Gunverse,GU earth-4729,18,169380,74970.0,94410.0,125.93
,2021-03-01,2021,202103,на Писаревской,Gunverse,GU earth-4729,15,133605,62475.0,71130.0,113.85
,2021-04-01,2021,202104,на Писаревской,Gunverse,GU earth-4729,27,290250,112455.0,177795.0,158.1
,2021-05-01,2021,202105,на Писаревской,Gunverse,GU earth-4729,35,369005,145775.0,223230.0,153.13
,2021-06-01,2021,202106,на Писаревской,Gunverse,GU earth-4729,33,335511,137445.0,198066.0,144.11
,2021-07-01,2021,202107,на Писаревской,Gunverse,GU earth-4729,35,281610,145775.0,135835.0,93.18
,2021-08-01,2021,202108,на Писаревской,Gunverse,GU earth-4729,29,269932,120785.0,149147.0,123.48
,2021-09-01,2021,202109,на Писаревской,Gunverse,GU earth-4729,31,298561,129115.0,169446.0,131.24
,2021-10-01,2021,202110,на Писаревской,Gunverse,GU earth-4729,26,264134,108290.0,155844.0,143.91
,2021-11-01,2021,202111,на Писаревской,Gunverse,GU earth-4729,18,180054,74970.0,105084.0,140.17
,2021-12-01,2021,202112,на Писаревской,Gunverse,GU earth-4729,22,205612,91630.0,113982.0,124.39
,2022-01-01,2022,202201,на Писаревской,Gunverse,GU earth-4729,32,299232,133280.0,165952.0,124.51
,2022-02-01,2022,202202,на Писаревской,Gunverse,GU earth-4729,20,196940,83300.0,113640.0,136.42
,2022-03-01,2022,202203,на Писаревской,Gunverse,GU earth-4729,16,148144,66640.0,81504.0,122.3
,2022-04-01,2022,202204,на Писаревской,Gunverse,GU earth-4729,30,292320,124950.0,167370.0,133.95
,2022-05-01,2022,202205,на Писаревской,Gunverse,GU earth-4729,38,399114,158270.0,240844.0,152.17
,2022-06-01,2022,202206,на Писаревской,Gunverse,GU earth-4729,36,333252,149940.0,183312.0,122.26
,2022-07-01,2022,202207,на Писаревской,Gunverse,GU earth-4729,38,333070,158270.0,174800.0,110.44
,2022-08-01,2022,202208,на Писаревской,Gunverse,GU earth-4729,32,303872,133280.0,170592.0,128.0
,2022-09-01,2022,202209,на Писаревской,Gunverse,GU earth-4729,34,326468,141610.0,184858.0,130.54
,2022-10-01,2022,202210,на Писаревской,Gunverse,GU earth-4729,28,271208,116620.0,154588.0,132.56
,2022-11-01,2022,202211,на Писаревской,Gunverse,GU earth-4729,20,186360,83300.0,103060.0,123.72
,2022-12-01,2022,202212,на Писаревской,Gunverse,GU earth-4729,24,211512,99960.0,111552.0,111.6
,2021-01-01,2021,202101,на Писаревской,Gunverse,GU ais-4465,29,223880,88740.0,135140.0,152.29
,2021-02-01,2021,202102,на Писаревской,Gunverse,GU ais-4465,18,142290,55080.0,87210.0,158.33
,2021-03-01,2021,202103,на Писаревской,Gunverse,GU ais-4465,15,103470,45900.0,57570.0,125.42
,2021-04-01,2021,202104,на Писаревской,Gunverse,GU ais-4465,27,216324,82620.0,133704.0,161.83
,2021-05-01,2021,202105,на Писаревской,Gunverse,GU ais-4465,35,283850,107100.0,176750.0,165.03
,2021-06-01,2021,202106,на Писаревской,Gunverse,GU ais-4465,33,232452,100980.0,131472.0,130.2
,2021-07-01,2021,202107,на Писаревской,Gunverse,GU ais-4465,35,211680,107100.0,104580.0,97.65
,2021-08-01,2021,202108,на Писаревской,Gunverse,GU ais-4465,29,196562,88740.0,107822.0,121.5
,2021-09-01,2021,202109,на Писаревской,Gunverse,GU ais-4465,31,221960,94860.0,127100.0,133.99
,2021-10-01,2021,202110,на Писаревской,Gunverse,GU ais-4465,26,197002,79560.0,117442.0,147.61
,2021-11-01,2021,202111,на Писаревской,Gunverse,GU ais-4465,18,135828,55080.0,80748.0,146.6
,2021-12-01,2021,202112,на Писаревской,Gunverse,GU ais-4465,22,156310,67320.0,88990.0,132.19
,2022-01-01,2022,202201,на Писаревской,Gunverse,GU ais-4465,32,237632,97920.0,139712.0,142.68
,2022-02-01,2022,202202,на Писаревской,Gunverse,GU ais-4465,20,157700,61200.0,96500.0,157.68
,2022-03-01,2022,202203,на Писаревской,Gunverse,GU ais-4465,16,106016,48960.0,57056.0,116.54
,2022-04-01,2022,202204,на Писаревской,Gunverse,GU ais-4465,30,246960,91800.0,155160.0,169.02
,2022-05-01,2022,202205,на Писаревской,Gunverse,GU ais-4465,38,303126,116280.0,186846.0,160.69
,2022-06-01,2022,202206,на Писаревской,Gunverse,GU ais-4465,36,281124,110160.0,170964.0,155.2
,2022-07-01,2022,202207,на Писаревской,Gunverse,GU ais-4465,38,212116,116280.0,95836.0,82.42
,2022-08-01,2022,202208,на Писаревской,Gunverse,GU ais-4465,32,233344,97920.0,135424.0,138.3
,2022-09-01,2022,202209,на Писаревской,Gunverse,GU ais-4465,34,218756,104040.0,114716.0,110.26
,2022-10-01,2022,202210,на Писаревской,Gunverse,GU ais-4465,28,207984,85680.0,122304.0,142.75
,2022-11-01,2022,202211,на Писаревской,Gunverse,GU ais-4465,20,149420,61200.0,88220.0,144.15
,2022-12-01,2022,202212,на Писаревской,Gunverse,GU ais-4465,24,160176,73440.0,86736.0,118.1
,2021-01-01,2021,202101,на Писаревской,Gunverse,GU ice-8917,31,275404,107136.0,168268.0,157.06
,2021-02-01,2021,202102,на Писаревской,Gunverse,GU ice-8917,19,170392,65664.0,104728.0,159.49
,2021-03-01,2021,202103,на Писаревской,Gunverse,GU ice-8917,16,134640,55296.0,79344.0,143.49
,2021-04-01,2021,202104,на Писаревской,Gunverse,GU ice-8917,29,256650,100224.0,156426.0,156.08
,2021-05-01,2021,202105,на Писаревской,Gunverse,GU ice-8917,36,350028,124416.0,225612.0,181.34
,2021-06-01,2021,202106,на Писаревской,Gunverse,GU ice-8917,34,301818,117504.0,184314.0,156.86
,2021-07-01,2021,202107,на Писаревской,Gunverse,GU ice-8917,36,247824,124416.0,123408.0,99.19
,2021-08-01,2021,202108,на Писаревской,Gunverse,GU ice-8917,31,262074,107136.0,154938.0,144.62
,2021-09-01,2021,202109,на Писаревской,Gunverse,GU ice-8917,32,260096,110592.0,149504.0,135.19
,2021-10-01,2021,202110,на Писаревской,Gunverse,GU ice-8917,27,239841,93312.0,146529.0,157.03
,2021-11-01,2021,202111,на Писаревской,Gunverse,GU ice-8917,19,169689,65664.0,104025.0,158.42
,2021-12-01,2021,202112,на Писаревской,Gunverse,GU ice-8917,23,173098,79488.0,93610.0,117.77
,2022-01-01,2022,202201,на Писаревской,Gunverse,GU ice-8917,34,297500,117504.0,179996.0,153.18
,2022-02-01,2022,202202,на Писаревской,Gunverse,GU ice-8917,21,174699,72576.0,102123.0,140.71
,2022-03-01,2022,202203,на Писаревской,Gunverse,GU ice-8917,17,126259,58752.0,67507.0,114.9
,2022-04-01,2022,202204,на Писаревской,Gunverse,GU ice-8917,32,284896,110592.0,174304.0,157.61
,2022-05-01,2022,202205,на Писаревской,Gunverse,GU ice-8917,40,372120,138240.0,233880.0,169.18
,2022-06-01,2022,202206,на Писаревской,Gunverse,GU ice-8917,38,350740,131328.0,219412.0,167.07
,2022-07-01,2022,202207,на Писаревской,Gunverse,GU ice-8917,40,252680,138240.0,114440.0,82.78
,2022-08-01,2022,202208,на Писаревской,Gunverse,GU ice-8917,34,273836,117504.0,156332.0,133.04
,2022-09-01,2022,202209,на Писаревской,Gunverse,GU ice-8917,36,302976,124416.0,178560.0,143.52
,2022-10-01,2022,202210,на Писаревской,Gunverse,GU ice-8917,29,263436,100224.0,163212.0,162.85
,2022-11-01,2022,202211,на Писаревской,Gunverse,GU ice-8917,21,178647,72576.0,106071.0,146.15
,2022-12-01,2022,202212,на Писаревской,Gunverse,GU ice-8917,25,209050,86400.0,122650.0,141.96
,2021-01-01,2021,202101,на Писаревской,Gunverse,GU ai-3849,32,337120,165984.0,171136.0,103.1
,2021-02-01,2021,202102,на Писаревской,Gunverse,GU ai-3849,20,212860,103740.0,109120.0,105.19
,2021-03-01,2021,202103,на Писаревской,Gunverse,GU ai-3849,16,159936,82992.0,76944.0,92.71
,2021-04-01,2021,202104,на Писаревской,Gunverse,GU ai-3849,30,321840,155610.0,166230.0,106.82
,2021-05-01,2021,202105,на Писаревской,Gunverse,GU ai-3849,37,430828,191919.0,238909.0,124.48
,2021-06-01,2021,202106,на Писаревской,Gunverse,GU ai-3849,35,372540,181545.0,190995.0,105.21
,2021-07-01,2021,202107,на Писаревской,Gunverse,GU ai-3849,37,328634,191919.0,136715.0,71.24
,2021-08-01,2021,202108,на Писаревской,Gunverse,GU ai-3849,32,306368,165984.0,140384.0,84.58
,2021-09-01,2021,202109,на Писаревской,Gunverse,GU ai-3849,33,339009,171171.0,167838.0,98.05
,2021-10-01,2021,202110,на Писаревской,Gunverse,GU ai-3849,28,293468,145236.0,148232.0,102.06
,2021-11-01,2021,202111,на Писаревской,Gunverse,GU ai-3849,20,202220,103740.0,98480.0,94.93
,2021-12-01,2021,202112,на Писаревской,Gunverse,GU ai-3849,24,222408,124488.0,97920.0,78.66
,2022-01-01,2022,202201,на Писаревской,Gunverse,GU ai-3849,35,376845,181545.0,195300.0,107.58
,2022-02-01,2022,202202,на Писаревской,Gunverse,GU ai-3849,22,237886,114114.0,123772.0,108.46
,2022-03-01,2022,202203,на Писаревской,Gunverse,GU ai-3849,18,169956,93366.0,76590.0,82.03
,2022-04-01,2022,202204,на Писаревской,Gunverse,GU ai-3849,33,350394,171171.0,179223.0,104.7
,2022-05-01,2022,202205,на Писаревской,Gunverse,GU ai-3849,41,465186,212667.0,252519.0,118.74
,2022-06-01,2022,202206,на Писаревской,Gunverse,GU ai-3849,39,407862,202293.0,205569.0,101.62
,2022-07-01,2022,202207,на Писаревской,Gunverse,GU ai-3849,41,375396,212667.0,162729.0,76.52
,2022-08-01,2022,202208,на Писаревской,Gunverse,GU ai-3849,35,327075,181545.0,145530.0,80.16
,2022-09-01,2022,202209,на Писаревской,Gunverse,GU ai-3849,37,390905,191919.0,198986.0,103.68
,2022-10-01,2022,202210,на Писаревской,Gunverse,GU ai-3849,30,328680,155610.0,173070.0,111.22
,2022-11-01,2022,202211,на Писаревской,Gunverse,GU ai-3849,22,225830,114114.0,111716.0,97.9
,2022-12-01,2022,202212,на Писаревской,Gunverse,GU ai-3849,26,274924,134862.0,140062.0,103.86
,2021-01-01,2021,202101,на Писаревской,Nuke,NK air-4421,34,439688,204000.0,235688.0,115.53
,2021-02-01,2021,202102,на Писаревской,Nuke,NK air-4421,21,284928,126000.0,158928.0,126.13
,2021-03-01,2021,202103,на Писаревской,Nuke,NK air-4421,17,213639,102000.0,111639.0,109.45
,2021-04-01,2021,202104,на Писаревской,Nuke,NK air-4421,32,436192,192000.0,244192.0,127.18
,2021-05-01,2021,202105,на Писаревской,Nuke,NK air-4421,40,544680,240000.0,304680.0,126.95
,2021-06-01,2021,202106,на Писаревской,Nuke,NK air-4421,38,525768,228000.0,297768.0,130.6
,2021-07-01,2021,202107,на Писаревской,Nuke,NK air-4421,40,460000,240000.0,220000.0,91.67
,2021-08-01,2021,202108,на Писаревской,Nuke,NK air-4421,34,451010,204000.0,247010.0,121.08
,2021-09-01,2021,202109,на Писаревской,Nuke,NK air-4421,36,449604,216000.0,233604.0,108.15
,2021-10-01,2021,202110,на Писаревской,Nuke,NK air-4421,30,422130,180000.0,242130.0,134.52
,2021-11-01,2021,202111,на Писаревской,Nuke,NK air-4421,21,265440,126000.0,139440.0,110.67
,2021-12-01,2021,202112,на Писаревской,Nuke,NK air-4421,25,310650,150000.0,160650.0,107.1
,2022-01-01,2022,202201,на Писаревской,Nuke,NK air-4421,37,506234,222000.0,284234.0,128.03
,2022-02-01,2022,202202,на Писаревской,Nuke,NK air-4421,23,298310,138000.0,160310.0,116.17
,2022-03-01,2022,202203,на Писаревской,Nuke,NK air-4421,19,242953,114000.0,128953.0,113.12
,2022-04-01,2022,202204,на Писаревской,Nuke,NK air-4421,35,492380,210000.0,282380.0,134.47
,2022-05-01,2022,202205,на Писаревской,Nuke,NK air-4421,44,600864,264000.0,336864.0,127.6
,2022-06-01,2022,202206,на Писаревской,Nuke,NK air-4421,42,561750,252000.0,309750.0,122.92
,2022-07-01,2022,202207,на Писаревской,Nuke,NK air-4421,44,528352,264000.0,264352.0,100.13
,2022-08-01,2022,202208,на Писаревской,Nuke,NK air-4421,37,468494,222000.0,246494.0,111.03
,2022-09-01,2022,202209,на Писаревской,Nuke,NK air-4421,39,505908,234000.0,271908.0,116.2
,2022-10-01,2022,202210,на Писаревской,Nuke,NK air-4421,33,446721,198000.0,248721.0,125.62
,2022-11-01,2022,202211,на Писаревской,Nuke,NK air-4421,23,298586,138000.0,160586.0,116.37
,2022-12-01,2022,202212,на Писаревской,Nuke,NK air-4421,28,356608,168000.0,188608.0,112.27
,2021-01-01,2021,202101,на Писаревской,Nuke,NK grou-9880,25,267250,132750.0,134500.0,101.32
,2021-02-01,2021,202102,на Писаревской,Nuke,NK grou-9880,16,171232,84960.0,86272.0,101.54
,2021-03-01,2021,202103,на Писаревской,Nuke,NK grou-9880,13,128921,69030.0,59891.0,86.76
,2021-04-01,2021,202104,на Писаревской,Nuke,NK grou-9880,23,247089,122130.0,124959.0,102.32
,2021-05-01,2021,202105,на Писаревской,Nuke,NK grou-9880,29,333587,153990.0,179597.0,116.63
,2021-06-01,2021,202106,на Писаревской,Nuke,NK grou-9880,28,291536,148680.0,142856.0,96.08
,2021-07-01,2021,202107,на Писаревской,Nuke,NK grou-9880,29,258042,153990.0,104052.0,67.57
,2021-08-01,2021,202108,на Писаревской,Nuke,NK grou-9880,25,239225,132750.0,106475.0,80.21
,2021-09-01,2021,202109,на Писаревской,Nuke,NK grou-9880,26,260000,138060.0,121940.0,88.32
,2021-10-01,2021,202110,на Писаревской,Nuke,NK grou-9880,22,225126,116820.0,108306.0,92.71
,2021-11-01,2021,202111,на Писаревской,Nuke,NK grou-9880,16,168784,84960.0,83824.0,98.66
,2021-12-01,2021,202112,на Писаревской,Nuke,NK grou-9880,19,185326,100890.0,84436.0,83.69
,2022-01-01,2022,202201,на Писаревской,Nuke,NK grou-9880,27,273537,143370.0,130167.0,90.79
,2022-02-01,2022,202202,на Писаревской,Nuke,NK grou-9880,17,175100,90270.0,84830.0,93.97
,2022-03-01,2022,202203,на Писаревской,Nuke,NK grou-9880,14,138194,74340.0,63854.0,85.89
,2022-04-01,2022,202204,на Писаревской,Nuke,NK grou-9880,25,278900,132750.0,146150.0,110.09
,2022-05-01,2022,202205,на Писаревской,Nuke,NK grou-9880,32,351168,169920.0,181248.0,106.67
,2022-06-01,2022,202206,на Писаревской,Nuke,NK grou-9880,30,322410,159300.0,163110.0,102.39
,2022-07-01,2022,202207,на Писаревской,Nuke,NK grou-9880,32,272672,169920.0,102752.0,60.47
,2022-08-01,2022,202208,на Писаревской,Nuke,NK grou-9880,27,258201,143370.0,114831.0,80.09
,2022-09-01,2022,202209,на Писаревской,Nuke,NK grou-9880,29,295162,153990.0,141172.0,91.68
,2022-10-01,2022,202210,на Писаревской,Nuke,NK grou-9880,24,237792,127440.0,110352.0,86.59
,2022-11-01,2022,202211,на Писаревской,Nuke,NK grou-9880,17,178738,90270.0,88468.0,98.0
,2022-12-01,2022,202212,на Писаревской,Nuke,NK grou-9880,20,184980,106200.0,78780.0,74.18
,2021-01-01,2021,202101,на Писаревской,Nuke,NK gre-7983,23,187818,74060.0,113758.0,153.6
,2021-02-01,2021,202102,на Писаревской,Nuke,NK gre-7983,15,137400,48300.0,89100.0,184.47
,2021-03-01,2021,202103,на Писаревской,Nuke,NK gre-7983,12,98892,38640.0,60252.0,155.93
,2021-04-01,2021,202104,на Писаревской,Nuke,NK gre-7983,22,200310,70840.0,129470.0,182.76
,2021-05-01,2021,202105,на Писаревской,Nuke,NK gre-7983,28,248192,90160.0,158032.0,175.28
,2021-06-01,2021,202106,на Писаревской,Nuke,NK gre-7983,26,221390,83720.0,137670.0,164.44
,2021-07-01,2021,202107,на Писаревской,Nuke,NK gre-7983,28,193872,90160.0,103712.0,115.03
,2021-08-01,2021,202108,на Писаревской,Nuke,NK gre-7983,23,177008,74060.0,102948.0,139.01
,2021-09-01,2021,202109,на Писаревской,Nuke,NK gre-7983,25,196475,80500.0,115975.0,144.07
,2021-10-01,2021,202110,на Писаревской,Nuke,NK gre-7983,21,187467,67620.0,119847.0,177.24
,2021-11-01,2021,202111,на Писаревской,Nuke,NK gre-7983,15,116880,48300.0,68580.0,141.99
,2021-12-01,2021,202112,на Писаревской,Nuke,NK gre-7983,18,136098,57960.0,78138.0,134.81
,2022-01-01,2022,202201,на Писаревской,Nuke,NK gre-7983,26,228410,83720.0,144690.0,172.83
,2022-02-01,2022,202202,на Писаревской,Nuke,NK gre-7983,16,129680,51520.0,78160.0,151.71
,2022-03-01,2022,202203,на Писаревской,Nuke,NK gre-7983,13,99021,41860.0,57161.0,136.55
,2022-04-01,2022,202204,на Писаревской,Nuke,NK gre-7983,24,195552,77280.0,118272.0,153.04
,2022-05-01,2022,202205,на Писаревской,Nuke,NK gre-7983,30,276360,96600.0,179760.0,186.09
,2022-06-01,2022,202206,на Писаревской,Nuke,NK gre-7983,29,224083,93380.0,130703.0,139.97
,2022-07-01,2022,202207,на Писаревской,Nuke,NK gre-7983,30,200130,96600.0,103530.0,107.17
,2022-08-01,2022,202208,на Писаревской,Nuke,NK gre-7983,26,195468,83720.0,111748.0,133.48
,2022-09-01,2022,202209,на Писаревской,Nuke,NK gre-7983,27,211626,86940.0,124686.0,143.42
,2022-10-01,2022,202210,на Писаревской,Nuke,NK gre-7983,23,195569,74060.0,121509.0,164.07
,2022-11-01,2022,202211,на Писаревской,Nuke,NK gre-7983,16,137616,51520.0,86096.0,167.11
,2022-12-01,2022,202212,на Писаревской,Nuke,NK gre-7983,19,153691,61180.0,92511.0,151.21
,2021-01-01,2021,202101,на Писаревской,Nuke,NK earth-5320,29,218109,96135.0,121974.0,126.88
,2021-02-01,2021,202102,на Писаревской,Nuke,NK earth-5320,18,131706,59670.0,72036.0,120.72
,2021-03-01,2021,202103,на Писаревской,Nuke,NK earth-5320,15,97710,49725.0,47985.0,96.5
,2021-04-01,2021,202104,на Писаревской,Nuke,NK earth-5320,27,222723,89505.0,133218.0,148.84
,2021-05-01,2021,202105,на Писаревской,Nuke,NK earth-5320,34,268430,112710.0,155720.0,138.16
,2021-06-01,2021,202106,на Писаревской,Nuke,NK earth-5320,33,254793,109395.0,145398.0,132.91
,2021-07-01,2021,202107,на Писаревской,Nuke,NK earth-5320,34,207468,112710.0,94758.0,84.07
,2021-08-01,2021,202108,на Писаревской,Nuke,NK earth-5320,29,219385,96135.0,123250.0,128.21
,2021-09-01,2021,202109,на Писаревской,Nuke,NK earth-5320,31,245489,102765.0,142724.0,138.88
,2021-10-01,2021,202110,на Писаревской,Nuke,NK earth-5320,25,195575,82875.0,112700.0,135.99
,2021-11-01,2021,202111,на Писаревской,Nuke,NK earth-5320,18,143856,59670.0,84186.0,141.09
,2021-12-01,2021,202112,на Писаревской,Nuke,NK earth-5320,22,154748,72930.0,81818.0,112.19
,2022-01-01,2022,202201,на Писаревской,Nuke,NK earth-5320,32,242528,106080.0,136448.0,128.63
,2022-02-01,2022,202202,на Писаревской,Nuke,NK earth-5320,20,159600,66300.0,93300.0,140.72
,2022-03-01,2022,202203,на Писаревской,Nuke,NK earth-5320,16,117328,53040.0,64288.0,121.21
,2022-04-01,2022,202204,на Писаревской,Nuke,NK earth-5320,30,243870,99450.0,144420.0,145.22
,2022-05-01,2022,202205,на Писаревской,Nuke,NK earth-5320,38,307116,125970.0,181146.0,143.8
,2022-06-01,2022,202206,на Писаревской,Nuke,NK earth-5320,36,277200,119340.0,157860.0,132.28
,2022-07-01,2022,202207,на Писаревской,Nuke,NK earth-5320,38,246544,125970.0,120574.0,95.72
,2022-08-01,2022,202208,на Писаревской,Nuke,NK earth-5320,32,219168,106080.0,113088.0,106.61
,2022-09-01,2022,202209,на Писаревской,Nuke,NK earth-5320,34,247044,112710.0,134334.0,119.19
,2022-10-01,2022,202210,на Писаревской,Nuke,NK earth-5320,28,230356,92820.0,137536.0,148.17
,2022-11-01,2022,202211,на Писаревской,Nuke,NK earth-5320,20,145840,66300.0,79540.0,119.97
,2022-12-01,2022,202212,на Писаревской,Nuke,NK earth-5320,24,182256,79560.0,102696.0,129.08
,2021-01-01,2021,202101,на Писаревской,Nuke,NK ais-5028,32,370880,150400.0,220480.0,146.6
,2021-02-01,2021,202102,на Писаревской,Nuke,NK ais-5028,20,225980,94000.0,131980.0,140.4
,2021-03-01,2021,202103,на Писаревской,Nuke,NK ais-5028,16,175904,75200.0,100704.0,133.91
,2021-04-01,2021,202104,на Писаревской,Nuke,NK ais-5028,30,356910,141000.0,215910.0,153.13
,2021-05-01,2021,202105,на Писаревской,Nuke,NK ais-5028,38,472188,178600.0,293588.0,164.38
,2021-06-01,2021,202106,на Писаревской,Nuke,NK ais-5028,36,427572,169200.0,258372.0,152.7
,2021-07-01,2021,202107,на Писаревской,Nuke,NK ais-5028,38,375630,178600.0,197030.0,110.32
,2021-08-01,2021,202108,на Писаревской,Nuke,NK ais-5028,32,337184,150400.0,186784.0,124.19
,2021-09-01,2021,202109,на Писаревской,Nuke,NK ais-5028,34,350302,159800.0,190502.0,119.21
,2021-10-01,2021,202110,на Писаревской,Nuke,NK ais-5028,28,329924,131600.0,198324.0,150.7
,2021-11-01,2021,202111,на Писаревской,Nuke,NK ais-5028,20,222180,94000.0,128180.0,136.36
,2021-12-01,2021,202112,на Писаревской,Nuke,NK ais-5028,24,251040,112800.0,138240.0,122.55
,2022-01-01,2022,202201,на Писаревской,Nuke,NK ais-5028,35,402640,164500.0,238140.0,144.77
,2022-02-01,2022,202202,на Писаревской,Nuke,NK ais-5028,22,262834,103400.0,159434.0,154.19
,2022-03-01,2022,202203,на Писаревской,Nuke,NK ais-5028,18,189072,84600.0,104472.0,123.49
,2022-04-01,2022,202204,на Писаревской,Nuke,NK ais-5028,33,370920,155100.0,215820.0,139.15
,2022-05-01,2022,202205,на Писаревской,Nuke,NK ais-5028,41,473140,192700.0,280440.0,145.53
,2022-06-01,2022,202206,на Писаревской,Nuke,NK ais-5028,39,451581,183300.0,268281.0,146.36
,2022-07-01,2022,202207,на Писаревской,Nuke,NK ais-5028,41,398889,192700.0,206189.0,107.0
,2022-08-01,2022,202208,на Писаревской,Nuke,NK ais-5028,35,392455,164500.0,227955.0,138.57
,2022-09-01,2022,202209,на Писаревской,Nuke,NK ais-5028,37,418914,173900.0,245014.0,140.89
,2022-10-01,2022,202210,на Писаревской,Nuke,NK ais-5028,31,351540,145700.0,205840.0,141.28
,2022-11-01,2022,202211,на Писаревской,Nuke,NK ais-5028,22,256718,103400.0,153318.0,148.28
,2022-12-01,2022,202212,на Писаревской,Nuke,NK ais-5028,26,275444,122200.0,153244.0,125.4
,2021-01-01,2021,202101,на Писаревской,Nuke,NK ice-4908,34,342482,182546.0,159936.0,87.61
,2021-02-01,2021,202102,на Писаревской,Nuke,NK ice-4908,21,212289,112749.0,99540.0,88.28
,2021-03-01,2021,202103,на Писаревской,Nuke,NK ice-4908,17,163608,91273.0,72335.0,79.25
,2021-04-01,2021,202104,на Писаревской,Nuke,NK ice-4908,31,339419,166439.0,172980.0,103.93
,2021-05-01,2021,202105,на Писаревской,Nuke,NK ice-4908,40,436560,214760.0,221800.0,103.28
,2021-06-01,2021,202106,на Писаревской,Nuke,NK ice-4908,38,385054,204022.0,181032.0,88.73
,2021-07-01,2021,202107,на Писаревской,Nuke,NK ice-4908,40,354680,214760.0,139920.0,65.15
,2021-08-01,2021,202108,на Писаревской,Nuke,NK ice-4908,34,340136,182546.0,157590.0,86.33
,2021-09-01,2021,202109,на Писаревской,Nuke,NK ice-4908,36,365400,193284.0,172116.0,89.05
,2021-10-01,2021,202110,на Писаревской,Nuke,NK ice-4908,29,309691,155701.0,153990.0,98.9
,2021-11-01,2021,202111,на Писаревской,Nuke,NK ice-4908,21,221172,112749.0,108423.0,96.16
,2021-12-01,2021,202112,на Писаревской,Nuke,NK ice-4908,25,252450,134225.0,118225.0,88.08
,2022-01-01,2022,202201,на Писаревской,Nuke,NK ice-4908,37,374514,198653.0,175861.0,88.53
,2022-02-01,2022,202202,на Писаревской,Nuke,NK ice-4908,23,226481,123487.0,102994.0,83.4
,2022-03-01,2022,202203,на Писаревской,Nuke,NK ice-4908,19,182020,102011.0,80009.0,78.43
,2022-04-01,2022,202204,на Писаревской,Nuke,NK ice-4908,35,389235,187915.0,201320.0,107.13
,2022-05-01,2022,202205,на Писаревской,Nuke,NK ice-4908,44,492184,236236.0,255948.0,108.34
,2022-06-01,2022,202206,на Писаревской,Nuke,NK ice-4908,41,415289,220129.0,195160.0,88.66
,2022-07-01,2022,202207,на Писаревской,Nuke,NK ice-4908,44,404844,236236.0,168608.0,71.37
,2022-08-01,2022,202208,на Писаревской,Nuke,NK ice-4908,37,353905,198653.0,155252.0,78.15
,2022-09-01,2022,202209,на Писаревской,Nuke,NK ice-4908,39,371787,209391.0,162396.0,77.56
,2022-10-01,2022,202210,на Писаревской,Nuke,NK ice-4908,32,338752,171808.0,166944.0,97.17
,2022-11-01,2022,202211,на Писаревской,Nuke,NK ice-4908,23,229379,123487.0,105892.0,85.75
,2022-12-01,2022,202212,на Писаревской,Nuke,NK ice-4908,28,274512,150332.0,124180.0,82.6
,2021-01-01,2021,202101,на Писаревской,Nuke,NK ai-2826,24,280968,132000.0,148968.0,112.85
,2021-02-01,2021,202102,на Писаревской,Nuke,NK ai-2826,15,193620,82500.0,111120.0,134.69
,2021-03-01,2021,202103,на Писаревской,Nuke,NK ai-2826,12,142884,66000.0,76884.0,116.49
,2021-04-01,2021,202104,на Писаревской,Nuke,NK ai-2826,23,289570,126500.0,163070.0,128.91
,2021-05-01,2021,202105,на Писаревской,Nuke,NK ai-2826,28,366240,154000.0,212240.0,137.82
,2021-06-01,2021,202106,на Писаревской,Nuke,NK ai-2826,27,340011,148500.0,191511.0,128.96
,2021-07-01,2021,202107,на Писаревской,Nuke,NK ai-2826,28,307832,154000.0,153832.0,99.89
,2021-08-01,2021,202108,на Писаревской,Nuke,NK ai-2826,24,276864,132000.0,144864.0,109.75
,2021-09-01,2021,202109,на Писаревской,Nuke,NK ai-2826,25,295475,137500.0,157975.0,114.89
,2021-10-01,2021,202110,на Писаревской,Nuke,NK ai-2826,21,266154,115500.0,150654.0,130.44
,2021-11-01,2021,202111,на Писаревской,Nuke,NK ai-2826,15,182055,82500.0,99555.0,120.67
,2021-12-01,2021,202112,на Писаревской,Nuke,NK ai-2826,18,215748,99000.0,116748.0,117.93
,2022-01-01,2022,202201,на Писаревской,Nuke,NK ai-2826,26,327392,143000.0,184392.0,128.95
,2022-02-01,2022,202202,на Писаревской,Nuke,NK ai-2826,17,216410,93500.0,122910.0,131.45
,2022-03-01,2022,202203,на Писаревской,Nuke,NK ai-2826,13,143208,71500.0,71708.0,100.29
,2022-04-01,2022,202204,на Писаревской,Nuke,NK ai-2826,25,327375,137500.0,189875.0,138.09
,2022-05-01,2022,202205,на Писаревской,Nuke,NK ai-2826,31,386291,170500.0,215791.0,126.56
,2022-06-01,2022,202206,на Писаревской,Nuke,NK ai-2826,30,361680,165000.0,196680.0,119.2
,2022-07-01,2022,202207,на Писаревской,Nuke,NK ai-2826,31,332754,170500.0,162254.0,95.16
,2022-08-01,2022,202208,на Писаревской,Nuke,NK ai-2826,26,289718,143000.0,146718.0,102.6
,2022-09-01,2022,202209,на Писаревской,Nuke,NK ai-2826,28,345604,154000.0,191604.0,124.42
,2022-10-01,2022,202210,на Писаревской,Nuke,NK ai-2826,23,287017,126500.0,160517.0,126.89
,2022-11-01,2022,202211,на Писаревской,Nuke,NK ai-2826,17,209916,93500.0,116416.0,124.51
,2022-12-01,2022,202212,на Писаревской,Nuke,NK ai-2826,20,240600,110000.0,130600.0,118.73
,2021-01-01,2021,202101,на Писаревской,Rubok,RB air-7636,8,29208,12096.0,17112.0,141.47
,2021-02-01,2021,202102,на Писаревской,Rubok,RB air-7636,5,20170,7560.0,12610.0,166.8
,2021-03-01,2021,202103,на Писаревской,Rubok,RB air-7636,4,14104,6048.0,8056.0,133.2
,2021-04-01,2021,202104,на Писаревской,Rubok,RB air-7636,7,30184,10584.0,19600.0,185.19
,2021-05-01,2021,202105,на Писаревской,Rubok,RB air-7636,9,40212,13608.0,26604.0,195.5
,2021-06-01,2021,202106,на Писаревской,Rubok,RB air-7636,9,34641,13608.0,21033.0,154.56
,2021-07-01,2021,202107,на Писаревской,Rubok,RB air-7636,9,25848,13608.0,12240.0,89.95
,2021-08-01,2021,202108,на Писаревской,Rubok,RB air-7636,8,25984,12096.0,13888.0,114.81
,2021-09-01,2021,202109,на Писаревской,Rubok,RB air-7636,8,30824,12096.0,18728.0,154.83
,2021-10-01,2021,202110,на Писаревской,Rubok,RB air-7636,7,28616,10584.0,18032.0,170.37
,2021-11-01,2021,202111,на Писаревской,Rubok,RB air-7636,5,17810,7560.0,10250.0,135.58
,2021-12-01,2021,202112,на Писаревской,Rubok,RB air-7636,6,21900,9072.0,12828.0,141.4
,2022-01-01,2022,202201,на Писаревской,Rubok,RB air-7636,8,33912,12096.0,21816.0,180.36
,2022-02-01,2022,202202,на Писаревской,Rubok,RB air-7636,5,22045,7560.0,14485.0,191.6
,2022-03-01,2022,202203,на Писаревской,Rubok,RB air-7636,4,13444,6048.0,7396.0,122.29
,2022-04-01,2022,202204,на Писаревской,Rubok,RB air-7636,8,41104,12096.0,29008.0,239.81
,2022-05-01,2022,202205,на Писаревской,Rubok,RB air-7636,10,47990,15120.0,32870.0,217.39
,2022-06-01,2022,202206,на Писаревской,Rubok,RB air-7636,9,39366,13608.0,25758.0,189.29
,2022-07-01,2022,202207,на Писаревской,Rubok,RB air-7636,10,27420,15120.0,12300.0,81.35
,2022-08-01,2022,202208,на Писаревской,Rubok,RB air-7636,8,29112,12096.0,17016.0,140.67
,2022-09-01,2022,202209,на Писаревской,Rubok,RB air-7636,9,30213,13608.0,16605.0,122.02
,2022-10-01,2022,202210,на Писаревской,Rubok,RB air-7636,7,30373,10584.0,19789.0,186.97
,2022-11-01,2022,202211,на Писаревской,Rubok,RB air-7636,5,20190,7560.0,12630.0,167.06
,2022-12-01,2022,202212,на Писаревской,Rubok,RB air-7636,6,19206,9072.0,10134.0,111.71
,2021-01-01,2021,202101,на Писаревской,Rubok,RB grou-5163,9,28647,7038.0,21609.0,307.03
,2021-02-01,2021,202102,на Писаревской,Rubok,RB grou-5163,6,16170,4692.0,11478.0,244.63
,2021-03-01,2021,202103,на Писаревской,Rubok,RB grou-5163,5,11145,3910.0,7235.0,185.04
,2021-04-01,2021,202104,на Писаревской,Rubok,RB grou-5163,9,32787,7038.0,25749.0,365.86
,2021-05-01,2021,202105,на Писаревской,Rubok,RB grou-5163,11,46926,8602.0,38324.0,445.52
,2021-06-01,2021,202106,на Писаревской,Rubok,RB grou-5163,10,37320,7820.0,29500.0,377.24
,2021-07-01,2021,202107,на Писаревской,Rubok,RB grou-5163,11,18799,8602.0,10197.0,118.54
,2021-08-01,2021,202108,на Писаревской,Rubok,RB grou-5163,9,19575,7038.0,12537.0,178.13
,2021-09-01,2021,202109,на Писаревской,Rubok,RB grou-5163,10,26600,7820.0,18780.0,240.15
,2021-10-01,2021,202110,на Писаревской,Rubok,RB grou-5163,8,28528,6256.0,22272.0,356.01
,2021-11-01,2021,202111,на Писаревской,Rubok,RB grou-5163,6,16866,4692.0,12174.0,259.46
,2021-12-01,2021,202112,на Писаревской,Rubok,RB grou-5163,7,14847,5474.0,9373.0,171.23
,2022-01-01,2022,202201,на Писаревской,Rubok,RB grou-5163,10,26030,7820.0,18210.0,232.86
,2022-02-01,2022,202202,на Писаревской,Rubok,RB grou-5163,7,23828,5474.0,18354.0,335.29
,2022-03-01,2022,202203,на Писаревской,Rubok,RB grou-5163,5,12275,3910.0,8365.0,213.94
,2022-04-01,2022,202204,на Писаревской,Rubok,RB grou-5163,10,31350,7820.0,23530.0,300.9
,2022-05-01,2022,202205,на Писаревской,Rubok,RB grou-5163,12,41208,9384.0,31824.0,339.13
,2022-06-01,2022,202206,на Писаревской,Rubok,RB grou-5163,11,37796,8602.0,29194.0,339.39
,2022-07-01,2022,202207,на Писаревской,Rubok,RB grou-5163,12,20928,9384.0,11544.0,123.02
,2022-08-01,2022,202208,на Писаревской,Rubok,RB grou-5163,10,23950,7820.0,16130.0,206.27
,2022-09-01,2022,202209,на Писаревской,Rubok,RB grou-5163,11,28655,8602.0,20053.0,233.12
,2022-10-01,2022,202210,на Писаревской,Rubok,RB grou-5163,9,27720,7038.0,20682.0,293.86
,2022-11-01,2022,202211,на Писаревской,Rubok,RB grou-5163,7,17192,5474.0,11718.0,214.07
,2022-12-01,2022,202212,на Писаревской,Rubok,RB grou-5163,8,18816,6256.0,12560.0,200.77
,2021-01-01,2021,202101,на Писаревской,Rubok,RB gre-1678,8,35344,14000.0,21344.0,152.46
,2021-02-01,2021,202102,на Писаревской,Rubok,RB gre-1678,5,22865,8750.0,14115.0,161.31
,2021-03-01,2021,202103,на Писаревской,Rubok,RB gre-1678,4,18072,7000.0,11072.0,158.17
,2021-04-01,2021,202104,на Писаревской,Rubok,RB gre-1678,8,40848,14000.0,26848.0,191.77
,2021-05-01,2021,202105,на Писаревской,Rubok,RB gre-1678,10,55820,17500.0,38320.0,218.97
,2021-06-01,2021,202106,на Писаревской,Rubok,RB gre-1678,9,43101,15750.0,27351.0,173.66
,2021-07-01,2021,202107,на Писаревской,Rubok,RB gre-1678,10,32260,17500.0,14760.0,84.34
,2021-08-01,2021,202108,на Писаревской,Rubok,RB gre-1678,8,33744,14000.0,19744.0,141.03
,2021-09-01,2021,202109,на Писаревской,Rubok,RB gre-1678,9,34056,15750.0,18306.0,116.23
,2021-10-01,2021,202110,на Писаревской,Rubok,RB gre-1678,7,34783,12250.0,22533.0,183.94
,2021-11-01,2021,202111,на Писаревской,Rubok,RB gre-1678,5,23670,8750.0,14920.0,170.51
,2021-12-01,2021,202112,на Писаревской,Rubok,RB gre-1678,6,26550,10500.0,16050.0,152.86
,2022-01-01,2022,202201,на Писаревской,Rubok,RB gre-1678,9,45288,15750.0,29538.0,187.54
,2022-02-01,2022,202202,на Писаревской,Rubok,RB gre-1678,6,28974,10500.0,18474.0,175.94
,2022-03-01,2022,202203,на Писаревской,Rubok,RB gre-1678,5,18865,8750.0,10115.0,115.6
,2022-04-01,2022,202204,на Писаревской,Rubok,RB gre-1678,9,44172,15750.0,28422.0,180.46
,2022-05-01,2022,202205,на Писаревской,Rubok,RB gre-1678,11,65098,19250.0,45848.0,238.17
,2022-06-01,2022,202206,на Писаревской,Rubok,RB gre-1678,10,46360,17500.0,28860.0,164.91
,2022-07-01,2022,202207,на Писаревской,Rubok,RB gre-1678,11,37719,19250.0,18469.0,95.94
,2022-08-01,2022,202208,на Писаревской,Rubok,RB gre-1678,9,43866,15750.0,28116.0,178.51
,2022-09-01,2022,202209,на Писаревской,Rubok,RB gre-1678,10,43720,17500.0,26220.0,149.83
,2022-10-01,2022,202210,на Писаревской,Rubok,RB gre-1678,8,42872,14000.0,28872.0,206.23
,2022-11-01,2022,202211,на Писаревской,Rubok,RB gre-1678,6,28560,10500.0,18060.0,172.0
,2022-12-01,2022,202212,на Писаревской,Rubok,RB gre-1678,7,25480,12250.0,13230.0,108.0
,2021-01-01,2021,202101,на Писаревской,Rubok,RB earth-5369,8,45872,20160.0,25712.0,127.54
,2021-02-01,2021,202102,на Писаревской,Rubok,RB earth-5369,5,30690,12600.0,18090.0,143.57
,2021-03-01,2021,202103,на Писаревской,Rubok,RB earth-5369,4,18876,10080.0,8796.0,87.26
,2021-04-01,2021,202104,на Писаревской,Rubok,RB earth-5369,7,38640,17640.0,21000.0,119.05
,2021-05-01,2021,202105,на Писаревской,Rubok,RB earth-5369,9,53892,22680.0,31212.0,137.62
,2021-06-01,2021,202106,на Писаревской,Rubok,RB earth-5369,9,52605,22680.0,29925.0,131.94
,2021-07-01,2021,202107,на Писаревской,Rubok,RB earth-5369,9,32724,22680.0,10044.0,44.29
,2021-08-01,2021,202108,на Писаревской,Rubok,RB earth-5369,8,36552,20160.0,16392.0,81.31
,2021-09-01,2021,202109,на Писаревской,Rubok,RB earth-5369,8,42144,20160.0,21984.0,109.05
,2021-10-01,2021,202110,на Писаревской,Rubok,RB earth-5369,7,40586,17640.0,22946.0,130.08
,2021-11-01,2021,202111,на Писаревской,Rubok,RB earth-5369,5,25395,12600.0,12795.0,101.55
,2021-12-01,2021,202112,на Писаревской,Rubok,RB earth-5369,6,29214,15120.0,14094.0,93.21
,2022-01-01,2022,202201,на Писаревской,Rubok,RB earth-5369,8,42952,20160.0,22792.0,113.06
,2022-02-01,2022,202202,на Писаревской,Rubok,RB earth-5369,5,28810,12600.0,16210.0,128.65
,2022-03-01,2022,202203,на Писаревской,Rubok,RB earth-5369,4,20208,10080.0,10128.0,100.48
,2022-04-01,2022,202204,на Писаревской,Rubok,RB earth-5369,8,49832,20160.0,29672.0,147.18
,2022-05-01,2022,202205,на Писаревской,Rubok,RB earth-5369,10,61530,25200.0,36330.0,144.17
,2022-06-01,2022,202206,на Писаревской,Rubok,RB earth-5369,9,54558,22680.0,31878.0,140.56
,2022-07-01,2022,202207,на Писаревской,Rubok,RB earth-5369,10,40860,25200.0,15660.0,62.14
,2022-08-01,2022,202208,на Писаревской,Rubok,RB earth-5369,8,40552,20160.0,20392.0,101.15
,2022-09-01,2022,202209,на Писаревской,Rubok,RB earth-5369,9,46791,22680.0,24111.0,106.31
,2022-10-01,2022,202210,на Писаревской,Rubok,RB earth-5369,7,40747,17640.0,23107.0,130.99
,2022-11-01,2022,202211,на Писаревской,Rubok,RB earth-5369,5,25265,12600.0,12665.0,100.52
,2022-12-01,2022,202212,на Писаревской,Rubok,RB earth-5369,6,30978,15120.0,15858.0,104.88
,2021-01-01,2021,202101,на Писаревской,Rubok,RB ais-8935,10,30010,9240.0,20770.0,224.78
,2021-02-01,2021,202102,на Писаревской,Rubok,RB ais-8935,6,20574,5544.0,15030.0,271.1
,2021-03-01,2021,202103,на Писаревской,Rubok,RB ais-8935,5,14930,4620.0,10310.0,223.16
,2021-04-01,2021,202104,на Писаревской,Rubok,RB ais-8935,9,40221,8316.0,31905.0,383.66
,2021-05-01,2021,202105,на Писаревской,Rubok,RB ais-8935,11,44187,10164.0,34023.0,334.74
,2021-06-01,2021,202106,на Писаревской,Rubok,RB ais-8935,11,34793,10164.0,24629.0,242.32
,2021-07-01,2021,202107,на Писаревской,Rubok,RB ais-8935,11,14806,10164.0,4642.0,45.67
,2021-08-01,2021,202108,на Писаревской,Rubok,RB ais-8935,10,27280,9240.0,18040.0,195.24
,2021-09-01,2021,202109,на Писаревской,Rubok,RB ais-8935,10,27450,9240.0,18210.0,197.08
,2021-10-01,2021,202110,на Писаревской,Rubok,RB ais-8935,9,35379,8316.0,27063.0,325.43
,2021-11-01,2021,202111,на Писаревской,Rubok,RB ais-8935,6,23250,5544.0,17706.0,319.37
,2021-12-01,2021,202112,на Писаревской,Rubok,RB ais-8935,7,23660,6468.0,17192.0,265.8
,2022-01-01,2022,202201,на Писаревской,Rubok,RB ais-8935,11,32142,10164.0,21978.0,216.23
,2022-02-01,2022,202202,на Писаревской,Rubok,RB ais-8935,7,24619,6468.0,18151.0,280.63
,2022-03-01,2022,202203,на Писаревской,Rubok,RB ais-8935,6,14616,5544.0,9072.0,163.64
,2022-04-01,2022,202204,на Писаревской,Rubok,RB ais-8935,10,41620,9240.0,32380.0,350.43
,2022-05-01,2022,202205,на Писаревской,Rubok,RB ais-8935,13,56420,12012.0,44408.0,369.7
,2022-06-01,2022,202206,на Писаревской,Rubok,RB ais-8935,12,39444,11088.0,28356.0,255.74
,2022-07-01,2022,202207,на Писаревской,Rubok,RB ais-8935,13,26910,12012.0,14898.0,124.03
,2022-08-01,2022,202208,на Писаревской,Rubok,RB ais-8935,11,27632,10164.0,17468.0,171.86
,2022-09-01,2022,202209,на Писаревской,Rubok,RB ais-8935,11,29590,10164.0,19426.0,191.13
,2022-10-01,2022,202210,на Писаревской,Rubok,RB ais-8935,9,33003,8316.0,24687.0,296.86
,2022-11-01,2022,202211,на Писаревской,Rubok,RB ais-8935,7,22351,6468.0,15883.0,245.56
,2022-12-01,2022,202212,на Писаревской,Rubok,RB ais-8935,8,27752,7392.0,20360.0,275.43
,2021-01-01,2021,202101,на Писаревской,Rubok,RB ice-6256,8,27192,8736.0,18456.0,211.26
,2021-02-01,2021,202102,на Писаревской,Rubok,RB ice-6256,5,23510,5460.0,18050.0,330.59
,2021-03-01,2021,202103,на Писаревской,Rubok,RB ice-6256,4,15000,4368.0,10632.0,243.41
,2021-04-01,2021,202104,на Писаревской,Rubok,RB ice-6256,7,29862,7644.0,22218.0,290.66
,2021-05-01,2021,202105,на Писаревской,Rubok,RB ice-6256,9,36738,9828.0,26910.0,273.81
,2021-06-01,2021,202106,на Писаревской,Rubok,RB ice-6256,9,34506,9828.0,24678.0,251.1
,2021-07-01,2021,202107,на Писаревской,Rubok,RB ice-6256,9,22716,9828.0,12888.0,131.14
,2021-08-01,2021,202108,на Писаревской,Rubok,RB ice-6256,8,24744,8736.0,16008.0,183.24
,2021-09-01,2021,202109,на Писаревской,Rubok,RB ice-6256,8,30512,8736.0,21776.0,249.27
,2021-10-01,2021,202110,на Писаревской,Rubok,RB ice-6256,7,26306,7644.0,18662.0,244.14
,2021-11-01,2021,202111,на Писаревской,Rubok,RB ice-6256,5,16895,5460.0,11435.0,209.43
,2021-12-01,2021,202112,на Писаревской,Rubok,RB ice-6256,6,19704,6552.0,13152.0,200.73
,2022-01-01,2022,202201,на Писаревской,Rubok,RB ice-6256,9,38169,9828.0,28341.0,288.37
,2022-02-01,2022,202202,на Писаревской,Rubok,RB ice-6256,6,22026,6552.0,15474.0,236.17
,2022-03-01,2022,202203,на Писаревской,Rubok,RB ice-6256,5,15145,5460.0,9685.0,177.38
,2022-04-01,2022,202204,на Писаревской,Rubok,RB ice-6256,8,37712,8736.0,28976.0,331.68
,2022-05-01,2022,202205,на Писаревской,Rubok,RB ice-6256,10,42860,10920.0,31940.0,292.49
,2022-06-01,2022,202206,на Писаревской,Rubok,RB ice-6256,10,41500,10920.0,30580.0,280.04
,2022-07-01,2022,202207,на Писаревской,Rubok,RB ice-6256,10,27750,10920.0,16830.0,154.12
,2022-08-01,2022,202208,на Писаревской,Rubok,RB ice-6256,9,25299,9828.0,15471.0,157.42
,2022-09-01,2022,202209,на Писаревской,Rubok,RB ice-6256,9,27945,9828.0,18117.0,184.34
,2022-10-01,2022,202210,на Писаревской,Rubok,RB ice-6256,8,34816,8736.0,26080.0,298.53
,2022-11-01,2022,202211,на Писаревской,Rubok,RB ice-6256,6,21288,6552.0,14736.0,224.91
,2022-12-01,2022,202212,на Писаревской,Rubok,RB ice-6256,7,24248,7644.0,16604.0,217.22
,2021-01-01,2021,202101,на Писаревской,Rubok,RB ai-9349,10,28160,8740.0,19420.0,222.2
,2021-02-01,2021,202102,на Писаревской,Rubok,RB ai-9349,6,21462,5244.0,16218.0,309.27
,2021-03-01,2021,202103,на Писаревской,Rubok,RB ai-9349,5,11445,4370.0,7075.0,161.9
,2021-04-01,2021,202104,на Писаревской,Rubok,RB ai-9349,9,31707,7866.0,23841.0,303.09
,2021-05-01,2021,202105,на Писаревской,Rubok,RB ai-9349,12,48420,10488.0,37932.0,361.67
,2021-06-01,2021,202106,на Писаревской,Rubok,RB ai-9349,11,35893,9614.0,26279.0,273.34
,2021-07-01,2021,202107,на Писаревской,Rubok,RB ai-9349,12,16512,10488.0,6024.0,57.44
,2021-08-01,2021,202108,на Писаревской,Rubok,RB ai-9349,10,25000,8740.0,16260.0,186.04
,2021-09-01,2021,202109,на Писаревской,Rubok,RB ai-9349,11,34661,9614.0,25047.0,260.53
,2021-10-01,2021,202110,на Писаревской,Rubok,RB ai-9349,9,25209,7866.0,17343.0,220.48
,2021-11-01,2021,202111,на Писаревской,Rubok,RB ai-9349,6,16104,5244.0,10860.0,207.09
,2021-12-01,2021,202112,на Писаревской,Rubok,RB ai-9349,8,21280,6992.0,14288.0,204.35
,2022-01-01,2022,202201,на Писаревской,Rubok,RB ai-9349,11,29282,9614.0,19668.0,204.58
,2022-02-01,2022,202202,на Писаревской,Rubok,RB ai-9349,7,26082,6118.0,19964.0,326.32
,2022-03-01,2022,202203,на Писаревской,Rubok,RB ai-9349,6,15876,5244.0,10632.0,202.75
,2022-04-01,2022,202204,на Писаревской,Rubok,RB ai-9349,10,33060,8740.0,24320.0,278.26
,2022-05-01,2022,202205,на Писаревской,Rubok,RB ai-9349,13,49426,11362.0,38064.0,335.01
,2022-06-01,2022,202206,на Писаревской,Rubok,RB ai-9349,12,34068,10488.0,23580.0,224.83
,2022-07-01,2022,202207,на Писаревской,Rubok,RB ai-9349,13,16367,11362.0,5005.0,44.05
,2022-08-01,2022,202208,на Писаревской,Rubok,RB ai-9349,11,23243,9614.0,13629.0,141.76
,2022-09-01,2022,202209,на Писаревской,Rubok,RB ai-9349,12,30828,10488.0,20340.0,193.94
,2022-10-01,2022,202210,на Писаревской,Rubok,RB ai-9349,10,33720,8740.0,24980.0,285.81
,2022-11-01,2022,202211,на Писаревской,Rubok,RB ai-9349,7,18410,6118.0,12292.0,200.92
,2022-12-01,2022,202212,на Писаревской,Rubok,RB ai-9349,8,26024,6992.0,19032.0,272.2
,2021-01-01,2021,202101,Проездная,Galosha,KA air-9558,76,855532,456000.0,399532.0,87.62
,2021-02-01,2021,202102,Проездная,Galosha,KA air-9558,48,550080,288000.0,262080.0,91.0
,2021-03-01,2021,202103,Проездная,Galosha,KA air-9558,38,391438,228000.0,163438.0,71.68
,2021-04-01,2021,202104,Проездная,Galosha,KA air-9558,71,843835,426000.0,417835.0,98.08
,2021-05-01,2021,202105,Проездная,Galosha,KA air-9558,90,1046160,540000.0,506160.0,93.73
,2021-06-01,2021,202106,Проездная,Galosha,KA air-9558,85,959480,510000.0,449480.0,88.13
,2021-07-01,2021,202107,Проездная,Galosha,KA air-9558,90,914400,540000.0,374400.0,69.33
,2021-08-01,2021,202108,Проездная,Galosha,KA air-9558,76,864804,456000.0,408804.0,89.65
,2021-09-01,2021,202109,Проездная,Galosha,KA air-9558,81,852687,486000.0,366687.0,75.45
,2021-10-01,2021,202110,Проездная,Galosha,KA air-9558,67,734655,402000.0,332655.0,82.75
,2021-11-01,2021,202111,Проездная,Galosha,KA air-9558,48,533232,288000.0,245232.0,85.15
,2021-12-01,2021,202112,Проездная,Galosha,KA air-9558,57,609444,342000.0,267444.0,78.2
,2022-01-01,2022,202201,Проездная,Galosha,KA air-9558,84,917868,504000.0,413868.0,82.12
,2022-02-01,2022,202202,Проездная,Galosha,KA air-9558,52,621608,312000.0,309608.0,99.23
,2022-03-01,2022,202203,Проездная,Galosha,KA air-9558,42,456624,252000.0,204624.0,81.2
,2022-04-01,2022,202204,Проездная,Galosha,KA air-9558,78,911430,468000.0,443430.0,94.75
,2022-05-01,2022,202205,Проездная,Galosha,KA air-9558,99,1204731,594000.0,610731.0,102.82
,2022-06-01,2022,202206,Проездная,Galosha,KA air-9558,94,1029770,564000.0,465770.0,82.58
,2022-07-01,2022,202207,Проездная,Galosha,KA air-9558,99,946836,594000.0,352836.0,59.4
,2022-08-01,2022,202208,Проездная,Galosha,KA air-9558,84,858480,504000.0,354480.0,70.33
,2022-09-01,2022,202209,Проездная,Galosha,KA air-9558,89,962268,534000.0,428268.0,80.2
,2022-10-01,2022,202210,Проездная,Galosha,KA air-9558,73,847895,438000.0,409895.0,93.58
,2022-11-01,2022,202211,Проездная,Galosha,KA air-9558,52,567632,312000.0,255632.0,81.93
,2022-12-01,2022,202212,Проездная,Galosha,KA air-9558,63,682857,378000.0,304857.0,80.65
,2021-01-01,2021,202101,Проездная,Galosha,KA grou-7567,70,905520,495600.0,409920.0,82.71
,2021-02-01,2021,202102,Проездная,Galosha,KA grou-7567,44,588676,311520.0,277156.0,88.97
,2021-03-01,2021,202103,Проездная,Galosha,KA grou-7567,35,443520,247800.0,195720.0,78.98
,2021-04-01,2021,202104,Проездная,Galosha,KA grou-7567,65,882050,460200.0,421850.0,91.67
,2021-05-01,2021,202105,Проездная,Galosha,KA grou-7567,83,1142910,587640.0,555270.0,94.49
,2021-06-01,2021,202106,Проездная,Galosha,KA grou-7567,78,1048632,552240.0,496392.0,89.89
,2021-07-01,2021,202107,Проездная,Galosha,KA grou-7567,83,997743,587640.0,410103.0,69.79
,2021-08-01,2021,202108,Проездная,Galosha,KA grou-7567,70,874440,495600.0,378840.0,76.44
,2021-09-01,2021,202109,Проездная,Galosha,KA grou-7567,74,991156,523920.0,467236.0,89.18
,2021-10-01,2021,202110,Проездная,Galosha,KA grou-7567,61,821060,431880.0,389180.0,90.11
,2021-11-01,2021,202111,Проездная,Galosha,KA grou-7567,44,579084,311520.0,267564.0,85.89
,2021-12-01,2021,202112,Проездная,Galosha,KA grou-7567,52,664820,368160.0,296660.0,80.58
,2022-01-01,2022,202201,Проездная,Galosha,KA grou-7567,77,1038191,545160.0,493031.0,90.44
,2022-02-01,2022,202202,Проездная,Galosha,KA grou-7567,48,619200,339840.0,279360.0,82.2
,2022-03-01,2022,202203,Проездная,Galosha,KA grou-7567,39,511212,276120.0,235092.0,85.14
,2022-04-01,2022,202204,Проездная,Galosha,KA grou-7567,72,992376,509760.0,482616.0,94.68
,2022-05-01,2022,202205,Проездная,Galosha,KA grou-7567,91,1259804,644280.0,615524.0,95.54
,2022-06-01,2022,202206,Проездная,Galosha,KA grou-7567,86,1172696,608880.0,563816.0,92.6
,2022-07-01,2022,202207,Проездная,Galosha,KA grou-7567,91,1051414,644280.0,407134.0,63.19
,2022-08-01,2022,202208,Проездная,Galosha,KA grou-7567,77,1007699,545160.0,462539.0,84.84
,2022-09-01,2022,202209,Проездная,Galosha,KA grou-7567,81,1012581,573480.0,439101.0,76.57
,2022-10-01,2022,202210,Проездная,Galosha,KA grou-7567,67,883395,474360.0,409035.0,86.23
,2022-11-01,2022,202211,Проездная,Galosha,KA grou-7567,48,644976,339840.0,305136.0,89.79
,2022-12-01,2022,202212,Проездная,Galosha,KA grou-7567,58,748722,410640.0,338082.0,82.33
,2021-01-01,2021,202101,Проездная,Galosha,KA gre-2749,70,1831550,735000.0,1096550.0,149.19
,2021-02-01,2021,202102,Проездная,Galosha,KA gre-2749,44,1150908,462000.0,688908.0,149.11
,2021-03-01,2021,202103,Проездная,Galosha,KA gre-2749,35,891940,367500.0,524440.0,142.7
,2021-04-01,2021,202104,Проездная,Galosha,KA gre-2749,65,1748305,682500.0,1065805.0,156.16
,2021-05-01,2021,202105,Проездная,Galosha,KA gre-2749,83,2212282,871500.0,1340782.0,153.85
,2021-06-01,2021,202106,Проездная,Galosha,KA gre-2749,78,2081352,819000.0,1262352.0,154.13
,2021-07-01,2021,202107,Проездная,Galosha,KA gre-2749,83,2085375,871500.0,1213875.0,139.29
,2021-08-01,2021,202108,Проездная,Galosha,KA gre-2749,70,1793400,735000.0,1058400.0,144.0
,2021-09-01,2021,202109,Проездная,Galosha,KA gre-2749,74,1897878,777000.0,1120878.0,144.26
,2021-10-01,2021,202110,Проездная,Galosha,KA gre-2749,61,1632909,640500.0,992409.0,154.94
,2021-11-01,2021,202111,Проездная,Galosha,KA gre-2749,44,1158256,462000.0,696256.0,150.7
,2021-12-01,2021,202112,Проездная,Galosha,KA gre-2749,52,1339104,546000.0,793104.0,145.26
,2022-01-01,2022,202201,Проездная,Galosha,KA gre-2749,77,2017323,808500.0,1208823.0,149.51
,2022-02-01,2022,202202,Проездная,Galosha,KA gre-2749,48,1244976,504000.0,740976.0,147.02
,2022-03-01,2022,202203,Проездная,Galosha,KA gre-2749,39,1021176,409500.0,611676.0,149.37
,2022-04-01,2022,202204,Проездная,Galosha,KA gre-2749,72,1923624,756000.0,1167624.0,154.45
,2022-05-01,2022,202205,Проездная,Galosha,KA gre-2749,91,2507323,955500.0,1551823.0,162.41
,2022-06-01,2022,202206,Проездная,Galosha,KA gre-2749,86,2250362,903000.0,1347362.0,149.21
,2022-07-01,2022,202207,Проездная,Galosha,KA gre-2749,91,2302391,955500.0,1346891.0,140.96
,2022-08-01,2022,202208,Проездная,Galosha,KA gre-2749,77,1979978,808500.0,1171478.0,144.9
,2022-09-01,2022,202209,Проездная,Galosha,KA gre-2749,81,2054646,850500.0,1204146.0,141.58
,2022-10-01,2022,202210,Проездная,Galosha,KA gre-2749,67,1765919,703500.0,1062419.0,151.02
,2022-11-01,2022,202211,Проездная,Galosha,KA gre-2749,48,1264848,504000.0,760848.0,150.96
,2022-12-01,2022,202212,Проездная,Galosha,KA gre-2749,58,1519948,609000.0,910948.0,149.58
,2021-01-01,2021,202101,Проездная,Galosha,KA earth-3018,75,1417575,561000.0,856575.0,152.69
,2021-02-01,2021,202102,Проездная,Galosha,KA earth-3018,47,872743,351560.0,521183.0,148.25
,2021-03-01,2021,202103,Проездная,Galosha,KA earth-3018,38,696274,284240.0,412034.0,144.96
,2021-04-01,2021,202104,Проездная,Galosha,KA earth-3018,71,1348503,531080.0,817423.0,153.92
,2021-05-01,2021,202105,Проездная,Galosha,KA earth-3018,89,1709779,665720.0,1044059.0,156.83
,2021-06-01,2021,202106,Проездная,Galosha,KA earth-3018,85,1560515,635800.0,924715.0,145.44
,2021-07-01,2021,202107,Проездная,Galosha,KA earth-3018,89,1447941,665720.0,782221.0,117.5
,2021-08-01,2021,202108,Проездная,Galosha,KA earth-3018,75,1355250,561000.0,794250.0,141.58
,2021-09-01,2021,202109,Проездная,Galosha,KA earth-3018,80,1421280,598400.0,822880.0,137.51
,2021-10-01,2021,202110,Проездная,Galosha,KA earth-3018,66,1240338,493680.0,746658.0,151.24
,2021-11-01,2021,202111,Проездная,Galosha,KA earth-3018,47,874106,351560.0,522546.0,148.64
,2021-12-01,2021,202112,Проездная,Galosha,KA earth-3018,57,1022979,426360.0,596619.0,139.93
,2022-01-01,2022,202201,Проездная,Galosha,KA earth-3018,83,1497237,620840.0,876397.0,141.16
,2022-02-01,2022,202202,Проездная,Galosha,KA earth-3018,52,950300,388960.0,561340.0,144.32
,2022-03-01,2022,202203,Проездная,Galosha,KA earth-3018,42,742770,314160.0,428610.0,136.43
,2022-04-01,2022,202204,Проездная,Galosha,KA earth-3018,78,1410552,583440.0,827112.0,141.76
,2022-05-01,2022,202205,Проездная,Galosha,KA earth-3018,98,1822702,733040.0,1089662.0,148.65
,2022-06-01,2022,202206,Проездная,Galosha,KA earth-3018,93,1736310,695640.0,1040670.0,149.6
,2022-07-01,2022,202207,Проездная,Galosha,KA earth-3018,98,1696674,733040.0,963634.0,131.46
,2022-08-01,2022,202208,Проездная,Galosha,KA earth-3018,83,1478728,620840.0,857888.0,138.18
,2022-09-01,2022,202209,Проездная,Galosha,KA earth-3018,88,1552848,658240.0,894608.0,135.91
,2022-10-01,2022,202210,Проездная,Galosha,KA earth-3018,73,1387292,546040.0,841252.0,154.06
,2022-11-01,2022,202211,Проездная,Galosha,KA earth-3018,52,978380,388960.0,589420.0,151.54
,2022-12-01,2022,202212,Проездная,Galosha,KA earth-3018,62,1081590,463760.0,617830.0,133.22
,2021-01-01,2021,202101,Проездная,Galosha,KA ais-3700,59,1876259,991200.0,885059.0,89.29
,2021-02-01,2021,202102,Проездная,Galosha,KA ais-3700,37,1174380,621600.0,552780.0,88.93
,2021-03-01,2021,202103,Проездная,Galosha,KA ais-3700,30,922680,504000.0,418680.0,83.07
,2021-04-01,2021,202104,Проездная,Galosha,KA ais-3700,55,1755930,924000.0,831930.0,90.04
,2021-05-01,2021,202105,Проездная,Galosha,KA ais-3700,70,2205770,1176000.0,1029770.0,87.57
,2021-06-01,2021,202106,Проездная,Galosha,KA ais-3700,66,2093124,1108800.0,984324.0,88.77
,2021-07-01,2021,202107,Проездная,Galosha,KA ais-3700,70,2092440,1176000.0,916440.0,77.93
,2021-08-01,2021,202108,Проездная,Galosha,KA ais-3700,59,1820209,991200.0,829009.0,83.64
,2021-09-01,2021,202109,Проездная,Galosha,KA ais-3700,62,1900176,1041600.0,858576.0,82.43
,2021-10-01,2021,202110,Проездная,Galosha,KA ais-3700,51,1608438,856800.0,751638.0,87.73
,2021-11-01,2021,202111,Проездная,Galosha,KA ais-3700,37,1165241,621600.0,543641.0,87.46
,2021-12-01,2021,202112,Проездная,Galosha,KA ais-3700,44,1373944,739200.0,634744.0,85.87
,2022-01-01,2022,202201,Проездная,Galosha,KA ais-3700,65,2027220,1092000.0,935220.0,85.64
,2022-02-01,2022,202202,Проездная,Galosha,KA ais-3700,41,1304128,688800.0,615328.0,89.33
,2022-03-01,2022,202203,Проездная,Galosha,KA ais-3700,33,1001649,554400.0,447249.0,80.67
,2022-04-01,2022,202204,Проездная,Galosha,KA ais-3700,61,1947425,1024800.0,922625.0,90.03
,2022-05-01,2022,202205,Проездная,Galosha,KA ais-3700,77,2428503,1293600.0,1134903.0,87.73
,2022-06-01,2022,202206,Проездная,Galosha,KA ais-3700,73,2295850,1226400.0,1069450.0,87.2
,2022-07-01,2022,202207,Проездная,Galosha,KA ais-3700,77,2268035,1293600.0,974435.0,75.33
,2022-08-01,2022,202208,Проездная,Galosha,KA ais-3700,65,1952470,1092000.0,860470.0,78.8
,2022-09-01,2022,202209,Проездная,Galosha,KA ais-3700,69,2157561,1159200.0,998361.0,86.12
,2022-10-01,2022,202210,Проездная,Galosha,KA ais-3700,57,1758108,957600.0,800508.0,83.6
,2022-11-01,2022,202211,Проездная,Galosha,KA ais-3700,41,1283177,688800.0,594377.0,86.29
,2022-12-01,2022,202212,Проездная,Galosha,KA ais-3700,49,1495823,823200.0,672623.0,81.71
,2021-01-01,2021,202101,Проездная,Galosha,KA ice-7591,56,932736,344400.0,588336.0,170.83
,2021-02-01,2021,202102,Проездная,Galosha,KA ice-7591,35,571830,215250.0,356580.0,165.66
,2021-03-01,2021,202103,Проездная,Galosha,KA ice-7591,28,423864,172200.0,251664.0,146.15
,2021-04-01,2021,202104,Проездная,Galosha,KA ice-7591,53,861939,325950.0,535989.0,164.44
,2021-05-01,2021,202105,Проездная,Galosha,KA ice-7591,67,1108716,412050.0,696666.0,169.07
,2021-06-01,2021,202106,Проездная,Galosha,KA ice-7591,63,1037673,387450.0,650223.0,167.82
,2021-07-01,2021,202107,Проездная,Galosha,KA ice-7591,67,1002789,412050.0,590739.0,143.37
,2021-08-01,2021,202108,Проездная,Galosha,KA ice-7591,56,883288,344400.0,538888.0,156.47
,2021-09-01,2021,202109,Проездная,Galosha,KA ice-7591,60,943980,369000.0,574980.0,155.82
,2021-10-01,2021,202110,Проездная,Galosha,KA ice-7591,49,801101,301350.0,499751.0,165.84
,2021-11-01,2021,202111,Проездная,Galosha,KA ice-7591,35,560805,215250.0,345555.0,160.54
,2021-12-01,2021,202112,Проездная,Galosha,KA ice-7591,42,678342,258300.0,420042.0,162.62
,2022-01-01,2022,202201,Проездная,Galosha,KA ice-7591,62,1013204,381300.0,631904.0,165.72
,2022-02-01,2022,202202,Проездная,Galosha,KA ice-7591,39,648531,239850.0,408681.0,170.39
,2022-03-01,2022,202203,Проездная,Galosha,KA ice-7591,31,489676,190650.0,299026.0,156.85
,2022-04-01,2022,202204,Проездная,Galosha,KA ice-7591,58,974864,356700.0,618164.0,173.3
,2022-05-01,2022,202205,Проездная,Galosha,KA ice-7591,73,1243993,448950.0,795043.0,177.09
,2022-06-01,2022,202206,Проездная,Galosha,KA ice-7591,69,1100205,424350.0,675855.0,159.27
,2022-07-01,2022,202207,Проездная,Galosha,KA ice-7591,73,1056894,448950.0,607944.0,135.41
,2022-08-01,2022,202208,Проездная,Galosha,KA ice-7591,62,978918,381300.0,597618.0,156.73
,2022-09-01,2022,202209,Проездная,Galosha,KA ice-7591,66,1041480,405900.0,635580.0,156.59
,2022-10-01,2022,202210,Проездная,Galosha,KA ice-7591,54,907092,332100.0,574992.0,173.14
,2022-11-01,2022,202211,Проездная,Galosha,KA ice-7591,39,625989,239850.0,386139.0,160.99
,2022-12-01,2022,202212,Проездная,Galosha,KA ice-7591,46,739864,282900.0,456964.0,161.53
,2021-01-01,2021,202101,Проездная,Galosha,KA ai-2818,73,869138,321200.0,547938.0,170.59
,2021-02-01,2021,202102,Проездная,Galosha,KA ai-2818,46,558486,202400.0,356086.0,175.93
,2021-03-01,2021,202103,Проездная,Galosha,KA ai-2818,37,446664,162800.0,283864.0,174.36
,2021-04-01,2021,202104,Проездная,Galosha,KA ai-2818,69,900174,303600.0,596574.0,196.5
,2021-05-01,2021,202105,Проездная,Galosha,KA ai-2818,87,1150749,382800.0,767949.0,200.61
,2021-06-01,2021,202106,Проездная,Galosha,KA ai-2818,83,1021398,365200.0,656198.0,179.68
,2021-07-01,2021,202107,Проездная,Galosha,KA ai-2818,87,975531,382800.0,592731.0,154.84
,2021-08-01,2021,202108,Проездная,Galosha,KA ai-2818,73,852494,321200.0,531294.0,165.41
,2021-09-01,2021,202109,Проездная,Galosha,KA ai-2818,78,904644,343200.0,561444.0,163.59
,2021-10-01,2021,202110,Проездная,Galosha,KA ai-2818,64,803072,281600.0,521472.0,185.18
,2021-11-01,2021,202111,Проездная,Galosha,KA ai-2818,46,578818,202400.0,376418.0,185.98
,2021-12-01,2021,202112,Проездная,Galosha,KA ai-2818,55,630080,242000.0,388080.0,160.36
,2022-01-01,2022,202201,Проездная,Galosha,KA ai-2818,81,987471,356400.0,631071.0,177.07
,2022-02-01,2022,202202,Проездная,Galosha,KA ai-2818,51,660093,224400.0,435693.0,194.16
,2022-03-01,2022,202203,Проездная,Galosha,KA ai-2818,41,498437,180400.0,318037.0,176.3
,2022-04-01,2022,202204,Проездная,Galosha,KA ai-2818,76,983440,334400.0,649040.0,194.09
,2022-05-01,2022,202205,Проездная,Galosha,KA ai-2818,96,1289280,422400.0,866880.0,205.23
,2022-06-01,2022,202206,Проездная,Galosha,KA ai-2818,91,1136317,400400.0,735917.0,183.8
,2022-07-01,2022,202207,Проездная,Galosha,KA ai-2818,96,1017888,422400.0,595488.0,140.98
,2022-08-01,2022,202208,Проездная,Galosha,KA ai-2818,81,964305,356400.0,607905.0,170.57
,2022-09-01,2022,202209,Проездная,Galosha,KA ai-2818,86,994934,378400.0,616534.0,162.93
,2022-10-01,2022,202210,Проездная,Galosha,KA ai-2818,71,902907,312400.0,590507.0,189.02
,2022-11-01,2022,202211,Проездная,Galosha,KA ai-2818,51,625158,224400.0,400758.0,178.59
,2022-12-01,2022,202212,Проездная,Galosha,KA ai-2818,61,700646,268400.0,432246.0,161.05
,2021-01-01,2021,202101,Проездная,Babidas,BA air-5353,37,192437,67081.0,125356.0,186.87
,2021-02-01,2021,202102,Проездная,Babidas,BA air-5353,23,113183,41699.0,71484.0,171.43
,2021-03-01,2021,202103,Проездная,Babidas,BA air-5353,19,80921,34447.0,46474.0,134.91
,2021-04-01,2021,202104,Проездная,Babidas,BA air-5353,35,199325,63455.0,135870.0,214.12
,2021-05-01,2021,202105,Проездная,Babidas,BA air-5353,44,244596,79772.0,164824.0,206.62
,2021-06-01,2021,202106,Проездная,Babidas,BA air-5353,42,205422,76146.0,129276.0,169.77
,2021-07-01,2021,202107,Проездная,Babidas,BA air-5353,44,180444,79772.0,100672.0,126.2
,2021-08-01,2021,202108,Проездная,Babidas,BA air-5353,37,171754,67081.0,104673.0,156.04
,2021-09-01,2021,202109,Проездная,Babidas,BA air-5353,40,196360,72520.0,123840.0,170.77
,2021-10-01,2021,202110,Проездная,Babidas,BA air-5353,33,169818,59829.0,109989.0,183.84
,2021-11-01,2021,202111,Проездная,Babidas,BA air-5353,23,117507,41699.0,75808.0,181.8
,2021-12-01,2021,202112,Проездная,Babidas,BA air-5353,28,130200,50764.0,79436.0,156.48
,2022-01-01,2022,202201,Проездная,Babidas,BA air-5353,41,217505,74333.0,143172.0,192.61
,2022-02-01,2022,202202,Проездная,Babidas,BA air-5353,26,139724,47138.0,92586.0,196.41
,2022-03-01,2022,202203,Проездная,Babidas,BA air-5353,21,96054,38073.0,57981.0,152.29
,2022-04-01,2022,202204,Проездная,Babidas,BA air-5353,38,215004,68894.0,146110.0,212.08
,2022-05-01,2022,202205,Проездная,Babidas,BA air-5353,49,271117,88837.0,182280.0,205.18
,2022-06-01,2022,202206,Проездная,Babidas,BA air-5353,46,221122,83398.0,137724.0,165.14
,2022-07-01,2022,202207,Проездная,Babidas,BA air-5353,49,163905,88837.0,75068.0,84.5
,2022-08-01,2022,202208,Проездная,Babidas,BA air-5353,41,176997,74333.0,102664.0,138.11
,2022-09-01,2022,202209,Проездная,Babidas,BA air-5353,44,196900,79772.0,117128.0,146.83
,2022-10-01,2022,202210,Проездная,Babidas,BA air-5353,36,195948,65268.0,130680.0,200.22
,2022-11-01,2022,202211,Проездная,Babidas,BA air-5353,26,123656,47138.0,76518.0,162.33
,2022-12-01,2022,202212,Проездная,Babidas,BA air-5353,31,128929,56203.0,72726.0,129.4
,2021-01-01,2021,202101,Проездная,Babidas,BA grou-9248,29,112926,33350.0,79576.0,238.61
,2021-02-01,2021,202102,Проездная,Babidas,BA grou-9248,18,72936,20700.0,52236.0,252.35
,2021-03-01,2021,202103,Проездная,Babidas,BA grou-9248,15,41175,17250.0,23925.0,138.7
,2021-04-01,2021,202104,Проездная,Babidas,BA grou-9248,27,108027,31050.0,76977.0,247.91
,2021-05-01,2021,202105,Проездная,Babidas,BA grou-9248,35,163765,40250.0,123515.0,306.87
,2021-06-01,2021,202106,Проездная,Babidas,BA grou-9248,33,128832,37950.0,90882.0,239.48
,2021-07-01,2021,202107,Проездная,Babidas,BA grou-9248,35,70525,40250.0,30275.0,75.22
,2021-08-01,2021,202108,Проездная,Babidas,BA grou-9248,29,90248,33350.0,56898.0,170.61
,2021-09-01,2021,202109,Проездная,Babidas,BA grou-9248,31,125705,35650.0,90055.0,252.61
,2021-10-01,2021,202110,Проездная,Babidas,BA grou-9248,26,120276,29900.0,90376.0,302.26
,2021-11-01,2021,202111,Проездная,Babidas,BA grou-9248,18,73548,20700.0,52848.0,255.3
,2021-12-01,2021,202112,Проездная,Babidas,BA grou-9248,22,80806,25300.0,55506.0,219.39
,2022-01-01,2022,202201,Проездная,Babidas,BA grou-9248,32,112640,36800.0,75840.0,206.09
,2022-02-01,2022,202202,Проездная,Babidas,BA grou-9248,20,70100,23000.0,47100.0,204.78
,2022-03-01,2022,202203,Проездная,Babidas,BA grou-9248,16,55264,18400.0,36864.0,200.35
,2022-04-01,2022,202204,Проездная,Babidas,BA grou-9248,30,120270,34500.0,85770.0,248.61
,2022-05-01,2022,202205,Проездная,Babidas,BA grou-9248,38,167998,43700.0,124298.0,284.43
,2022-06-01,2022,202206,Проездная,Babidas,BA grou-9248,36,134640,41400.0,93240.0,225.22
,2022-07-01,2022,202207,Проездная,Babidas,BA grou-9248,38,106552,43700.0,62852.0,143.83
,2022-08-01,2022,202208,Проездная,Babidas,BA grou-9248,32,106464,36800.0,69664.0,189.3
,2022-09-01,2022,202209,Проездная,Babidas,BA grou-9248,34,117436,39100.0,78336.0,200.35
,2022-10-01,2022,202210,Проездная,Babidas,BA grou-9248,28,114296,32200.0,82096.0,254.96
,2022-11-01,2022,202211,Проездная,Babidas,BA grou-9248,20,69880,23000.0,46880.0,203.83
,2022-12-01,2022,202212,Проездная,Babidas,BA grou-9248,24,70872,27600.0,43272.0,156.78
,2021-01-01,2021,202101,Проездная,Babidas,BA gre-3658,38,175256,50692.0,124564.0,245.73
,2021-02-01,2021,202102,Проездная,Babidas,BA gre-3658,24,97848,32016.0,65832.0,205.62
,2021-03-01,2021,202103,Проездная,Babidas,BA gre-3658,19,71041,25346.0,45695.0,180.28
,2021-04-01,2021,202104,Проездная,Babidas,BA gre-3658,35,169680,46690.0,122990.0,263.42
,2021-05-01,2021,202105,Проездная,Babidas,BA gre-3658,45,234855,60030.0,174825.0,291.23
,2021-06-01,2021,202106,Проездная,Babidas,BA gre-3658,42,155652,56028.0,99624.0,177.81
,2021-07-01,2021,202107,Проездная,Babidas,BA gre-3658,45,102375,60030.0,42345.0,70.54
,2021-08-01,2021,202108,Проездная,Babidas,BA gre-3658,38,138206,50692.0,87514.0,172.64
,2021-09-01,2021,202109,Проездная,Babidas,BA gre-3658,40,167320,53360.0,113960.0,213.57
,2021-10-01,2021,202110,Проездная,Babidas,BA gre-3658,33,138831,44022.0,94809.0,215.37
,2021-11-01,2021,202111,Проездная,Babidas,BA gre-3658,24,94896,32016.0,62880.0,196.4
,2021-12-01,2021,202112,Проездная,Babidas,BA gre-3658,28,118132,37352.0,80780.0,216.27
,2022-01-01,2022,202201,Проездная,Babidas,BA gre-3658,41,187903,54694.0,133209.0,243.55
,2022-02-01,2022,202202,Проездная,Babidas,BA gre-3658,26,117702,34684.0,83018.0,239.36
,2022-03-01,2022,202203,Проездная,Babidas,BA gre-3658,21,74466,28014.0,46452.0,165.82
,2022-04-01,2022,202204,Проездная,Babidas,BA gre-3658,39,186264,52026.0,134238.0,258.02
,2022-05-01,2022,202205,Проездная,Babidas,BA gre-3658,49,215453,65366.0,150087.0,229.61
,2022-06-01,2022,202206,Проездная,Babidas,BA gre-3658,46,203274,61364.0,141910.0,231.26
,2022-07-01,2022,202207,Проездная,Babidas,BA gre-3658,49,121177,65366.0,55811.0,85.38
,2022-08-01,2022,202208,Проездная,Babidas,BA gre-3658,41,159695,54694.0,105001.0,191.98
,2022-09-01,2022,202209,Проездная,Babidas,BA gre-3658,44,171160,58696.0,112464.0,191.6
,2022-10-01,2022,202210,Проездная,Babidas,BA gre-3658,36,159372,48024.0,111348.0,231.86
,2022-11-01,2022,202211,Проездная,Babidas,BA gre-3658,26,115674,34684.0,80990.0,233.51
,2022-12-01,2022,202212,Проездная,Babidas,BA gre-3658,31,100409,41354.0,59055.0,142.8
,2021-01-01,2021,202101,Проездная,Babidas,BA earth-3530,31,156736,62496.0,94240.0,150.79
,2021-02-01,2021,202102,Проездная,Babidas,BA earth-3530,20,124900,40320.0,84580.0,209.77
,2021-03-01,2021,202103,Проездная,Babidas,BA earth-3530,16,77776,32256.0,45520.0,141.12
,2021-04-01,2021,202104,Проездная,Babidas,BA earth-3530,29,181888,58464.0,123424.0,211.11
,2021-05-01,2021,202105,Проездная,Babidas,BA earth-3530,37,210308,74592.0,135716.0,181.94
,2021-06-01,2021,202106,Проездная,Babidas,BA earth-3530,35,215250,70560.0,144690.0,205.06
,2021-07-01,2021,202107,Проездная,Babidas,BA earth-3530,37,147223,74592.0,72631.0,97.37
,2021-08-01,2021,202108,Проездная,Babidas,BA earth-3530,31,150598,62496.0,88102.0,140.97
,2021-09-01,2021,202109,Проездная,Babidas,BA earth-3530,33,154902,66528.0,88374.0,132.84
,2021-10-01,2021,202110,Проездная,Babidas,BA earth-3530,27,146988,54432.0,92556.0,170.04
,2021-11-01,2021,202111,Проездная,Babidas,BA earth-3530,20,115240,40320.0,74920.0,185.81
,2021-12-01,2021,202112,Проездная,Babidas,BA earth-3530,24,118320,48384.0,69936.0,144.54
,2022-01-01,2022,202201,Проездная,Babidas,BA earth-3530,34,172312,68544.0,103768.0,151.39
,2022-02-01,2022,202202,Проездная,Babidas,BA earth-3530,22,125664,44352.0,81312.0,183.33
,2022-03-01,2022,202203,Проездная,Babidas,BA earth-3530,17,74613,34272.0,40341.0,117.71
,2022-04-01,2022,202204,Проездная,Babidas,BA earth-3530,32,193568,64512.0,129056.0,200.05
,2022-05-01,2022,202205,Проездная,Babidas,BA earth-3530,41,262892,82656.0,180236.0,218.06
,2022-06-01,2022,202206,Проездная,Babidas,BA earth-3530,39,228774,78624.0,150150.0,190.97
,2022-07-01,2022,202207,Проездная,Babidas,BA earth-3530,41,154324,82656.0,71668.0,86.71
,2022-08-01,2022,202208,Проездная,Babidas,BA earth-3530,34,180268,68544.0,111724.0,163.0
,2022-09-01,2022,202209,Проездная,Babidas,BA earth-3530,36,163584,72576.0,91008.0,125.4
,2022-10-01,2022,202210,Проездная,Babidas,BA earth-3530,30,186180,60480.0,125700.0,207.84
,2022-11-01,2022,202211,Проездная,Babidas,BA earth-3530,22,124564,44352.0,80212.0,180.85
,2022-12-01,2022,202212,Проездная,Babidas,BA earth-3530,26,112060,52416.0,59644.0,113.79
,2021-01-01,2021,202101,Проездная,Babidas,BA ais-1740,28,76160,26180.000000000004,49980.0,190.91
,2021-02-01,2021,202102,Проездная,Babidas,BA ais-1740,18,60030,16830.000000000004,43200.0,256.68
,2021-03-01,2021,202103,Проездная,Babidas,BA ais-1740,14,35014,13090.000000000002,21924.0,167.49
,2021-04-01,2021,202104,Проездная,Babidas,BA ais-1740,27,83997,25245.000000000004,58752.0,232.73
,2021-05-01,2021,202105,Проездная,Babidas,BA ais-1740,34,115158,31790.000000000004,83368.0,262.25
,2021-06-01,2021,202106,Проездная,Babidas,BA ais-1740,32,104544,29920.000000000004,74624.0,249.41
,2021-07-01,2021,202107,Проездная,Babidas,BA ais-1740,34,60962,31790.000000000004,29171.999999999996,91.76
,2021-08-01,2021,202108,Проездная,Babidas,BA ais-1740,28,63784,26180.000000000004,37604.0,143.64
,2021-09-01,2021,202109,Проездная,Babidas,BA ais-1740,30,92190,28050.000000000004,64140.0,228.66
,2021-10-01,2021,202110,Проездная,Babidas,BA ais-1740,25,78425,23375.000000000004,55050.0,235.51
,2021-11-01,2021,202111,Проездная,Babidas,BA ais-1740,18,45180,16830.000000000004,28349.999999999996,168.45
,2021-12-01,2021,202112,Проездная,Babidas,BA ais-1740,21,51618,19635.000000000004,31982.999999999996,162.89
,2022-01-01,2022,202201,Проездная,Babidas,BA ais-1740,31,93620,28985.000000000004,64635.0,222.99
,2022-02-01,2022,202202,Проездная,Babidas,BA ais-1740,20,66760,18700.000000000004,48060.0,257.01
,2022-03-01,2022,202203,Проездная,Babidas,BA ais-1740,16,45536,14960.000000000002,30576.0,204.39
,2022-04-01,2022,202204,Проездная,Babidas,BA ais-1740,29,95352,27115.000000000004,68237.0,251.66
,2022-05-01,2022,202205,Проездная,Babidas,BA ais-1740,37,129241,34595.00000000001,94646.0,273.58
,2022-06-01,2022,202206,Проездная,Babidas,BA ais-1740,35,95760,32725.000000000004,63035.0,192.62
,2022-07-01,2022,202207,Проездная,Babidas,BA ais-1740,37,66600,34595.00000000001,32004.999999999993,92.51
,2022-08-01,2022,202208,Проездная,Babidas,BA ais-1740,31,80848,28985.000000000004,51863.0,178.93
,2022-09-01,2022,202209,Проездная,Babidas,BA ais-1740,33,84975,30855.000000000004,54120.0,175.4
,2022-10-01,2022,202210,Проездная,Babidas,BA ais-1740,27,81270,25245.000000000004,56025.0,221.93
,2022-11-01,2022,202211,Проездная,Babidas,BA ais-1740,20,53440,18700.000000000004,34740.0,185.78
,2022-12-01,2022,202212,Проездная,Babidas,BA ais-1740,23,56626,21505.000000000004,35121.0,163.32
,2021-01-01,2021,202101,Проездная,Babidas,BA ice-4231,35,182595,69160.0,113435.0,164.02
,2021-02-01,2021,202102,Проездная,Babidas,BA ice-4231,22,109934,43472.0,66462.0,152.88
,2021-03-01,2021,202103,Проездная,Babidas,BA ice-4231,18,88200,35568.0,52632.0,147.98
,2021-04-01,2021,202104,Проездная,Babidas,BA ice-4231,33,192258,65208.0,127050.0,194.84
,2021-05-01,2021,202105,Проездная,Babidas,BA ice-4231,41,229641,81016.0,148625.0,183.45
,2021-06-01,2021,202106,Проездная,Babidas,BA ice-4231,39,204477,77064.0,127413.0,165.33
,2021-07-01,2021,202107,Проездная,Babidas,BA ice-4231,41,163221,81016.0,82205.0,101.47
,2021-08-01,2021,202108,Проездная,Babidas,BA ice-4231,35,161490,69160.0,92330.0,133.5
,2021-09-01,2021,202109,Проездная,Babidas,BA ice-4231,37,185518,73112.0,112406.0,153.74
,2021-10-01,2021,202110,Проездная,Babidas,BA ice-4231,30,152640,59280.0,93360.0,157.49
,2021-11-01,2021,202111,Проездная,Babidas,BA ice-4231,22,116534,43472.0,73062.0,168.07
,2021-12-01,2021,202112,Проездная,Babidas,BA ice-4231,26,108992,51376.0,57616.0,112.15
,2022-01-01,2022,202201,Проездная,Babidas,BA ice-4231,38,206188,75088.0,131100.0,174.6
,2022-02-01,2022,202202,Проездная,Babidas,BA ice-4231,24,123792,47424.0,76368.0,161.03
,2022-03-01,2022,202203,Проездная,Babidas,BA ice-4231,19,77843,37544.0,40299.0,107.34
,2022-04-01,2022,202204,Проездная,Babidas,BA ice-4231,36,208044,71136.0,136908.0,192.46
,2022-05-01,2022,202205,Проездная,Babidas,BA ice-4231,45,268830,88920.0,179910.0,202.33
,2022-06-01,2022,202206,Проездная,Babidas,BA ice-4231,43,243595,84968.0,158627.0,186.69
,2022-07-01,2022,202207,Проездная,Babidas,BA ice-4231,45,171540,88920.0,82620.0,92.91
,2022-08-01,2022,202208,Проездная,Babidas,BA ice-4231,38,168378,75088.0,93290.0,124.24
,2022-09-01,2022,202209,Проездная,Babidas,BA ice-4231,41,168592,81016.0,87576.0,108.1
,2022-10-01,2022,202210,Проездная,Babidas,BA ice-4231,33,168564,65208.0,103356.0,158.5
,2022-11-01,2022,202211,Проездная,Babidas,BA ice-4231,24,122112,47424.0,74688.0,157.49
,2022-12-01,2022,202212,Проездная,Babidas,BA ice-4231,29,133313,57304.0,76009.0,132.64
,2021-01-01,2021,202101,Проездная,Babidas,BA ai-2960,31,163618,55800.0,107818.0,193.22
,2021-02-01,2021,202102,Проездная,Babidas,BA ai-2960,20,119520,36000.0,83520.0,232.0
,2021-03-01,2021,202103,Проездная,Babidas,BA ai-2960,16,82560,28800.0,53760.0,186.67
,2021-04-01,2021,202104,Проездная,Babidas,BA ai-2960,29,171042,52200.0,118842.0,227.67
,2021-05-01,2021,202105,Проездная,Babidas,BA ai-2960,37,245939,66600.0,179339.0,269.28
,2021-06-01,2021,202106,Проездная,Babidas,BA ai-2960,35,225400,63000.0,162400.0,257.78
,2021-07-01,2021,202107,Проездная,Babidas,BA ai-2960,37,142154,66600.0,75554.0,113.44
,2021-08-01,2021,202108,Проездная,Babidas,BA ai-2960,31,148397,55800.0,92597.0,165.94
,2021-09-01,2021,202109,Проездная,Babidas,BA ai-2960,33,180543,59400.0,121143.0,203.94
,2021-10-01,2021,202110,Проездная,Babidas,BA ai-2960,27,150012,48600.0,101412.0,208.67
,2021-11-01,2021,202111,Проездная,Babidas,BA ai-2960,20,128920,36000.0,92920.0,258.11
,2021-12-01,2021,202112,Проездная,Babidas,BA ai-2960,24,110400,43200.0,67200.0,155.56
,2022-01-01,2022,202201,Проездная,Babidas,BA ai-2960,34,182376,61200.0,121176.0,198.0
,2022-02-01,2022,202202,Проездная,Babidas,BA ai-2960,22,133210,39600.0,93610.0,236.39
,2022-03-01,2022,202203,Проездная,Babidas,BA ai-2960,17,85595,30600.0,54995.0,179.72
,2022-04-01,2022,202204,Проездная,Babidas,BA ai-2960,32,208256,57600.0,150656.0,261.56
,2022-05-01,2022,202205,Проездная,Babidas,BA ai-2960,41,250674,73800.0,176874.0,239.67
,2022-06-01,2022,202206,Проездная,Babidas,BA ai-2960,39,224835,70200.0,154635.0,220.28
,2022-07-01,2022,202207,Проездная,Babidas,BA ai-2960,41,164410,73800.0,90610.0,122.78
,2022-08-01,2022,202208,Проездная,Babidas,BA ai-2960,34,186082,61200.0,124882.0,204.06
,2022-09-01,2022,202209,Проездная,Babidas,BA ai-2960,36,192924,64800.0,128124.0,197.72
,2022-10-01,2022,202210,Проездная,Babidas,BA ai-2960,30,178200,54000.0,124200.0,230.0
,2022-11-01,2022,202211,Проездная,Babidas,BA ai-2960,22,134882,39600.0,95282.0,240.61
,2022-12-01,2022,202212,Проездная,Babidas,BA ai-2960,26,144274,46800.0,97474.0,208.28
,2021-01-01,2021,202101,Проездная,Asic,AS air-7520,21,762993,433650.0,329343.0,75.95
,2021-02-01,2021,202102,Проездная,Asic,AS air-7520,13,471016,268450.0,202566.0,75.46
,2021-03-01,2021,202103,Проездная,Asic,AS air-7520,11,388091,227150.0,160941.0,70.85
,2021-04-01,2021,202104,Проездная,Asic,AS air-7520,20,743760,413000.0,330760.0,80.09
,2021-05-01,2021,202105,Проездная,Asic,AS air-7520,25,923025,516250.0,406775.0,78.79
,2021-06-01,2021,202106,Проездная,Asic,AS air-7520,24,866760,495600.0,371160.0,74.89
,2021-07-01,2021,202107,Проездная,Asic,AS air-7520,25,871675,516250.0,355425.0,68.85
,2021-08-01,2021,202108,Проездная,Asic,AS air-7520,21,747705,433650.0,314055.0,72.42
,2021-09-01,2021,202109,Проездная,Asic,AS air-7520,22,788766,454300.0,334466.0,73.62
,2021-10-01,2021,202110,Проездная,Asic,AS air-7520,18,652572,371700.0,280872.0,75.56
,2021-11-01,2021,202111,Проездная,Asic,AS air-7520,13,474097,268450.0,205647.0,76.61
,2021-12-01,2021,202112,Проездная,Asic,AS air-7520,16,575424,330400.0,245024.0,74.16
,2022-01-01,2022,202201,Проездная,Asic,AS air-7520,23,826505,474950.0,351555.0,74.02
,2022-02-01,2022,202202,Проездная,Asic,AS air-7520,15,545760,309750.0,236010.0,76.19
,2022-03-01,2022,202203,Проездная,Asic,AS air-7520,12,426204,247800.0,178404.0,72.0
,2022-04-01,2022,202204,Проездная,Asic,AS air-7520,22,800932,454300.0,346632.0,76.3
,2022-05-01,2022,202205,Проездная,Asic,AS air-7520,27,1000836,557550.0,443286.0,79.51
,2022-06-01,2022,202206,Проездная,Asic,AS air-7520,26,962156,536900.0,425256.0,79.21
,2022-07-01,2022,202207,Проездная,Asic,AS air-7520,27,932877,557550.0,375327.0,67.32
,2022-08-01,2022,202208,Проездная,Asic,AS air-7520,23,826436,474950.0,351486.0,74.0
,2022-09-01,2022,202209,Проездная,Asic,AS air-7520,25,904450,516250.0,388200.0,75.2
,2022-10-01,2022,202210,Проездная,Asic,AS air-7520,20,729400,413000.0,316400.0,76.61
,2022-11-01,2022,202211,Проездная,Asic,AS air-7520,15,538380,309750.0,228630.0,73.81
,2022-12-01,2022,202212,Проездная,Asic,AS air-7520,17,597193,351050.0,246143.0,70.12
,2021-01-01,2021,202101,Проездная,Asic,AS grou-3318,17,566253,266560.0,299693.0,112.43
,2021-02-01,2021,202102,Проездная,Asic,AS grou-3318,11,365948,172480.0,193468.0,112.17
,2021-03-01,2021,202103,Проездная,Asic,AS grou-3318,9,292941,141120.0,151821.0,107.58
,2021-04-01,2021,202104,Проездная,Asic,AS grou-3318,16,538288,250880.0,287408.0,114.56
,2021-05-01,2021,202105,Проездная,Asic,AS grou-3318,20,673780,313600.0,360180.0,114.85
,2021-06-01,2021,202106,Проездная,Asic,AS grou-3318,19,629147,297920.0,331227.0,111.18
,2021-07-01,2021,202107,Проездная,Asic,AS grou-3318,20,630420,313600.0,316820.0,101.03
,2021-08-01,2021,202108,Проездная,Asic,AS grou-3318,17,545649,266560.0,279089.0,104.7
,2021-09-01,2021,202109,Проездная,Asic,AS grou-3318,18,597312,282240.0,315072.0,111.63
,2021-10-01,2021,202110,Проездная,Asic,AS grou-3318,15,499980,235200.0,264780.0,112.58
,2021-11-01,2021,202111,Проездная,Asic,AS grou-3318,11,368302,172480.0,195822.0,113.53
,2021-12-01,2021,202112,Проездная,Asic,AS grou-3318,13,430274,203840.0,226434.0,111.08
,2022-01-01,2022,202201,Проездная,Asic,AS grou-3318,19,621338,297920.0,323418.0,108.56
,2022-02-01,2022,202202,Проездная,Asic,AS grou-3318,12,393204,188160.0,205044.0,108.97
,2022-03-01,2022,202203,Проездная,Asic,AS grou-3318,10,333400,156800.0,176600.0,112.63
,2022-04-01,2022,202204,Проездная,Asic,AS grou-3318,18,607932,282240.0,325692.0,115.4
,2022-05-01,2022,202205,Проездная,Asic,AS grou-3318,22,743402,344960.0,398442.0,115.5
,2022-06-01,2022,202206,Проездная,Asic,AS grou-3318,21,708456,329280.0,379176.0,115.15
,2022-07-01,2022,202207,Проездная,Asic,AS grou-3318,22,699028,344960.0,354068.0,102.64
,2022-08-01,2022,202208,Проездная,Asic,AS grou-3318,19,619552,297920.0,321632.0,107.96
,2022-09-01,2022,202209,Проездная,Asic,AS grou-3318,20,662040,313600.0,348440.0,111.11
,2022-10-01,2022,202210,Проездная,Asic,AS grou-3318,16,539072,250880.0,288192.0,114.87
,2022-11-01,2022,202211,Проездная,Asic,AS grou-3318,12,403752,188160.0,215592.0,114.58
,2022-12-01,2022,202212,Проездная,Asic,AS grou-3318,14,451318,219520.0,231798.0,105.59
,2021-01-01,2021,202101,Проездная,Asic,AS gre-2748,19,818311,343140.0,475171.0,138.48
,2021-02-01,2021,202102,Проездная,Asic,AS gre-2748,12,522600,216720.0,305880.0,141.14
,2021-03-01,2021,202103,Проездная,Asic,AS gre-2748,10,427770,180600.0,247170.0,136.86
,2021-04-01,2021,202104,Проездная,Asic,AS gre-2748,18,778428,325080.0,453348.0,139.46
,2021-05-01,2021,202105,Проездная,Asic,AS gre-2748,22,981200,397320.0,583880.0,146.95
,2021-06-01,2021,202106,Проездная,Asic,AS gre-2748,21,903861,379260.0,524601.0,138.32
,2021-07-01,2021,202107,Проездная,Asic,AS gre-2748,22,915200,397320.0,517880.0,130.34
,2021-08-01,2021,202108,Проездная,Asic,AS gre-2748,19,816145,343140.0,473005.0,137.85
,2021-09-01,2021,202109,Проездная,Asic,AS gre-2748,20,852620,361200.0,491420.0,136.05
,2021-10-01,2021,202110,Проездная,Asic,AS gre-2748,17,736644,307020.0,429624.0,139.93
,2021-11-01,2021,202111,Проездная,Asic,AS gre-2748,12,520404,216720.0,303684.0,140.13
,2021-12-01,2021,202112,Проездная,Asic,AS gre-2748,14,595168,252840.0,342328.0,135.39
,2022-01-01,2022,202201,Проездная,Asic,AS gre-2748,21,910014,379260.0,530754.0,139.94
,2022-02-01,2022,202202,Проездная,Asic,AS gre-2748,13,571155,234780.0,336375.0,143.27
,2022-03-01,2022,202203,Проездная,Asic,AS gre-2748,11,470217,198660.0,271557.0,136.69
,2022-04-01,2022,202204,Проездная,Asic,AS gre-2748,20,871400,361200.0,510200.0,141.25
,2022-05-01,2022,202205,Проездная,Asic,AS gre-2748,25,1097250,451500.0,645750.0,143.02
,2022-06-01,2022,202206,Проездная,Asic,AS gre-2748,23,1009585,415380.0,594205.0,143.05
,2022-07-01,2022,202207,Проездная,Asic,AS gre-2748,25,1043550,451500.0,592050.0,131.13
,2022-08-01,2022,202208,Проездная,Asic,AS gre-2748,21,906738,379260.0,527478.0,139.08
,2022-09-01,2022,202209,Проездная,Asic,AS gre-2748,22,948904,397320.0,551584.0,138.83
,2022-10-01,2022,202210,Проездная,Asic,AS gre-2748,18,788868,325080.0,463788.0,142.67
,2022-11-01,2022,202211,Проездная,Asic,AS gre-2748,13,561821,234780.0,327041.0,139.3
,2022-12-01,2022,202212,Проездная,Asic,AS gre-2748,16,681840,288960.0,392880.0,135.96
,2021-01-01,2021,202101,Проездная,Asic,AS earth-9544,17,500956,190400.0,310556.0,163.11
,2021-02-01,2021,202102,Проездная,Asic,AS earth-9544,11,318681,123200.0,195481.0,158.67
,2021-03-01,2021,202103,Проездная,Asic,AS earth-9544,9,260001,100800.0,159201.0,157.94
,2021-04-01,2021,202104,Проездная,Asic,AS earth-9544,16,478800,179200.0,299600.0,167.19
,2021-05-01,2021,202105,Проездная,Asic,AS earth-9544,20,606400,224000.0,382400.0,170.71
,2021-06-01,2021,202106,Проездная,Asic,AS earth-9544,19,564281,212800.0,351481.0,165.17
,2021-07-01,2021,202107,Проездная,Asic,AS earth-9544,20,562380,224000.0,338380.0,151.06
,2021-08-01,2021,202108,Проездная,Asic,AS earth-9544,17,494105,190400.0,303705.0,159.51
,2021-09-01,2021,202109,Проездная,Asic,AS earth-9544,18,525996,201600.0,324396.0,160.91
,2021-10-01,2021,202110,Проездная,Asic,AS earth-9544,15,440925,168000.0,272925.0,162.46
,2021-11-01,2021,202111,Проездная,Asic,AS earth-9544,11,324368,123200.0,201168.0,163.29
,2021-12-01,2021,202112,Проездная,Asic,AS earth-9544,13,379821,145600.0,234221.0,160.87
,2022-01-01,2022,202201,Проездная,Asic,AS earth-9544,19,565953,212800.0,353153.0,165.96
,2022-02-01,2022,202202,Проездная,Asic,AS earth-9544,12,353448,134400.0,219048.0,162.98
,2022-03-01,2022,202203,Проездная,Asic,AS earth-9544,10,286990,112000.0,174990.0,156.24
,2022-04-01,2022,202204,Проездная,Asic,AS earth-9544,18,531000,201600.0,329400.0,163.39
,2022-05-01,2022,202205,Проездная,Asic,AS earth-9544,22,658680,246400.0,412280.0,167.32
,2022-06-01,2022,202206,Проездная,Asic,AS earth-9544,21,610218,235200.0,375018.0,159.45
,2022-07-01,2022,202207,Проездная,Asic,AS earth-9544,22,601788,246400.0,355388.0,144.23
,2022-08-01,2022,202208,Проездная,Asic,AS earth-9544,19,542811,212800.0,330011.0,155.08
,2022-09-01,2022,202209,Проездная,Asic,AS earth-9544,20,570180,224000.0,346180.0,154.54
,2022-10-01,2022,202210,Проездная,Asic,AS earth-9544,17,492473,190400.0,302073.0,158.65
,2022-11-01,2022,202211,Проездная,Asic,AS earth-9544,12,359652,134400.0,225252.0,167.6
,2022-12-01,2022,202212,Проездная,Asic,AS earth-9544,14,396004,156800.0,239204.0,152.55
,2021-01-01,2021,202101,Проездная,Asic,AS ais-7331,22,1016532,554400.0000000001,462131.9999999999,83.36
,2021-02-01,2021,202102,Проездная,Asic,AS ais-7331,14,652610,352800.00000000006,299809.99999999994,84.98
,2021-03-01,2021,202103,Проездная,Asic,AS ais-7331,11,496023,277200.00000000006,218822.99999999994,78.94
,2021-04-01,2021,202104,Проездная,Asic,AS ais-7331,20,931240,504000.00000000006,427239.99999999994,84.77
,2021-05-01,2021,202105,Проездная,Asic,AS ais-7331,26,1208480,655200.0000000001,553279.9999999999,84.44
,2021-06-01,2021,202106,Проездная,Asic,AS ais-7331,24,1109064,604800.0000000001,504263.9999999999,83.38
,2021-07-01,2021,202107,Проездная,Asic,AS ais-7331,26,1157754,655200.0000000001,502553.9999999999,76.7
,2021-08-01,2021,202108,Проездная,Asic,AS ais-7331,22,993894,554400.0000000001,439493.9999999999,79.27
,2021-09-01,2021,202109,Проездная,Asic,AS ais-7331,23,1052227,579600.0000000001,472626.9999999999,81.54
,2021-10-01,2021,202110,Проездная,Asic,AS ais-7331,19,872993,478800.00000000006,394192.99999999994,82.33
,2021-11-01,2021,202111,Проездная,Asic,AS ais-7331,14,647164,352800.00000000006,294363.99999999994,83.44
,2021-12-01,2021,202112,Проездная,Asic,AS ais-7331,16,724416,403200.00000000006,321215.99999999994,79.67
,2022-01-01,2022,202201,Проездная,Asic,AS ais-7331,24,1115904,604800.0000000001,511103.9999999999,84.51
,2022-02-01,2022,202202,Проездная,Asic,AS ais-7331,15,693285,378000.00000000006,315284.99999999994,83.41
,2022-03-01,2022,202203,Проездная,Asic,AS ais-7331,12,544872,302400.00000000006,242471.99999999994,80.18
,2022-04-01,2022,202204,Проездная,Asic,AS ais-7331,22,1026806,554400.0000000001,472405.9999999999,85.21
,2022-05-01,2022,202205,Проездная,Asic,AS ais-7331,28,1325044,705600.0000000001,619443.9999999999,87.79
,2022-06-01,2022,202206,Проездная,Asic,AS ais-7331,27,1238166,680400.0000000001,557765.9999999999,81.98
,2022-07-01,2022,202207,Проездная,Asic,AS ais-7331,28,1234044,705600.0000000001,528443.9999999999,74.89
,2022-08-01,2022,202208,Проездная,Asic,AS ais-7331,24,1096992,604800.0000000001,492191.9999999999,81.38
,2022-09-01,2022,202209,Проездная,Asic,AS ais-7331,25,1144875,630000.0000000001,514874.9999999999,81.73
,2022-10-01,2022,202210,Проездная,Asic,AS ais-7331,21,978537,529200.0000000001,449336.9999999999,84.91
,2022-11-01,2022,202211,Проездная,Asic,AS ais-7331,15,691050,378000.00000000006,313049.99999999994,82.82
,2022-12-01,2022,202212,Проездная,Asic,AS ais-7331,18,815346,453600.00000000006,361745.99999999994,79.75
,2021-01-01,2021,202101,Проездная,Asic,AS ice-2172,22,408628,209440.0,199188.0,95.11
,2021-02-01,2021,202102,Проездная,Asic,AS ice-2172,14,253428,133280.0,120148.0,90.15
,2021-03-01,2021,202103,Проездная,Asic,AS ice-2172,11,196977,104720.0,92257.0,88.1
,2021-04-01,2021,202104,Проездная,Asic,AS ice-2172,20,370240,190400.0,179840.0,94.45
,2021-05-01,2021,202105,Проездная,Asic,AS ice-2172,26,493584,247520.0,246064.0,99.41
,2021-06-01,2021,202106,Проездная,Asic,AS ice-2172,24,441720,228480.0,213240.0,93.33
,2021-07-01,2021,202107,Проездная,Asic,AS ice-2172,26,442416,247520.0,194896.0,78.74
,2021-08-01,2021,202108,Проездная,Asic,AS ice-2172,22,393206,209440.0,183766.0,87.74
,2021-09-01,2021,202109,Проездная,Asic,AS ice-2172,23,411815,218960.0,192855.0,88.08
,2021-10-01,2021,202110,Проездная,Asic,AS ice-2172,19,338732,180880.0,157852.0,87.27
,2021-11-01,2021,202111,Проездная,Asic,AS ice-2172,14,259308,133280.0,126028.0,94.56
,2021-12-01,2021,202112,Проездная,Asic,AS ice-2172,16,280448,152320.0,128128.0,84.12
,2022-01-01,2022,202201,Проездная,Asic,AS ice-2172,24,433272,228480.0,204792.0,89.63
,2022-02-01,2022,202202,Проездная,Asic,AS ice-2172,15,274620,142800.0,131820.0,92.31
,2022-03-01,2022,202203,Проездная,Asic,AS ice-2172,12,206748,114240.0,92508.0,80.98
,2022-04-01,2022,202204,Проездная,Asic,AS ice-2172,22,413072,209440.0,203632.0,97.23
,2022-05-01,2022,202205,Проездная,Asic,AS ice-2172,28,542556,266560.0,275996.0,103.54
,2022-06-01,2022,202206,Проездная,Asic,AS ice-2172,27,479250,257040.0,222210.0,86.45
,2022-07-01,2022,202207,Проездная,Asic,AS ice-2172,28,471660,266560.0,205100.0,76.94
,2022-08-01,2022,202208,Проездная,Asic,AS ice-2172,24,426480,228480.0,198000.0,86.66
,2022-09-01,2022,202209,Проездная,Asic,AS ice-2172,25,447975,238000.0,209975.0,88.22
,2022-10-01,2022,202210,Проездная,Asic,AS ice-2172,21,380373,199920.0,180453.0,90.26
,2022-11-01,2022,202211,Проездная,Asic,AS ice-2172,15,273945,142800.0,131145.0,91.84
,2022-12-01,2022,202212,Проездная,Asic,AS ice-2172,18,309690,171360.0,138330.0,80.72
,2021-01-01,2021,202101,Проездная,Asic,AS ai-7676,17,685848,278460.0,407388.0,146.3
,2021-02-01,2021,202102,Проездная,Asic,AS ai-7676,11,440121,180180.0,259941.0,144.27
,2021-03-01,2021,202103,Проездная,Asic,AS ai-7676,9,358281,147420.0,210861.0,143.03
,2021-04-01,2021,202104,Проездная,Asic,AS ai-7676,16,654752,262080.0,392672.0,149.83
,2021-05-01,2021,202105,Проездная,Asic,AS ai-7676,21,861966,343980.0,517986.0,150.59
,2021-06-01,2021,202106,Проездная,Asic,AS ai-7676,20,816500,327600.0,488900.0,149.24
,2021-07-01,2021,202107,Проездная,Asic,AS ai-7676,21,815409,343980.0,471429.0,137.05
,2021-08-01,2021,202108,Проездная,Asic,AS ai-7676,17,673047,278460.0,394587.0,141.7
,2021-09-01,2021,202109,Проездная,Asic,AS ai-7676,18,725166,294840.0,430326.0,145.95
,2021-10-01,2021,202110,Проездная,Asic,AS ai-7676,15,600135,245700.0,354435.0,144.26
,2021-11-01,2021,202111,Проездная,Asic,AS ai-7676,11,442948,180180.0,262768.0,145.84
,2021-12-01,2021,202112,Проездная,Asic,AS ai-7676,13,512239,212940.0,299299.0,140.56
,2022-01-01,2022,202201,Проездная,Asic,AS ai-7676,19,762774,311220.0,451554.0,145.09
,2022-02-01,2022,202202,Проездная,Asic,AS ai-7676,12,481620,196560.0,285060.0,145.02
,2022-03-01,2022,202203,Проездная,Asic,AS ai-7676,10,392030,163800.0,228230.0,139.33
,2022-04-01,2022,202204,Проездная,Asic,AS ai-7676,18,740808,294840.0,445968.0,151.26
,2022-05-01,2022,202205,Проездная,Asic,AS ai-7676,23,946220,376740.0,569480.0,151.16
,2022-06-01,2022,202206,Проездная,Asic,AS ai-7676,21,845712,343980.0,501732.0,145.86
,2022-07-01,2022,202207,Проездная,Asic,AS ai-7676,23,898380,376740.0,521640.0,138.46
,2022-08-01,2022,202208,Проездная,Asic,AS ai-7676,19,750519,311220.0,439299.0,141.15
,2022-09-01,2022,202209,Проездная,Asic,AS ai-7676,20,791580,327600.0,463980.0,141.63
,2022-10-01,2022,202210,Проездная,Asic,AS ai-7676,17,684335,278460.0,405875.0,145.76
,2022-11-01,2022,202211,Проездная,Asic,AS ai-7676,12,480276,196560.0,283716.0,144.34
,2022-12-01,2022,202212,Проездная,Asic,AS ai-7676,14,559426,229320.0,330106.0,143.95
,2021-01-01,2021,202101,Проездная,Gunverse,GU air-3053,53,358704,121900.0,236804.0,194.26
,2021-02-01,2021,202102,Проездная,Gunverse,GU air-3053,33,229416,75900.0,153516.0,202.26
,2021-03-01,2021,202103,Проездная,Gunverse,GU air-3053,27,143532,62100.0,81432.0,131.13
,2021-04-01,2021,202104,Проездная,Gunverse,GU air-3053,50,366100,115000.0,251100.0,218.35
,2021-05-01,2021,202105,Проездная,Gunverse,GU air-3053,63,458829,144900.0,313929.0,216.65
,2021-06-01,2021,202106,Проездная,Gunverse,GU air-3053,60,392340,138000.0,254340.0,184.3
,2021-07-01,2021,202107,Проездная,Gunverse,GU air-3053,63,254079,144900.0,109179.0,75.35
,2021-08-01,2021,202108,Проездная,Gunverse,GU air-3053,53,301888,121900.0,179988.0,147.65
,2021-09-01,2021,202109,Проездная,Gunverse,GU air-3053,57,316806,131100.0,185706.0,141.65
,2021-10-01,2021,202110,Проездная,Gunverse,GU air-3053,47,302680,108100.0,194580.0,180.0
,2021-11-01,2021,202111,Проездная,Gunverse,GU air-3053,33,185757,75900.0,109857.0,144.74
,2021-12-01,2021,202112,Проездная,Gunverse,GU air-3053,40,208040,92000.0,116040.0,126.13
,2022-01-01,2022,202201,Проездная,Gunverse,GU air-3053,59,379606,135700.0,243906.0,179.74
,2022-02-01,2022,202202,Проездная,Gunverse,GU air-3053,37,232508,85100.0,147408.0,173.22
,2022-03-01,2022,202203,Проездная,Gunverse,GU air-3053,30,186900,69000.0,117900.0,170.87
,2022-04-01,2022,202204,Проездная,Gunverse,GU air-3053,55,370975,126500.0,244475.0,193.26
,2022-05-01,2022,202205,Проездная,Gunverse,GU air-3053,69,513498,158700.0,354798.0,223.57
,2022-06-01,2022,202206,Проездная,Gunverse,GU air-3053,66,397320,151800.0,245520.0,161.74
,2022-07-01,2022,202207,Проездная,Gunverse,GU air-3053,69,345483,158700.0,186783.0,117.7
,2022-08-01,2022,202208,Проездная,Gunverse,GU air-3053,59,311402,135700.0,175702.0,129.48
,2022-09-01,2022,202209,Проездная,Gunverse,GU air-3053,62,348812,142600.0,206212.0,144.61
,2022-10-01,2022,202210,Проездная,Gunverse,GU air-3053,51,312324,117300.0,195024.0,166.26
,2022-11-01,2022,202211,Проездная,Gunverse,GU air-3053,37,211048,85100.0,125948.0,148.0
,2022-12-01,2022,202212,Проездная,Gunverse,GU air-3053,44,259688,101200.0,158488.0,156.61
,2021-01-01,2021,202101,Проездная,Gunverse,GU grou-6409,47,506425,190350.0,316075.0,166.05
,2021-02-01,2021,202102,Проездная,Gunverse,GU grou-6409,30,298200,121500.0,176700.0,145.43
,2021-03-01,2021,202103,Проездная,Gunverse,GU grou-6409,24,237768,97200.0,140568.0,144.62
,2021-04-01,2021,202104,Проездная,Gunverse,GU grou-6409,44,465960,178200.0,287760.0,161.48
,2021-05-01,2021,202105,Проездная,Gunverse,GU grou-6409,56,635936,226800.0,409136.0,180.4
,2021-06-01,2021,202106,Проездная,Gunverse,GU grou-6409,53,563602,214650.0,348952.0,162.57
,2021-07-01,2021,202107,Проездная,Gunverse,GU grou-6409,56,474096,226800.0,247296.0,109.04
,2021-08-01,2021,202108,Проездная,Gunverse,GU grou-6409,47,472867,190350.0,282517.0,148.42
,2021-09-01,2021,202109,Проездная,Gunverse,GU grou-6409,50,508900,202500.0,306400.0,151.31
,2021-10-01,2021,202110,Проездная,Gunverse,GU grou-6409,41,426564,166050.0,260514.0,156.89
,2021-11-01,2021,202111,Проездная,Gunverse,GU grou-6409,30,305100,121500.0,183600.0,151.11
,2021-12-01,2021,202112,Проездная,Gunverse,GU grou-6409,35,345240,141750.0,203490.0,143.56
,2022-01-01,2022,202201,Проездная,Gunverse,GU grou-6409,52,547560,210600.0,336960.0,160.0
,2022-02-01,2022,202202,Проездная,Gunverse,GU grou-6409,33,340197,133650.0,206547.0,154.54
,2022-03-01,2022,202203,Проездная,Gunverse,GU grou-6409,26,251056,105300.0,145756.0,138.42
,2022-04-01,2022,202204,Проездная,Gunverse,GU grou-6409,49,504847,198450.0,306397.0,154.4
,2022-05-01,2022,202205,Проездная,Gunverse,GU grou-6409,61,669353,247050.0,422303.0,170.94
,2022-06-01,2022,202206,Проездная,Gunverse,GU grou-6409,58,583074,234900.0,348174.0,148.22
,2022-07-01,2022,202207,Проездная,Gunverse,GU grou-6409,61,524478,247050.0,277428.0,112.3
,2022-08-01,2022,202208,Проездная,Gunverse,GU grou-6409,52,497120,210600.0,286520.0,136.05
,2022-09-01,2022,202209,Проездная,Gunverse,GU grou-6409,55,571450,222750.0,348700.0,156.54
,2022-10-01,2022,202210,Проездная,Gunverse,GU grou-6409,45,495900,182250.0,313650.0,172.1
,2022-11-01,2022,202211,Проездная,Gunverse,GU grou-6409,33,344157,133650.0,210507.0,157.51
,2022-12-01,2022,202212,Проездная,Gunverse,GU grou-6409,39,386139,157950.0,228189.0,144.47
,2021-01-01,2021,202101,Проездная,Gunverse,GU gre-2865,53,432109,211469.99999999997,220639.00000000003,104.34
,2021-02-01,2021,202102,Проездная,Gunverse,GU gre-2865,33,298947,131669.99999999997,167277.00000000003,127.04
,2021-03-01,2021,202103,Проездная,Gunverse,GU gre-2865,27,208683,107729.99999999999,100953.00000000001,93.71
,2021-04-01,2021,202104,Проездная,Gunverse,GU gre-2865,50,435000,199499.99999999997,235500.00000000003,118.05
,2021-05-01,2021,202105,Проездная,Gunverse,GU gre-2865,63,589932,251369.99999999997,338562.0,134.69
,2021-06-01,2021,202106,Проездная,Gunverse,GU gre-2865,60,499200,239399.99999999997,259800.00000000003,108.52
,2021-07-01,2021,202107,Проездная,Gunverse,GU gre-2865,63,431487,251369.99999999997,180117.00000000003,71.65
,2021-08-01,2021,202108,Проездная,Gunverse,GU gre-2865,53,423629,211469.99999999997,212159.00000000003,100.33
,2021-09-01,2021,202109,Проездная,Gunverse,GU gre-2865,57,471219,227429.99999999997,243789.00000000003,107.19
,2021-10-01,2021,202110,Проездная,Gunverse,GU gre-2865,47,409464,187529.99999999997,221934.00000000003,118.35
,2021-11-01,2021,202111,Проездная,Gunverse,GU gre-2865,33,277035,131669.99999999997,145365.00000000003,110.4
,2021-12-01,2021,202112,Проездная,Gunverse,GU gre-2865,40,306120,159599.99999999997,146520.00000000003,91.8
,2022-01-01,2022,202201,Проездная,Gunverse,GU gre-2865,59,466749,235409.99999999997,231339.00000000003,98.27
,2022-02-01,2022,202202,Проездная,Gunverse,GU gre-2865,37,290783,147629.99999999997,143153.00000000003,96.97
,2022-03-01,2022,202203,Проездная,Gunverse,GU gre-2865,30,234270,119699.99999999999,114570.00000000001,95.71
,2022-04-01,2022,202204,Проездная,Gunverse,GU gre-2865,55,484715,219449.99999999997,265265.0,120.88
,2022-05-01,2022,202205,Проездная,Gunverse,GU gre-2865,69,598713,275309.99999999994,323403.00000000006,117.47
,2022-06-01,2022,202206,Проездная,Gunverse,GU gre-2865,66,550704,263339.99999999994,287364.00000000006,109.12
,2022-07-01,2022,202207,Проездная,Gunverse,GU gre-2865,69,483828,275309.99999999994,208518.00000000006,75.74
,2022-08-01,2022,202208,Проездная,Gunverse,GU gre-2865,59,418133,235409.99999999997,182723.00000000003,77.62
,2022-09-01,2022,202209,Проездная,Gunverse,GU gre-2865,62,502572,247379.99999999997,255192.00000000003,103.16
,2022-10-01,2022,202210,Проездная,Gunverse,GU gre-2865,51,461193,203489.99999999997,257703.00000000003,126.64
,2022-11-01,2022,202211,Проездная,Gunverse,GU gre-2865,37,322862,147629.99999999997,175232.00000000003,118.7
,2022-12-01,2022,202212,Проездная,Gunverse,GU gre-2865,44,329208,175559.99999999997,153648.00000000003,87.52
,2021-01-01,2021,202101,Проездная,Gunverse,GU earth-4729,47,458626,195755.0,262871.0,134.29
,2021-02-01,2021,202102,Проездная,Gunverse,GU earth-4729,29,287593,120785.0,166808.0,138.1
,2021-03-01,2021,202103,Проездная,Gunverse,GU earth-4729,24,210480,99960.0,110520.0,110.56
,2021-04-01,2021,202104,Проездная,Gunverse,GU earth-4729,44,449152,183260.0,265892.0,145.09
,2021-05-01,2021,202105,Проездная,Gunverse,GU earth-4729,55,586465,229075.0,357390.0,156.01
,2021-06-01,2021,202106,Проездная,Gunverse,GU earth-4729,52,494832,216580.0,278252.0,128.48
,2021-07-01,2021,202107,Проездная,Gunverse,GU earth-4729,55,445610,229075.0,216535.0,94.53
,2021-08-01,2021,202108,Проездная,Gunverse,GU earth-4729,47,443633,195755.0,247878.0,126.63
,2021-09-01,2021,202109,Проездная,Gunverse,GU earth-4729,49,466725,204085.0,262640.0,128.69
,2021-10-01,2021,202110,Проездная,Gunverse,GU earth-4729,41,411353,170765.0,240588.0,140.89
,2021-11-01,2021,202111,Проездная,Gunverse,GU earth-4729,29,272339,120785.0,151554.0,125.47
,2021-12-01,2021,202112,Проездная,Gunverse,GU earth-4729,35,317415,145775.0,171640.0,117.74
,2022-01-01,2022,202201,Проездная,Gunverse,GU earth-4729,51,477462,212415.0,265047.0,124.78
,2022-02-01,2022,202202,Проездная,Gunverse,GU earth-4729,32,306368,133280.0,173088.0,129.87
,2022-03-01,2022,202203,Проездная,Gunverse,GU earth-4729,26,253370,108290.0,145080.0,133.97
,2022-04-01,2022,202204,Проездная,Gunverse,GU earth-4729,48,513984,199920.0,314064.0,157.09
,2022-05-01,2022,202205,Проездная,Gunverse,GU earth-4729,61,637206,254065.0,383141.0,150.8
,2022-06-01,2022,202206,Проездная,Gunverse,GU earth-4729,58,559410,241570.0,317840.0,131.57
,2022-07-01,2022,202207,Проездная,Gunverse,GU earth-4729,61,520208,254065.0,266143.0,104.75
,2022-08-01,2022,202208,Проездная,Gunverse,GU earth-4729,51,482817,212415.0,270402.0,127.3
,2022-09-01,2022,202209,Проездная,Gunverse,GU earth-4729,54,516780,224910.0,291870.0,129.77
,2022-10-01,2022,202210,Проездная,Gunverse,GU earth-4729,45,461610,187425.0,274185.0,146.29
,2022-11-01,2022,202211,Проездная,Gunverse,GU earth-4729,32,311392,133280.0,178112.0,133.64
,2022-12-01,2022,202212,Проездная,Gunverse,GU earth-4729,39,368589,162435.0,206154.0,126.91
,2021-01-01,2021,202101,Проездная,Gunverse,GU ais-4465,47,330034,143820.0,186214.0,129.48
,2021-02-01,2021,202102,Проездная,Gunverse,GU ais-4465,29,213034,88740.0,124294.0,140.07
,2021-03-01,2021,202103,Проездная,Gunverse,GU ais-4465,24,173472,73440.0,100032.0,136.21
,2021-04-01,2021,202104,Проездная,Gunverse,GU ais-4465,44,351208,134640.0,216568.0,160.85
,2021-05-01,2021,202105,Проездная,Gunverse,GU ais-4465,55,430265,168300.0,261965.0,155.65
,2021-06-01,2021,202106,Проездная,Gunverse,GU ais-4465,52,396188,159120.0,237068.0,148.99
,2021-07-01,2021,202107,Проездная,Gunverse,GU ais-4465,55,327800,168300.0,159500.0,94.77
,2021-08-01,2021,202108,Проездная,Gunverse,GU ais-4465,47,309401,143820.0,165581.0,115.13
,2021-09-01,2021,202109,Проездная,Gunverse,GU ais-4465,49,340942,149940.0,191002.0,127.39
,2021-10-01,2021,202110,Проездная,Gunverse,GU ais-4465,41,296922,125460.0,171462.0,136.67
,2021-11-01,2021,202111,Проездная,Gunverse,GU ais-4465,29,225156,88740.0,136416.0,153.73
,2021-12-01,2021,202112,Проездная,Gunverse,GU ais-4465,35,233065,107100.0,125965.0,117.61
,2022-01-01,2022,202201,Проездная,Gunverse,GU ais-4465,51,335733,156060.0,179673.0,115.13
,2022-02-01,2022,202202,Проездная,Gunverse,GU ais-4465,32,258368,97920.0,160448.0,163.86
,2022-03-01,2022,202203,Проездная,Gunverse,GU ais-4465,26,176696,79560.0,97136.0,122.09
,2022-04-01,2022,202204,Проездная,Gunverse,GU ais-4465,48,379584,146880.0,232704.0,158.43
,2022-05-01,2022,202205,Проездная,Gunverse,GU ais-4465,61,469334,186660.0,282674.0,151.44
,2022-06-01,2022,202206,Проездная,Gunverse,GU ais-4465,58,432158,177480.0,254678.0,143.5
,2022-07-01,2022,202207,Проездная,Gunverse,GU ais-4465,61,372466,186660.0,185806.0,99.54
,2022-08-01,2022,202208,Проездная,Gunverse,GU ais-4465,51,361539,156060.0,205479.0,131.67
,2022-09-01,2022,202209,Проездная,Gunverse,GU ais-4465,54,377514,165240.0,212274.0,128.46
,2022-10-01,2022,202210,Проездная,Gunverse,GU ais-4465,45,322965,137700.0,185265.0,134.54
,2022-11-01,2022,202211,Проездная,Gunverse,GU ais-4465,32,244384,97920.0,146464.0,149.58
,2022-12-01,2022,202212,Проездная,Gunverse,GU ais-4465,39,280839,119340.0,161499.0,135.33
,2021-01-01,2021,202101,Проездная,Gunverse,GU ice-8917,49,429093,169344.0,259749.0,153.39
,2021-02-01,2021,202102,Проездная,Gunverse,GU ice-8917,31,255409,107136.0,148273.0,138.4
,2021-03-01,2021,202103,Проездная,Gunverse,GU ice-8917,25,200525,86400.0,114125.0,132.09
,2021-04-01,2021,202104,Проездная,Gunverse,GU ice-8917,46,423200,158976.0,264224.0,166.2
,2021-05-01,2021,202105,Проездная,Gunverse,GU ice-8917,58,495610,200448.0,295162.0,147.25
,2021-06-01,2021,202106,Проездная,Gunverse,GU ice-8917,55,449955,190080.0,259875.0,136.72
,2021-07-01,2021,202107,Проездная,Gunverse,GU ice-8917,58,376014,200448.0,175566.0,87.59
,2021-08-01,2021,202108,Проездная,Gunverse,GU ice-8917,49,381073,169344.0,211729.0,125.03
,2021-09-01,2021,202109,Проездная,Gunverse,GU ice-8917,52,442052,179712.0,262340.0,145.98
,2021-10-01,2021,202110,Проездная,Gunverse,GU ice-8917,43,390569,148608.0,241961.0,162.82
,2021-11-01,2021,202111,Проездная,Gunverse,GU ice-8917,31,261826,107136.0,154690.0,144.39
,2021-12-01,2021,202112,Проездная,Gunverse,GU ice-8917,37,301883,127872.0,174011.0,136.08
,2022-01-01,2022,202201,Проездная,Gunverse,GU ice-8917,53,463538,183168.0,280370.0,153.07
,2022-02-01,2022,202202,Проездная,Gunverse,GU ice-8917,34,282064,117504.0,164560.0,140.05
,2022-03-01,2022,202203,Проездная,Gunverse,GU ice-8917,27,220563,93312.0,127251.0,136.37
,2022-04-01,2022,202204,Проездная,Gunverse,GU ice-8917,50,415250,172800.0,242450.0,140.31
,2022-05-01,2022,202205,Проездная,Gunverse,GU ice-8917,63,593460,217728.0,375732.0,172.57
,2022-06-01,2022,202206,Проездная,Gunverse,GU ice-8917,60,505200,207360.0,297840.0,143.63
,2022-07-01,2022,202207,Проездная,Gunverse,GU ice-8917,63,459900,217728.0,242172.0,111.23
,2022-08-01,2022,202208,Проездная,Gunverse,GU ice-8917,53,434123,183168.0,250955.0,137.01
,2022-09-01,2022,202209,Проездная,Gunverse,GU ice-8917,57,466659,196992.0,269667.0,136.89
,2022-10-01,2022,202210,Проездная,Gunverse,GU ice-8917,47,404952,162432.0,242520.0,149.31
,2022-11-01,2022,202211,Проездная,Gunverse,GU ice-8917,34,295664,117504.0,178160.0,151.62
,2022-12-01,2022,202212,Проездная,Gunverse,GU ice-8917,40,322920,138240.0,184680.0,133.59
,2021-01-01,2021,202101,Проездная,Gunverse,GU ai-3849,50,526100,259350.0,266750.0,102.85
,2021-02-01,2021,202102,Проездная,Gunverse,GU ai-3849,32,320800,165984.0,154816.0,93.27
,2021-03-01,2021,202103,Проездная,Gunverse,GU ai-3849,25,232925,129675.0,103250.0,79.62
,2021-04-01,2021,202104,Проездная,Gunverse,GU ai-3849,47,504404,243789.0,260615.0,106.9
,2021-05-01,2021,202105,Проездная,Gunverse,GU ai-3849,59,647289,306033.0,341256.0,111.51
,2021-06-01,2021,202106,Проездная,Gunverse,GU ai-3849,56,594944,290472.0,304472.0,104.82
,2021-07-01,2021,202107,Проездная,Gunverse,GU ai-3849,59,530292,306033.0,224259.0,73.28
,2021-08-01,2021,202108,Проездная,Gunverse,GU ai-3849,50,475550,259350.0,216200.0,83.36
,2021-09-01,2021,202109,Проездная,Gunverse,GU ai-3849,53,533922,274911.0,259011.0,94.22
,2021-10-01,2021,202110,Проездная,Gunverse,GU ai-3849,44,467280,228228.0,239052.0,104.74
,2021-11-01,2021,202111,Проездная,Gunverse,GU ai-3849,32,309344,165984.0,143360.0,86.37
,2021-12-01,2021,202112,Проездная,Gunverse,GU ai-3849,38,366282,197106.0,169176.0,85.83
,2022-01-01,2022,202201,Проездная,Gunverse,GU ai-3849,55,560395,285285.0,275110.0,96.43
,2022-02-01,2022,202202,Проездная,Gunverse,GU ai-3849,35,357630,181545.0,176085.0,96.99
,2022-03-01,2022,202203,Проездная,Gunverse,GU ai-3849,28,294952,145236.0,149716.0,103.08
,2022-04-01,2022,202204,Проездная,Gunverse,GU ai-3849,52,551824,269724.0,282100.0,104.59
,2022-05-01,2022,202205,Проездная,Gunverse,GU ai-3849,65,696410,337155.0,359255.0,106.55
,2022-06-01,2022,202206,Проездная,Gunverse,GU ai-3849,62,664020,321594.0,342426.0,106.48
,2022-07-01,2022,202207,Проездная,Gunverse,GU ai-3849,65,603265,337155.0,266110.0,78.93
,2022-08-01,2022,202208,Проездная,Gunverse,GU ai-3849,55,522225,285285.0,236940.0,83.05
,2022-09-01,2022,202209,Проездная,Gunverse,GU ai-3849,59,587522,306033.0,281489.0,91.98
,2022-10-01,2022,202210,Проездная,Gunverse,GU ai-3849,48,524592,248976.0,275616.0,110.7
,2022-11-01,2022,202211,Проездная,Gunverse,GU ai-3849,35,351225,181545.0,169680.0,93.46
,2022-12-01,2022,202212,Проездная,Gunverse,GU ai-3849,41,420619,212667.0,207952.0,97.78
,2021-01-01,2021,202101,Проездная,Nuke,NK air-4421,54,727326,324000.0,403326.0,124.48
,2021-02-01,2021,202102,Проездная,Nuke,NK air-4421,34,468010,204000.0,264010.0,129.42
,2021-03-01,2021,202103,Проездная,Nuke,NK air-4421,27,332910,162000.0,170910.0,105.5
,2021-04-01,2021,202104,Проездная,Nuke,NK air-4421,50,698800,300000.0,398800.0,132.93
,2021-05-01,2021,202105,Проездная,Nuke,NK air-4421,64,872384,384000.0,488384.0,127.18
,2021-06-01,2021,202106,Проездная,Nuke,NK air-4421,60,826380,360000.0,466380.0,129.55
,2021-07-01,2021,202107,Проездная,Nuke,NK air-4421,64,717248,384000.0,333248.0,86.78
,2021-08-01,2021,202108,Проездная,Nuke,NK air-4421,54,672300,324000.0,348300.0,107.5
,2021-09-01,2021,202109,Проездная,Nuke,NK air-4421,57,771153,342000.0,429153.0,125.48
,2021-10-01,2021,202110,Проездная,Nuke,NK air-4421,47,653159,282000.0,371159.0,131.62
,2021-11-01,2021,202111,Проездная,Nuke,NK air-4421,34,451486,204000.0,247486.0,121.32
,2021-12-01,2021,202112,Проездная,Nuke,NK air-4421,40,505720,240000.0,265720.0,110.72
,2022-01-01,2022,202201,Проездная,Nuke,NK air-4421,59,766882,354000.0,412882.0,116.63
,2022-02-01,2022,202202,Проездная,Nuke,NK air-4421,37,511303,222000.0,289303.0,130.32
,2022-03-01,2022,202203,Проездная,Nuke,NK air-4421,30,392640,180000.0,212640.0,118.13
,2022-04-01,2022,202204,Проездная,Nuke,NK air-4421,55,753885,330000.0,423885.0,128.45
,2022-05-01,2022,202205,Проездная,Nuke,NK air-4421,70,965510,420000.0,545510.0,129.88
,2022-06-01,2022,202206,Проездная,Nuke,NK air-4421,66,878790,396000.0,482790.0,121.92
,2022-07-01,2022,202207,Проездная,Nuke,NK air-4421,70,823270,420000.0,403270.0,96.02
,2022-08-01,2022,202208,Проездная,Nuke,NK air-4421,59,738621,354000.0,384621.0,108.65
,2022-09-01,2022,202209,Проездная,Nuke,NK air-4421,63,820827,378000.0,442827.0,117.15
,2022-10-01,2022,202210,Проездная,Nuke,NK air-4421,52,701272,312000.0,389272.0,124.77
,2022-11-01,2022,202211,Проездная,Nuke,NK air-4421,37,513190,222000.0,291190.0,131.17
,2022-12-01,2022,202212,Проездная,Nuke,NK air-4421,44,550264,264000.0,286264.0,108.43
,2021-01-01,2021,202101,Проездная,Nuke,NK grou-9880,39,410007,207090.0,202917.0,97.98
,2021-02-01,2021,202102,Проездная,Nuke,NK grou-9880,25,253175,132750.0,120425.0,90.72
,2021-03-01,2021,202103,Проездная,Nuke,NK grou-9880,20,191460,106200.0,85260.0,80.28
,2021-04-01,2021,202104,Проездная,Nuke,NK grou-9880,37,384319,196470.0,187849.0,95.61
,2021-05-01,2021,202105,Проездная,Nuke,NK grou-9880,46,488704,244260.0,244444.0,100.08
,2021-06-01,2021,202106,Проездная,Nuke,NK grou-9880,44,437888,233640.0,204248.0,87.42
,2021-07-01,2021,202107,Проездная,Nuke,NK grou-9880,46,419750,244260.0,175490.0,71.85
,2021-08-01,2021,202108,Проездная,Nuke,NK grou-9880,39,356382,207090.0,149292.0,72.09
,2021-09-01,2021,202109,Проездная,Nuke,NK grou-9880,41,386220,217710.0,168510.0,77.4
,2021-10-01,2021,202110,Проездная,Nuke,NK grou-9880,34,370532,180540.0,189992.0,105.24
,2021-11-01,2021,202111,Проездная,Nuke,NK grou-9880,25,253625,132750.0,120875.0,91.05
,2021-12-01,2021,202112,Проездная,Nuke,NK grou-9880,29,271179,153990.0,117189.0,76.1
,2022-01-01,2022,202201,Проездная,Nuke,NK grou-9880,43,459111,228330.0,230781.0,101.07
,2022-02-01,2022,202202,Проездная,Nuke,NK grou-9880,27,275022,143370.0,131652.0,91.83
,2022-03-01,2022,202203,Проездная,Nuke,NK grou-9880,22,215666,116820.0,98846.0,84.61
,2022-04-01,2022,202204,Проездная,Nuke,NK grou-9880,40,429160,212400.0,216760.0,102.05
,2022-05-01,2022,202205,Проездная,Nuke,NK grou-9880,51,543456,270810.0,272646.0,100.68
,2022-06-01,2022,202206,Проездная,Nuke,NK grou-9880,48,488544,254880.0,233664.0,91.68
,2022-07-01,2022,202207,Проездная,Nuke,NK grou-9880,51,445485,270810.0,174675.0,64.5
,2022-08-01,2022,202208,Проездная,Nuke,NK grou-9880,43,411424,228330.0,183094.0,80.19
,2022-09-01,2022,202209,Проездная,Nuke,NK grou-9880,46,472926,244260.0,228666.0,93.62
,2022-10-01,2022,202210,Проездная,Nuke,NK grou-9880,38,382280,201780.0,180500.0,89.45
,2022-11-01,2022,202211,Проездная,Nuke,NK grou-9880,27,264573,143370.0,121203.0,84.54
,2022-12-01,2022,202212,Проездная,Nuke,NK grou-9880,32,326400,169920.0,156480.0,92.09
,2021-01-01,2021,202101,Проездная,Nuke,NK gre-7983,37,298738,119140.0,179598.0,150.75
,2021-02-01,2021,202102,Проездная,Nuke,NK gre-7983,23,194373,74060.0,120313.0,162.45
,2021-03-01,2021,202103,Проездная,Nuke,NK gre-7983,19,155610,61180.0,94430.0,154.35
,2021-04-01,2021,202104,Проездная,Nuke,NK gre-7983,35,326515,112700.0,213815.0,189.72
,2021-05-01,2021,202105,Проездная,Nuke,NK gre-7983,44,386804,141680.0,245124.0,173.01
,2021-06-01,2021,202106,Проездная,Nuke,NK gre-7983,42,350364,135240.0,215124.0,159.07
,2021-07-01,2021,202107,Проездная,Nuke,NK gre-7983,44,293876,141680.0,152196.0,107.42
,2021-08-01,2021,202108,Проездная,Nuke,NK gre-7983,37,307951,119140.0,188811.0,158.48
,2021-09-01,2021,202109,Проездная,Nuke,NK gre-7983,40,287160,128800.0,158360.0,122.95
,2021-10-01,2021,202110,Проездная,Nuke,NK gre-7983,33,260304,106260.0,154044.0,144.97
,2021-11-01,2021,202111,Проездная,Nuke,NK gre-7983,23,199640,74060.0,125580.0,169.57
,2021-12-01,2021,202112,Проездная,Nuke,NK gre-7983,28,216104,90160.0,125944.0,139.69
,2022-01-01,2022,202201,Проездная,Nuke,NK gre-7983,41,348869,132020.0,216849.0,164.25
,2022-02-01,2022,202202,Проездная,Nuke,NK gre-7983,26,225654,83720.0,141934.0,169.53
,2022-03-01,2022,202203,Проездная,Nuke,NK gre-7983,21,163023,67620.0,95403.0,141.09
,2022-04-01,2022,202204,Проездная,Nuke,NK gre-7983,38,341278,122360.0,218918.0,178.91
,2022-05-01,2022,202205,Проездная,Nuke,NK gre-7983,48,425280,154560.0,270720.0,175.16
,2022-06-01,2022,202206,Проездная,Nuke,NK gre-7983,46,376878,148120.0,228758.0,154.44
,2022-07-01,2022,202207,Проездная,Nuke,NK gre-7983,48,320400,154560.0,165840.0,107.3
,2022-08-01,2022,202208,Проездная,Nuke,NK gre-7983,41,294380,132020.0,162360.0,122.98
,2022-09-01,2022,202209,Проездная,Nuke,NK gre-7983,43,343097,138460.0,204637.0,147.8
,2022-10-01,2022,202210,Проездная,Nuke,NK gre-7983,36,301284,115920.0,185364.0,159.91
,2022-11-01,2022,202211,Проездная,Nuke,NK gre-7983,26,228020,83720.0,144300.0,172.36
,2022-12-01,2022,202212,Проездная,Nuke,NK gre-7983,31,243226,99820.0,143406.0,143.66
,2021-01-01,2021,202101,Проездная,Nuke,NK earth-5320,46,376694,152490.0,224204.0,147.03
,2021-02-01,2021,202102,Проездная,Nuke,NK earth-5320,29,212512,96135.0,116377.0,121.06
,2021-03-01,2021,202103,Проездная,Nuke,NK earth-5320,23,162196,76245.0,85951.0,112.73
,2021-04-01,2021,202104,Проездная,Nuke,NK earth-5320,43,356599,142545.0,214054.0,150.17
,2021-05-01,2021,202105,Проездная,Nuke,NK earth-5320,55,431145,182325.0,248820.0,136.47
,2021-06-01,2021,202106,Проездная,Nuke,NK earth-5320,52,386828,172380.0,214448.0,124.4
,2021-07-01,2021,202107,Проездная,Nuke,NK earth-5320,55,342980,182325.0,160655.0,88.11
,2021-08-01,2021,202108,Проездная,Nuke,NK earth-5320,46,324990,152490.0,172500.0,113.12
,2021-09-01,2021,202109,Проездная,Nuke,NK earth-5320,49,357406,162435.0,194971.0,120.03
,2021-10-01,2021,202110,Проездная,Nuke,NK earth-5320,40,328440,132600.0,195840.0,147.69
,2021-11-01,2021,202111,Проездная,Nuke,NK earth-5320,29,225330,96135.0,129195.0,134.39
,2021-12-01,2021,202112,Проездная,Nuke,NK earth-5320,35,273420,116025.0,157395.0,135.66
,2022-01-01,2022,202201,Проездная,Nuke,NK earth-5320,51,395709,169065.0,226644.0,134.06
,2022-02-01,2022,202202,Проездная,Nuke,NK earth-5320,32,253504,106080.0,147424.0,138.97
,2022-03-01,2022,202203,Проездная,Nuke,NK earth-5320,26,194272,86190.0,108082.0,125.4
,2022-04-01,2022,202204,Проездная,Nuke,NK earth-5320,48,404400,159120.0,245280.0,154.15
,2022-05-01,2022,202205,Проездная,Nuke,NK earth-5320,60,531240,198900.0,332340.0,167.09
,2022-06-01,2022,202206,Проездная,Nuke,NK earth-5320,57,422655,188955.0,233700.0,123.68
,2022-07-01,2022,202207,Проездная,Nuke,NK earth-5320,60,399720,198900.0,200820.0,100.97
,2022-08-01,2022,202208,Проездная,Nuke,NK earth-5320,51,384795,169065.0,215730.0,127.6
,2022-09-01,2022,202209,Проездная,Nuke,NK earth-5320,54,419148,179010.0,240138.0,134.15
,2022-10-01,2022,202210,Проездная,Nuke,NK earth-5320,44,352088,145860.0,206228.0,141.39
,2022-11-01,2022,202211,Проездная,Nuke,NK earth-5320,32,239232,106080.0,133152.0,125.52
,2022-12-01,2022,202212,Проездная,Nuke,NK earth-5320,38,256234,125970.0,130264.0,103.41
,2021-01-01,2021,202101,Проездная,Nuke,NK ais-5028,51,574311,239700.0,334611.0,139.6
,2021-02-01,2021,202102,Проездная,Nuke,NK ais-5028,32,370144,150400.0,219744.0,146.11
,2021-03-01,2021,202103,Проездная,Nuke,NK ais-5028,26,290550,122200.0,168350.0,137.77
,2021-04-01,2021,202104,Проездная,Nuke,NK ais-5028,48,577056,225600.0,351456.0,155.79
,2021-05-01,2021,202105,Проездная,Nuke,NK ais-5028,60,730380,282000.0,448380.0,159.0
,2021-06-01,2021,202106,Проездная,Nuke,NK ais-5028,57,661029,267900.0,393129.0,146.74
,2021-07-01,2021,202107,Проездная,Nuke,NK ais-5028,60,613680,282000.0,331680.0,117.62
,2021-08-01,2021,202108,Проездная,Nuke,NK ais-5028,51,564774,239700.0,325074.0,135.62
,2021-09-01,2021,202109,Проездная,Nuke,NK ais-5028,54,559710,253800.0,305910.0,120.53
,2021-10-01,2021,202110,Проездная,Nuke,NK ais-5028,44,507848,206800.0,301048.0,145.57
,2021-11-01,2021,202111,Проездная,Nuke,NK ais-5028,32,366752,150400.0,216352.0,143.85
,2021-12-01,2021,202112,Проездная,Nuke,NK ais-5028,38,428336,178600.0,249736.0,139.83
,2022-01-01,2022,202201,Проездная,Nuke,NK ais-5028,56,633080,263200.0,369880.0,140.53
,2022-02-01,2022,202202,Проездная,Nuke,NK ais-5028,35,413245,164500.0,248745.0,151.21
,2022-03-01,2022,202203,Проездная,Nuke,NK ais-5028,28,292516,131600.0,160916.0,122.28
,2022-04-01,2022,202204,Проездная,Nuke,NK ais-5028,52,622128,244400.0,377728.0,154.55
,2022-05-01,2022,202205,Проездная,Nuke,NK ais-5028,66,796488,310200.0,486288.0,156.77
,2022-06-01,2022,202206,Проездная,Nuke,NK ais-5028,63,697347,296100.0,401247.0,135.51
,2022-07-01,2022,202207,Проездная,Nuke,NK ais-5028,66,644820,310200.0,334620.0,107.87
,2022-08-01,2022,202208,Проездная,Nuke,NK ais-5028,56,625968,263200.0,362768.0,137.83
,2022-09-01,2022,202209,Проездная,Nuke,NK ais-5028,59,613364,277300.0,336064.0,121.19
,2022-10-01,2022,202210,Проездная,Nuke,NK ais-5028,49,562765,230300.0,332465.0,144.36
,2022-11-01,2022,202211,Проездная,Nuke,NK ais-5028,35,406980,164500.0,242480.0,147.4
,2022-12-01,2022,202212,Проездная,Nuke,NK ais-5028,42,429198,197400.0,231798.0,117.43
,2021-01-01,2021,202101,Проездная,Nuke,NK ice-4908,53,537049,284557.0,252492.0,88.73
,2021-02-01,2021,202102,Проездная,Nuke,NK ice-4908,34,376788,182546.0,194242.0,106.41
,2021-03-01,2021,202103,Проездная,Nuke,NK ice-4908,27,278262,144963.0,133299.0,91.95
,2021-04-01,2021,202104,Проездная,Nuke,NK ice-4908,50,542750,268450.0,274300.0,102.18
,2021-05-01,2021,202105,Проездная,Nuke,NK ice-4908,63,711774,338247.0,373527.0,110.43
,2021-06-01,2021,202106,Проездная,Nuke,NK ice-4908,60,623940,322140.0,301800.0,93.69
,2021-07-01,2021,202107,Проездная,Nuke,NK ice-4908,63,559881,338247.0,221634.0,65.52
,2021-08-01,2021,202108,Проездная,Nuke,NK ice-4908,53,550140,284557.0,265583.0,93.33
,2021-09-01,2021,202109,Проездная,Nuke,NK ice-4908,57,584421,306033.0,278388.0,90.97
,2021-10-01,2021,202110,Проездная,Nuke,NK ice-4908,47,511501,252343.0,259158.0,102.7
,2021-11-01,2021,202111,Проездная,Nuke,NK ice-4908,34,344012,182546.0,161466.0,88.45
,2021-12-01,2021,202112,Проездная,Nuke,NK ice-4908,40,379480,214760.0,164720.0,76.7
,2022-01-01,2022,202201,Проездная,Nuke,NK ice-4908,59,627406,316771.0,310635.0,98.06
,2022-02-01,2022,202202,Проездная,Nuke,NK ice-4908,37,378769,198653.0,180116.0,90.67
,2022-03-01,2022,202203,Проездная,Nuke,NK ice-4908,30,306720,161070.0,145650.0,90.43
,2022-04-01,2022,202204,Проездная,Nuke,NK ice-4908,55,576840,295295.0,281545.0,95.34
,2022-05-01,2022,202205,Проездная,Nuke,NK ice-4908,70,780640,375830.0,404810.0,107.71
,2022-06-01,2022,202206,Проездная,Nuke,NK ice-4908,66,714648,354354.0,360294.0,101.68
,2022-07-01,2022,202207,Проездная,Nuke,NK ice-4908,70,632590,375830.0,256760.0,68.32
,2022-08-01,2022,202208,Проездная,Nuke,NK ice-4908,59,608231,316771.0,291460.0,92.01
,2022-09-01,2022,202209,Проездная,Nuke,NK ice-4908,62,595076,332878.0,262198.0,78.77
,2022-10-01,2022,202210,Проездная,Nuke,NK ice-4908,51,542691,273819.0,268872.0,98.19
,2022-11-01,2022,202211,Проездная,Nuke,NK ice-4908,37,373478,198653.0,174825.0,88.01
,2022-12-01,2022,202212,Проездная,Nuke,NK ice-4908,44,441760,236236.0,205524.0,87.0
,2021-01-01,2021,202101,Проездная,Nuke,NK ai-2826,38,484234,209000.0,275234.0,131.69
,2021-02-01,2021,202102,Проездная,Nuke,NK ai-2826,24,303552,132000.0,171552.0,129.96
,2021-03-01,2021,202103,Проездная,Nuke,NK ai-2826,19,222984,104500.0,118484.0,113.38
,2021-04-01,2021,202104,Проездная,Nuke,NK ai-2826,36,468252,198000.0,270252.0,136.49
,2021-05-01,2021,202105,Проездная,Nuke,NK ai-2826,45,575820,247500.0,328320.0,132.65
,2021-06-01,2021,202106,Проездная,Nuke,NK ai-2826,43,523009,236500.0,286509.0,121.15
,2021-07-01,2021,202107,Проездная,Nuke,NK ai-2826,45,495990,247500.0,248490.0,100.4
,2021-08-01,2021,202108,Проездная,Nuke,NK ai-2826,38,444030,209000.0,235030.0,112.45
,2021-09-01,2021,202109,Проездная,Nuke,NK ai-2826,40,481960,220000.0,261960.0,119.07
,2021-10-01,2021,202110,Проездная,Nuke,NK ai-2826,33,406758,181500.0,225258.0,124.11
,2021-11-01,2021,202111,Проездная,Nuke,NK ai-2826,24,293808,132000.0,161808.0,122.58
,2021-12-01,2021,202112,Проездная,Nuke,NK ai-2826,29,325264,159500.0,165764.0,103.93
,2022-01-01,2022,202201,Проездная,Nuke,NK ai-2826,42,519624,231000.0,288624.0,124.95
,2022-02-01,2022,202202,Проездная,Nuke,NK ai-2826,26,332410,143000.0,189410.0,132.45
,2022-03-01,2022,202203,Проездная,Nuke,NK ai-2826,21,243117,115500.0,127617.0,110.49
,2022-04-01,2022,202204,Проездная,Nuke,NK ai-2826,39,481494,214500.0,266994.0,124.47
,2022-05-01,2022,202205,Проездная,Nuke,NK ai-2826,50,628650,275000.0,353650.0,128.6
,2022-06-01,2022,202206,Проездная,Nuke,NK ai-2826,47,596994,258500.0,338494.0,130.95
,2022-07-01,2022,202207,Проездная,Nuke,NK ai-2826,50,526950,275000.0,251950.0,91.62
,2022-08-01,2022,202208,Проездная,Nuke,NK ai-2826,42,479010,231000.0,248010.0,107.36
,2022-09-01,2022,202209,Проездная,Nuke,NK ai-2826,44,498344,242000.0,256344.0,105.93
,2022-10-01,2022,202210,Проездная,Nuke,NK ai-2826,37,470381,203500.0,266881.0,131.15
,2022-11-01,2022,202211,Проездная,Nuke,NK ai-2826,26,317798,143000.0,174798.0,122.24
,2022-12-01,2022,202212,Проездная,Nuke,NK ai-2826,32,373824,176000.0,197824.0,112.4
,2021-01-01,2021,202101,Проездная,Rubok,RB air-7636,12,54984,18144.0,36840.0,203.04
,2021-02-01,2021,202102,Проездная,Rubok,RB air-7636,8,38656,12096.0,26560.0,219.58
,2021-03-01,2021,202103,Проездная,Rubok,RB air-7636,6,21012,9072.0,11940.0,131.61
,2021-04-01,2021,202104,Проездная,Rubok,RB air-7636,11,44770,16632.0,28138.0,169.18
,2021-05-01,2021,202105,Проездная,Rubok,RB air-7636,14,70910,21168.0,49742.0,234.99
,2021-06-01,2021,202106,Проездная,Rubok,RB air-7636,13,62335,19656.0,42679.0,217.13
,2021-07-01,2021,202107,Проездная,Rubok,RB air-7636,14,35490,21168.0,14322.0,67.66
,2021-08-01,2021,202108,Проездная,Rubok,RB air-7636,12,41400,18144.0,23256.0,128.17
,2021-09-01,2021,202109,Проездная,Rubok,RB air-7636,13,50245,19656.0,30589.0,155.62
,2021-10-01,2021,202110,Проездная,Rubok,RB air-7636,11,41514,16632.0,24882.0,149.6
,2021-11-01,2021,202111,Проездная,Rubok,RB air-7636,8,32904,12096.0,20808.0,172.02
,2021-12-01,2021,202112,Проездная,Rubok,RB air-7636,9,35217,13608.0,21609.0,158.8
,2022-01-01,2022,202201,Проездная,Rubok,RB air-7636,13,58500,19656.0,38844.0,197.62
,2022-02-01,2022,202202,Проездная,Rubok,RB air-7636,8,31368,12096.0,19272.0,159.33
,2022-03-01,2022,202203,Проездная,Rubok,RB air-7636,7,24157,10584.0,13573.0,128.24
,2022-04-01,2022,202204,Проездная,Rubok,RB air-7636,12,50004,18144.0,31860.0,175.6
,2022-05-01,2022,202205,Проездная,Rubok,RB air-7636,16,72352,24192.0,48160.0,199.07
,2022-06-01,2022,202206,Проездная,Rubok,RB air-7636,15,70740,22680.0,48060.0,211.9
,2022-07-01,2022,202207,Проездная,Rubok,RB air-7636,16,39664,24192.0,15472.0,63.96
,2022-08-01,2022,202208,Проездная,Rubok,RB air-7636,13,45227,19656.0,25571.0,130.09
,2022-09-01,2022,202209,Проездная,Rubok,RB air-7636,14,58408,21168.0,37240.0,175.93
,2022-10-01,2022,202210,Проездная,Rubok,RB air-7636,12,54720,18144.0,36576.0,201.59
,2022-11-01,2022,202211,Проездная,Rubok,RB air-7636,8,34584,12096.0,22488.0,185.91
,2022-12-01,2022,202212,Проездная,Rubok,RB air-7636,10,34390,15120.0,19270.0,127.45
,2021-01-01,2021,202101,Проездная,Rubok,RB grou-5163,15,44265,11730.0,32535.0,277.37
,2021-02-01,2021,202102,Проездная,Rubok,RB grou-5163,9,27180,7038.0,20142.0,286.19
,2021-03-01,2021,202103,Проездная,Rubok,RB grou-5163,8,21840,6256.0,15584.0,249.1
,2021-04-01,2021,202104,Проездная,Rubok,RB grou-5163,14,55300,10948.0,44352.0,405.12
,2021-05-01,2021,202105,Проездная,Rubok,RB grou-5163,17,66079,13294.0,52785.0,397.06
,2021-06-01,2021,202106,Проездная,Rubok,RB grou-5163,16,47008,12512.0,34496.0,275.7
,2021-07-01,2021,202107,Проездная,Rubok,RB grou-5163,17,20366,13294.0,7072.0,53.2
,2021-08-01,2021,202108,Проездная,Rubok,RB grou-5163,15,47445,11730.0,35715.0,304.48
,2021-09-01,2021,202109,Проездная,Rubok,RB grou-5163,16,36832,12512.0,24320.0,194.37
,2021-10-01,2021,202110,Проездная,Rubok,RB grou-5163,13,35282,10166.0,25116.0,247.06
,2021-11-01,2021,202111,Проездная,Rubok,RB grou-5163,9,28197,7038.0,21159.0,300.64
,2021-12-01,2021,202112,Проездная,Rubok,RB grou-5163,11,24420,8602.0,15818.0,183.89
,2022-01-01,2022,202201,Проездная,Rubok,RB grou-5163,16,45744,12512.0,33232.0,265.6
,2022-02-01,2022,202202,Проездная,Rubok,RB grou-5163,10,26020,7820.0,18200.0,232.74
,2022-03-01,2022,202203,Проездная,Rubok,RB grou-5163,8,22336,6256.0,16080.0,257.03
,2022-04-01,2022,202204,Проездная,Rubok,RB grou-5163,15,52965,11730.0,41235.0,351.53
,2022-05-01,2022,202205,Проездная,Rubok,RB grou-5163,19,67963,14858.0,53105.0,357.42
,2022-06-01,2022,202206,Проездная,Rubok,RB grou-5163,18,47052,14076.0,32976.0,234.27
,2022-07-01,2022,202207,Проездная,Rubok,RB grou-5163,19,24092,14858.0,9234.0,62.15
,2022-08-01,2022,202208,Проездная,Rubok,RB grou-5163,16,40896,12512.0,28384.0,226.85
,2022-09-01,2022,202209,Проездная,Rubok,RB grou-5163,17,47175,13294.0,33881.0,254.86
,2022-10-01,2022,202210,Проездная,Rubok,RB grou-5163,14,47978,10948.0,37030.0,338.24
,2022-11-01,2022,202211,Проездная,Rubok,RB grou-5163,10,25030,7820.0,17210.0,220.08
,2022-12-01,2022,202212,Проездная,Rubok,RB grou-5163,12,25932,9384.0,16548.0,176.34
,2021-01-01,2021,202101,Проездная,Rubok,RB gre-1678,13,61906,22750.0,39156.0,172.11
,2021-02-01,2021,202102,Проездная,Rubok,RB gre-1678,8,42552,14000.0,28552.0,203.94
,2021-03-01,2021,202103,Проездная,Rubok,RB gre-1678,7,24759,12250.0,12509.0,102.11
,2021-04-01,2021,202104,Проездная,Rubok,RB gre-1678,12,59820,21000.0,38820.0,184.86
,2021-05-01,2021,202105,Проездная,Rubok,RB gre-1678,16,78304,28000.0,50304.0,179.66
,2021-06-01,2021,202106,Проездная,Rubok,RB gre-1678,15,79440,26250.0,53190.0,202.63
,2021-07-01,2021,202107,Проездная,Rubok,RB gre-1678,16,57360,28000.0,29360.0,104.86
,2021-08-01,2021,202108,Проездная,Rubok,RB gre-1678,13,48438,22750.0,25688.0,112.91
,2021-09-01,2021,202109,Проездная,Rubok,RB gre-1678,14,61894,24500.0,37394.0,152.63
,2021-10-01,2021,202110,Проездная,Rubok,RB gre-1678,12,63672,21000.0,42672.0,203.2
,2021-11-01,2021,202111,Проездная,Rubok,RB gre-1678,8,34840,14000.0,20840.0,148.86
,2021-12-01,2021,202112,Проездная,Rubok,RB gre-1678,10,41100,17500.0,23600.0,134.86
,2022-01-01,2022,202201,Проездная,Rubok,RB gre-1678,15,68985,26250.0,42735.0,162.8
,2022-02-01,2022,202202,Проездная,Rubok,RB gre-1678,9,42534,15750.0,26784.0,170.06
,2022-03-01,2022,202203,Проездная,Rubok,RB gre-1678,8,32336,14000.0,18336.0,130.97
,2022-04-01,2022,202204,Проездная,Rubok,RB gre-1678,14,65324,24500.0,40824.0,166.63
,2022-05-01,2022,202205,Проездная,Rubok,RB gre-1678,17,83470,29750.0,53720.0,180.57
,2022-06-01,2022,202206,Проездная,Rubok,RB gre-1678,16,78304,28000.0,50304.0,179.66
,2022-07-01,2022,202207,Проездная,Rubok,RB gre-1678,17,60061,29750.0,30311.0,101.89
,2022-08-01,2022,202208,Проездная,Rubok,RB gre-1678,15,71775,26250.0,45525.0,173.43
,2022-09-01,2022,202209,Проездная,Rubok,RB gre-1678,15,61845,26250.0,35595.0,135.6
,2022-10-01,2022,202210,Проездная,Rubok,RB gre-1678,13,57707,22750.0,34957.0,153.66
,2022-11-01,2022,202211,Проездная,Rubok,RB gre-1678,9,45972,15750.0,30222.0,191.89
,2022-12-01,2022,202212,Проездная,Rubok,RB gre-1678,11,44847,19250.0,25597.0,132.97
,2021-01-01,2021,202101,Проездная,Rubok,RB earth-5369,12,66492,30240.0,36252.0,119.88
,2021-02-01,2021,202102,Проездная,Rubok,RB earth-5369,8,46704,20160.0,26544.0,131.67
,2021-03-01,2021,202103,Проездная,Rubok,RB earth-5369,6,28638,15120.0,13518.0,89.4
,2021-04-01,2021,202104,Проездная,Rubok,RB earth-5369,11,61215,27720.0,33495.0,120.83
,2021-05-01,2021,202105,Проездная,Rubok,RB earth-5369,14,89404,35280.0,54124.0,153.41
,2021-06-01,2021,202106,Проездная,Rubok,RB earth-5369,13,74906,32760.0,42146.0,128.65
,2021-07-01,2021,202107,Проездная,Rubok,RB earth-5369,14,57498,35280.0,22218.0,62.98
,2021-08-01,2021,202108,Проездная,Rubok,RB earth-5369,12,65064,30240.0,34824.0,115.16
,2021-09-01,2021,202109,Проездная,Rubok,RB earth-5369,13,64155,32760.0,31395.0,95.83
,2021-10-01,2021,202110,Проездная,Rubok,RB earth-5369,11,63459,27720.0,35739.0,128.93
,2021-11-01,2021,202111,Проездная,Rubok,RB earth-5369,8,47432,20160.0,27272.0,135.28
,2021-12-01,2021,202112,Проездная,Rubok,RB earth-5369,9,45153,22680.0,22473.0,99.09
,2022-01-01,2022,202201,Проездная,Rubok,RB earth-5369,13,65858,32760.0,33098.0,101.03
,2022-02-01,2022,202202,Проездная,Rubok,RB earth-5369,8,44448,20160.0,24288.0,120.48
,2022-03-01,2022,202203,Проездная,Rubok,RB earth-5369,7,36302,17640.0,18662.0,105.79
,2022-04-01,2022,202204,Проездная,Rubok,RB earth-5369,12,76392,30240.0,46152.0,152.62
,2022-05-01,2022,202205,Проездная,Rubok,RB earth-5369,16,100256,40320.0,59936.0,148.65
,2022-06-01,2022,202206,Проездная,Rubok,RB earth-5369,15,89415,37800.0,51615.0,136.55
,2022-07-01,2022,202207,Проездная,Rubok,RB earth-5369,16,58576,40320.0,18256.0,45.28
,2022-08-01,2022,202208,Проездная,Rubok,RB earth-5369,13,62634,32760.0,29874.0,91.19
,2022-09-01,2022,202209,Проездная,Rubok,RB earth-5369,14,66906,35280.0,31626.0,89.64
,2022-10-01,2022,202210,Проездная,Rubok,RB earth-5369,12,64512,30240.0,34272.0,113.33
,2022-11-01,2022,202211,Проездная,Rubok,RB earth-5369,8,47792,20160.0,27632.0,137.06
,2022-12-01,2022,202212,Проездная,Rubok,RB earth-5369,10,56720,25200.0,31520.0,125.08
,2021-01-01,2021,202101,Проездная,Rubok,RB ais-8935,15,50640,13860.0,36780.0,265.37
,2021-02-01,2021,202102,Проездная,Rubok,RB ais-8935,10,38810,9240.0,29570.0,320.02
,2021-03-01,2021,202103,Проездная,Rubok,RB ais-8935,8,24784,7392.0,17392.0,235.28
,2021-04-01,2021,202104,Проездная,Rubok,RB ais-8935,14,57876,12936.0,44940.0,347.4
,2021-05-01,2021,202105,Проездная,Rubok,RB ais-8935,18,75438,16632.0,58806.0,353.57
,2021-06-01,2021,202106,Проездная,Rubok,RB ais-8935,17,56593,15708.0,40885.0,260.28
,2021-07-01,2021,202107,Проездная,Rubok,RB ais-8935,18,31302,16632.0,14670.0,88.2
,2021-08-01,2021,202108,Проездная,Rubok,RB ais-8935,15,48465,13860.0,34605.0,249.68
,2021-09-01,2021,202109,Проездная,Rubok,RB ais-8935,16,42944,14784.0,28160.0,190.48
,2021-10-01,2021,202110,Проездная,Rubok,RB ais-8935,13,52663,12012.0,40651.0,338.42
,2021-11-01,2021,202111,Проездная,Rubok,RB ais-8935,10,33040,9240.0,23800.0,257.58
,2021-12-01,2021,202112,Проездная,Rubok,RB ais-8935,12,42108,11088.0,31020.0,279.76
,2022-01-01,2022,202201,Проездная,Rubok,RB ais-8935,17,56015,15708.0,40307.0,256.6
,2022-02-01,2022,202202,Проездная,Rubok,RB ais-8935,11,40392,10164.0,30228.0,297.4
,2022-03-01,2022,202203,Проездная,Rubok,RB ais-8935,9,26964,8316.0,18648.0,224.24
,2022-04-01,2022,202204,Проездная,Rubok,RB ais-8935,16,54432,14784.0,39648.0,268.18
,2022-05-01,2022,202205,Проездная,Rubok,RB ais-8935,20,78800,18480.0,60320.0,326.41
,2022-06-01,2022,202206,Проездная,Rubok,RB ais-8935,19,72637,17556.0,55081.0,313.74
,2022-07-01,2022,202207,Проездная,Rubok,RB ais-8935,20,31360,18480.0,12880.0,69.7
,2022-08-01,2022,202208,Проездная,Rubok,RB ais-8935,17,48144,15708.0,32436.0,206.49
,2022-09-01,2022,202209,Проездная,Rubok,RB ais-8935,18,54378,16632.0,37746.0,226.95
,2022-10-01,2022,202210,Проездная,Rubok,RB ais-8935,15,51900,13860.0,38040.0,274.46
,2022-11-01,2022,202211,Проездная,Rubok,RB ais-8935,11,38434,10164.0,28270.0,278.14
,2022-12-01,2022,202212,Проездная,Rubok,RB ais-8935,13,30186,12012.0,18174.0,151.3
,2021-01-01,2021,202101,Проездная,Rubok,RB ice-6256,12,43956,13104.0,30852.0,235.44
,2021-02-01,2021,202102,Проездная,Rubok,RB ice-6256,8,30784,8736.0,22048.0,252.38
,2021-03-01,2021,202103,Проездная,Rubok,RB ice-6256,6,17610,6552.0,11058.0,168.77
,2021-04-01,2021,202104,Проездная,Rubok,RB ice-6256,12,52536,13104.0,39432.0,300.92
,2021-05-01,2021,202105,Проездная,Rubok,RB ice-6256,14,60158,15288.0,44870.0,293.5
,2021-06-01,2021,202106,Проездная,Rubok,RB ice-6256,14,55118,15288.0,39830.0,260.53
,2021-07-01,2021,202107,Проездная,Rubok,RB ice-6256,14,34622,15288.0,19334.0,126.47
,2021-08-01,2021,202108,Проездная,Rubok,RB ice-6256,12,37812,13104.0,24708.0,188.55
,2021-09-01,2021,202109,Проездная,Rubok,RB ice-6256,13,44148,14196.0,29952.0,210.99
,2021-10-01,2021,202110,Проездная,Rubok,RB ice-6256,11,42526,12012.0,30514.0,254.03
,2021-11-01,2021,202111,Проездная,Rubok,RB ice-6256,8,33232,8736.0,24496.0,280.4
,2021-12-01,2021,202112,Проездная,Rubok,RB ice-6256,9,28800,9828.0,18972.0,193.04
,2022-01-01,2022,202201,Проездная,Rubok,RB ice-6256,13,41717,14196.0,27521.0,193.86
,2022-02-01,2022,202202,Проездная,Rubok,RB ice-6256,9,37701,9828.0,27873.0,283.61
,2022-03-01,2022,202203,Проездная,Rubok,RB ice-6256,7,27692,7644.0,20048.0,262.27
,2022-04-01,2022,202204,Проездная,Rubok,RB ice-6256,13,61256,14196.0,47060.0,331.5
,2022-05-01,2022,202205,Проездная,Rubok,RB ice-6256,16,79024,17472.0,61552.0,352.29
,2022-06-01,2022,202206,Проездная,Rubok,RB ice-6256,15,57345,16380.0,40965.0,250.09
,2022-07-01,2022,202207,Проездная,Rubok,RB ice-6256,16,30336,17472.0,12864.0,73.63
,2022-08-01,2022,202208,Проездная,Rubok,RB ice-6256,13,38233,14196.0,24037.0,169.32
,2022-09-01,2022,202209,Проездная,Rubok,RB ice-6256,14,43876,15288.0,28588.0,187.0
,2022-10-01,2022,202210,Проездная,Rubok,RB ice-6256,12,43104,13104.0,30000.0,228.94
,2022-11-01,2022,202211,Проездная,Rubok,RB ice-6256,9,37107,9828.0,27279.0,277.56
,2022-12-01,2022,202212,Проездная,Rubok,RB ice-6256,10,33030,10920.0,22110.0,202.47
,2021-01-01,2021,202101,Проездная,Rubok,RB ai-9349,16,54496,13984.0,40512.0,289.7
,2021-02-01,2021,202102,Проездная,Rubok,RB ai-9349,10,28020,8740.0,19280.0,220.59
,2021-03-01,2021,202103,Проездная,Rubok,RB ai-9349,8,24056,6992.0,17064.0,244.05
,2021-04-01,2021,202104,Проездная,Rubok,RB ai-9349,15,53160,13110.0,40050.0,305.49
,2021-05-01,2021,202105,Проездная,Rubok,RB ai-9349,18,76032,15732.0,60300.0,383.3
,2021-06-01,2021,202106,Проездная,Rubok,RB ai-9349,17,51068,14858.0,36210.0,243.71
,2021-07-01,2021,202107,Проездная,Rubok,RB ai-9349,18,30546,15732.0,14814.0,94.16
,2021-08-01,2021,202108,Проездная,Rubok,RB ai-9349,16,30928,13984.0,16944.0,121.17
,2021-09-01,2021,202109,Проездная,Rubok,RB ai-9349,17,48433,14858.0,33575.0,225.97
,2021-10-01,2021,202110,Проездная,Rubok,RB ai-9349,14,54264,12236.0,42028.0,343.48
,2021-11-01,2021,202111,Проездная,Rubok,RB ai-9349,10,28670,8740.0,19930.0,228.03
,2021-12-01,2021,202112,Проездная,Rubok,RB ai-9349,12,34080,10488.0,23592.0,224.94
,2022-01-01,2022,202201,Проездная,Rubok,RB ai-9349,17,45917,14858.0,31059.0,209.04
,2022-02-01,2022,202202,Проездная,Rubok,RB ai-9349,11,35783,9614.0,26169.0,272.2
,2022-03-01,2022,202203,Проездная,Rubok,RB ai-9349,9,23229,7866.0,15363.0,195.31
,2022-04-01,2022,202204,Проездная,Rubok,RB ai-9349,16,51696,13984.0,37712.0,269.68
,2022-05-01,2022,202205,Проездная,Rubok,RB ai-9349,20,71780,17480.0,54300.0,310.64
,2022-06-01,2022,202206,Проездная,Rubok,RB ai-9349,19,62320,16606.0,45714.0,275.29
,2022-07-01,2022,202207,Проездная,Rubok,RB ai-9349,20,30600,17480.0,13120.0,75.06
,2022-08-01,2022,202208,Проездная,Rubok,RB ai-9349,17,39559,14858.0,24701.0,166.25
,2022-09-01,2022,202209,Проездная,Rubok,RB ai-9349,18,49464,15732.0,33732.0,214.42
,2022-10-01,2022,202210,Проездная,Rubok,RB ai-9349,15,45420,13110.0,32310.0,246.45
,2022-11-01,2022,202211,Проездная,Rubok,RB ai-9349,11,30910,9614.0,21296.0,221.51
,2022-12-01,2022,202212,Проездная,Rubok,RB ai-9349,13,37414,11362.0,26052.0,229.29
,2021-01-01,2021,202101,ТЦ Ивановский,Galosha,KA air-9558,90,1006740,540000.0,466740.0,86.43
,2021-02-01,2021,202102,ТЦ Ивановский,Galosha,KA air-9558,57,619932,342000.0,277932.0,81.27
,2021-03-01,2021,202103,ТЦ Ивановский,Galosha,KA air-9558,45,465705,270000.0,195705.0,72.48
,2021-04-01,2021,202104,ТЦ Ивановский,Galosha,KA air-9558,85,1004190,510000.0,494190.0,96.9
,2021-05-01,2021,202105,ТЦ Ивановский,Galosha,KA air-9558,107,1263242,642000.0,621242.0,96.77
,2021-06-01,2021,202106,ТЦ Ивановский,Galosha,KA air-9558,101,1081811,606000.0,475811.0,78.52
,2021-07-01,2021,202107,ТЦ Ивановский,Galosha,KA air-9558,107,999594,642000.0,357594.0,55.7
,2021-08-01,2021,202108,ТЦ Ивановский,Galosha,KA air-9558,90,947970,540000.0,407970.0,75.55
,2021-09-01,2021,202109,ТЦ Ивановский,Galosha,KA air-9558,96,995520,576000.0,419520.0,72.83
,2021-10-01,2021,202110,ТЦ Ивановский,Galosha,KA air-9558,79,911344,474000.0,437344.0,92.27
,2021-11-01,2021,202111,ТЦ Ивановский,Galosha,KA air-9558,57,675621,342000.0,333621.0,97.55
,2021-12-01,2021,202112,ТЦ Ивановский,Galosha,KA air-9558,68,752896,408000.0,344896.0,84.53
,2022-01-01,2022,202201,ТЦ Ивановский,Galosha,KA air-9558,99,1117512,594000.0,523512.0,88.13
,2022-02-01,2022,202202,ТЦ Ивановский,Galosha,KA air-9558,62,690246,372000.0,318246.0,85.55
,2022-03-01,2022,202203,ТЦ Ивановский,Galosha,KA air-9558,50,542000,300000.0,242000.0,80.67
,2022-04-01,2022,202204,ТЦ Ивановский,Galosha,KA air-9558,93,1102143,558000.0,544143.0,97.52
,2022-05-01,2022,202205,ТЦ Ивановский,Galosha,KA air-9558,118,1391456,708000.0,683456.0,96.53
,2022-06-01,2022,202206,ТЦ Ивановский,Galosha,KA air-9558,111,1262403,666000.0,596403.0,89.55
,2022-07-01,2022,202207,ТЦ Ивановский,Galosha,KA air-9558,118,1154276,708000.0,446276.0,63.03
,2022-08-01,2022,202208,ТЦ Ивановский,Galosha,KA air-9558,99,1035342,594000.0,441342.0,74.3
,2022-09-01,2022,202209,ТЦ Ивановский,Galosha,KA air-9558,105,1138830,630000.0,508830.0,80.77
,2022-10-01,2022,202210,ТЦ Ивановский,Galosha,KA air-9558,87,960306,522000.0,438306.0,83.97
,2022-11-01,2022,202211,ТЦ Ивановский,Galosha,KA air-9558,62,683054,372000.0,311054.0,83.62
,2022-12-01,2022,202212,ТЦ Ивановский,Galosha,KA air-9558,74,804528,444000.0,360528.0,81.2
,2021-01-01,2021,202101,ТЦ Ивановский,Galosha,KA grou-7567,83,1058748,587640.0,471108.0,80.17
,2021-02-01,2021,202102,ТЦ Ивановский,Galosha,KA grou-7567,52,699556,368160.0,331396.0,90.01
,2021-03-01,2021,202103,ТЦ Ивановский,Galosha,KA grou-7567,42,547974,297360.0,250614.0,84.28
,2021-04-01,2021,202104,ТЦ Ивановский,Galosha,KA grou-7567,77,1110109,545160.0,564949.0,103.63
,2021-05-01,2021,202105,ТЦ Ивановский,Galosha,KA grou-7567,98,1376214,693840.0,682374.0,98.35
,2021-06-01,2021,202106,ТЦ Ивановский,Galosha,KA grou-7567,93,1261173,658440.0,602733.0,91.54
,2021-07-01,2021,202107,ТЦ Ивановский,Galosha,KA grou-7567,98,1183448,693840.0,489608.0,70.56
,2021-08-01,2021,202108,ТЦ Ивановский,Galosha,KA grou-7567,83,1037583,587640.0,449943.0,76.57
,2021-09-01,2021,202109,ТЦ Ивановский,Galosha,KA grou-7567,88,1110208,623040.0,487168.0,78.19
,2021-10-01,2021,202110,ТЦ Ивановский,Galosha,KA grou-7567,72,957096,509760.0,447336.0,87.75
,2021-11-01,2021,202111,ТЦ Ивановский,Galosha,KA grou-7567,52,658632,368160.0,290472.0,78.9
,2021-12-01,2021,202112,ТЦ Ивановский,Galosha,KA grou-7567,62,769358,438960.0,330398.0,75.27
,2022-01-01,2022,202201,ТЦ Ивановский,Galosha,KA grou-7567,91,1182272,644280.0,537992.0,83.5
,2022-02-01,2022,202202,ТЦ Ивановский,Galosha,KA grou-7567,57,783009,403560.0,379449.0,94.03
,2022-03-01,2022,202203,ТЦ Ивановский,Galosha,KA grou-7567,46,580658,325680.0,254978.0,78.29
,2022-04-01,2022,202204,ТЦ Ивановский,Galosha,KA grou-7567,85,1209040,601800.0,607240.0,100.9
,2022-05-01,2022,202205,ТЦ Ивановский,Galosha,KA grou-7567,108,1521504,764640.0,756864.0,98.98
,2022-06-01,2022,202206,ТЦ Ивановский,Galosha,KA grou-7567,102,1370880,722160.0,648720.0,89.83
,2022-07-01,2022,202207,ТЦ Ивановский,Galosha,KA grou-7567,108,1247508,764640.0,482868.0,63.15
,2022-08-01,2022,202208,ТЦ Ивановский,Galosha,KA grou-7567,91,1179269,644280.0,534989.0,83.04
,2022-09-01,2022,202209,ТЦ Ивановский,Galosha,KA grou-7567,96,1272288,679680.0,592608.0,87.19
,2022-10-01,2022,202210,ТЦ Ивановский,Galosha,KA grou-7567,80,1108160,566400.0,541760.0,95.65
,2022-11-01,2022,202211,ТЦ Ивановский,Galosha,KA grou-7567,57,754452,403560.0,350892.0,86.95
,2022-12-01,2022,202212,ТЦ Ивановский,Galosha,KA grou-7567,68,889848,481440.0,408408.0,84.83
,2021-01-01,2021,202101,ТЦ Ивановский,Galosha,KA gre-2749,83,2156921,871500.0,1285421.0,147.5
,2021-02-01,2021,202102,ТЦ Ивановский,Galosha,KA gre-2749,52,1360372,546000.0,814372.0,149.15
,2021-03-01,2021,202103,ТЦ Ивановский,Galosha,KA gre-2749,42,1058358,441000.0,617358.0,139.99
,2021-04-01,2021,202104,ТЦ Ивановский,Galosha,KA gre-2749,77,2112341,808500.0,1303841.0,161.27
,2021-05-01,2021,202105,ТЦ Ивановский,Galosha,KA gre-2749,98,2667560,1029000.0,1638560.0,159.24
,2021-06-01,2021,202106,ТЦ Ивановский,Galosha,KA gre-2749,93,2458827,976500.0,1482327.0,151.8
,2021-07-01,2021,202107,ТЦ Ивановский,Galosha,KA gre-2749,98,2488710,1029000.0,1459710.0,141.86
,2021-08-01,2021,202108,ТЦ Ивановский,Galosha,KA gre-2749,83,2080561,871500.0,1209061.0,138.73
,2021-09-01,2021,202109,ТЦ Ивановский,Galosha,KA gre-2749,88,2315456,924000.0,1391456.0,150.59
,2021-10-01,2021,202110,ТЦ Ивановский,Galosha,KA gre-2749,72,1917144,756000.0,1161144.0,153.59
,2021-11-01,2021,202111,ТЦ Ивановский,Galosha,KA gre-2749,52,1374048,546000.0,828048.0,151.66
,2021-12-01,2021,202112,ТЦ Ивановский,Galosha,KA gre-2749,62,1580814,651000.0,929814.0,142.83
,2022-01-01,2022,202201,ТЦ Ивановский,Galosha,KA gre-2749,91,2404129,955500.0,1448629.0,151.61
,2022-02-01,2022,202202,ТЦ Ивановский,Galosha,KA gre-2749,57,1499898,598500.0,901398.0,150.61
,2022-03-01,2022,202203,ТЦ Ивановский,Galosha,KA gre-2749,46,1175024,483000.0,692024.0,143.28
,2022-04-01,2022,202204,ТЦ Ивановский,Galosha,KA gre-2749,85,2277490,892500.0,1384990.0,155.18
,2022-05-01,2022,202205,ТЦ Ивановский,Galosha,KA gre-2749,108,2908440,1134000.0,1774440.0,156.48
,2022-06-01,2022,202206,ТЦ Ивановский,Galosha,KA gre-2749,102,2666484,1071000.0,1595484.0,148.97
,2022-07-01,2022,202207,ТЦ Ивановский,Galosha,KA gre-2749,108,2614248,1134000.0,1480248.0,130.53
,2022-08-01,2022,202208,ТЦ Ивановский,Galosha,KA gre-2749,91,2337517,955500.0,1382017.0,144.64
,2022-09-01,2022,202209,ТЦ Ивановский,Galosha,KA gre-2749,96,2498400,1008000.0,1490400.0,147.86
,2022-10-01,2022,202210,ТЦ Ивановский,Galosha,KA gre-2749,80,2115840,840000.0,1275840.0,151.89
,2022-11-01,2022,202211,ТЦ Ивановский,Galosha,KA gre-2749,57,1493172,598500.0,894672.0,149.49
,2022-12-01,2022,202212,ТЦ Ивановский,Galosha,KA gre-2749,68,1754468,714000.0,1040468.0,145.72
,2021-01-01,2021,202101,ТЦ Ивановский,Galosha,KA earth-3018,89,1645432,665720.0,979712.0,147.17
,2021-02-01,2021,202102,ТЦ Ивановский,Galosha,KA earth-3018,56,1062880,418880.0,644000.0,153.74
,2021-03-01,2021,202103,ТЦ Ивановский,Galosha,KA earth-3018,45,773595,336600.0,436995.0,129.83
,2021-04-01,2021,202104,ТЦ Ивановский,Galosha,KA earth-3018,84,1567608,628320.0,939288.0,149.49
,2021-05-01,2021,202105,ТЦ Ивановский,Galosha,KA earth-3018,106,1997676,792880.0,1204796.0,151.95
,2021-06-01,2021,202106,ТЦ Ивановский,Galosha,KA earth-3018,101,1842644,755480.0,1087164.0,143.9
,2021-07-01,2021,202107,ТЦ Ивановский,Galosha,KA earth-3018,106,1771684,792880.0,978804.0,123.45
,2021-08-01,2021,202108,ТЦ Ивановский,Galosha,KA earth-3018,89,1618109,665720.0,952389.0,143.06
,2021-09-01,2021,202109,ТЦ Ивановский,Galosha,KA earth-3018,95,1714370,710600.0,1003770.0,141.26
,2021-10-01,2021,202110,ТЦ Ивановский,Galosha,KA earth-3018,78,1467804,583440.0,884364.0,151.58
,2021-11-01,2021,202111,ТЦ Ивановский,Galosha,KA earth-3018,56,1019536,418880.0,600656.0,143.4
,2021-12-01,2021,202112,ТЦ Ивановский,Galosha,KA earth-3018,67,1199099,501160.0,697939.0,139.26
,2022-01-01,2022,202201,ТЦ Ивановский,Galosha,KA earth-3018,98,1750574,733040.0,1017534.0,138.81
,2022-02-01,2022,202202,ТЦ Ивановский,Galosha,KA earth-3018,62,1117302,463760.0,653542.0,140.92
,2022-03-01,2022,202203,ТЦ Ивановский,Galosha,KA earth-3018,49,886900,366520.0,520380.0,141.98
,2022-04-01,2022,202204,ТЦ Ивановский,Galosha,KA earth-3018,92,1683232,688160.0,995072.0,144.6
,2022-05-01,2022,202205,ТЦ Ивановский,Galosha,KA earth-3018,117,2207790,875160.0,1332630.0,152.27
,2022-06-01,2022,202206,ТЦ Ивановский,Galosha,KA earth-3018,111,2075922,830280.0,1245642.0,150.03
,2022-07-01,2022,202207,ТЦ Ивановский,Galosha,KA earth-3018,117,1968642,875160.0,1093482.0,124.95
,2022-08-01,2022,202208,ТЦ Ивановский,Galosha,KA earth-3018,98,1666686,733040.0,933646.0,127.37
,2022-09-01,2022,202209,ТЦ Ивановский,Galosha,KA earth-3018,104,1898312,777920.0,1120392.0,144.02
,2022-10-01,2022,202210,ТЦ Ивановский,Galosha,KA earth-3018,86,1628668,643280.0,985388.0,153.18
,2022-11-01,2022,202211,ТЦ Ивановский,Galosha,KA earth-3018,62,1149666,463760.0,685906.0,147.9
,2022-12-01,2022,202212,ТЦ Ивановский,Galosha,KA earth-3018,74,1299588,553520.0,746068.0,134.79
,2021-01-01,2021,202101,ТЦ Ивановский,Galosha,KA ais-3700,70,2166710,1176000.0,990710.0,84.24
,2021-02-01,2021,202102,ТЦ Ивановский,Galosha,KA ais-3700,44,1393084,739200.0,653884.0,88.46
,2021-03-01,2021,202103,ТЦ Ивановский,Galosha,KA ais-3700,35,1078980,588000.0,490980.0,83.5
,2021-04-01,2021,202104,ТЦ Ивановский,Galosha,KA ais-3700,65,2049775,1092000.0,957775.0,87.71
,2021-05-01,2021,202105,ТЦ Ивановский,Galosha,KA ais-3700,83,2643467,1394400.0,1249067.0,89.58
,2021-06-01,2021,202106,ТЦ Ивановский,Galosha,KA ais-3700,78,2441634,1310400.0,1131234.0,86.33
,2021-07-01,2021,202107,ТЦ Ивановский,Galosha,KA ais-3700,83,2436714,1394400.0,1042314.0,74.75
,2021-08-01,2021,202108,ТЦ Ивановский,Galosha,KA ais-3700,70,2165800,1176000.0,989800.0,84.17
,2021-09-01,2021,202109,ТЦ Ивановский,Galosha,KA ais-3700,74,2308800,1243200.0,1065600.0,85.71
,2021-10-01,2021,202110,ТЦ Ивановский,Galosha,KA ais-3700,61,1911008,1024800.0,886208.0,86.48
,2021-11-01,2021,202111,ТЦ Ивановский,Galosha,KA ais-3700,44,1361360,739200.0,622160.0,84.17
,2021-12-01,2021,202112,ТЦ Ивановский,Galosha,KA ais-3700,52,1581476,873600.0,707876.0,81.03
,2022-01-01,2022,202201,ТЦ Ивановский,Galosha,KA ais-3700,77,2413026,1293600.0,1119426.0,86.54
,2022-02-01,2022,202202,ТЦ Ивановский,Galosha,KA ais-3700,48,1511568,806400.0,705168.0,87.45
,2022-03-01,2022,202203,ТЦ Ивановский,Galosha,KA ais-3700,39,1191489,655200.0,536289.0,81.85
,2022-04-01,2022,202204,ТЦ Ивановский,Galosha,KA ais-3700,72,2313432,1209600.0,1103832.0,91.26
,2022-05-01,2022,202205,ТЦ Ивановский,Galosha,KA ais-3700,91,2924376,1528800.0,1395576.0,91.29
,2022-06-01,2022,202206,ТЦ Ивановский,Galosha,KA ais-3700,86,2703668,1444800.0,1258868.0,87.13
,2022-07-01,2022,202207,ТЦ Ивановский,Galosha,KA ais-3700,91,2768948,1528800.0,1240148.0,81.12
,2022-08-01,2022,202208,ТЦ Ивановский,Galosha,KA ais-3700,77,2374064,1293600.0,1080464.0,83.52
,2022-09-01,2022,202209,ТЦ Ивановский,Galosha,KA ais-3700,81,2481678,1360800.0,1120878.0,82.37
,2022-10-01,2022,202210,ТЦ Ивановский,Galosha,KA ais-3700,67,2109227,1125600.0,983627.0,87.39
,2022-11-01,2022,202211,ТЦ Ивановский,Galosha,KA ais-3700,48,1518960,806400.0,712560.0,88.36
,2022-12-01,2022,202212,ТЦ Ивановский,Galosha,KA ais-3700,58,1810876,974400.0,836476.0,85.85
,2021-01-01,2021,202101,ТЦ Ивановский,Galosha,KA ice-7591,67,1102619,412050.0,690569.0,167.59
,2021-02-01,2021,202102,ТЦ Ивановский,Galosha,KA ice-7591,42,680400,258300.0,422100.0,163.41
,2021-03-01,2021,202103,ТЦ Ивановский,Galosha,KA ice-7591,34,528462,209100.0,319362.0,152.73
,2021-04-01,2021,202104,ТЦ Ивановский,Galosha,KA ice-7591,62,1024674,381300.0,643374.0,168.73
,2021-05-01,2021,202105,ТЦ Ивановский,Galosha,KA ice-7591,79,1350426,485850.0,864576.0,177.95
,2021-06-01,2021,202106,ТЦ Ивановский,Galosha,KA ice-7591,75,1187325,461250.0,726075.0,157.41
,2021-07-01,2021,202107,ТЦ Ивановский,Galosha,KA ice-7591,79,1215494,485850.0,729644.0,150.18
,2021-08-01,2021,202108,ТЦ Ивановский,Galosha,KA ice-7591,67,1042051,412050.0,630001.0,152.89
,2021-09-01,2021,202109,ТЦ Ивановский,Galosha,KA ice-7591,71,1096098,436650.0,659448.0,151.02
,2021-10-01,2021,202110,ТЦ Ивановский,Galosha,KA ice-7591,58,940180,356700.0,583480.0,163.58
,2021-11-01,2021,202111,ТЦ Ивановский,Galosha,KA ice-7591,42,701232,258300.0,442932.0,171.48
,2021-12-01,2021,202112,ТЦ Ивановский,Galosha,KA ice-7591,50,794000,307500.0,486500.0,158.21
,2022-01-01,2022,202201,ТЦ Ивановский,Galosha,KA ice-7591,73,1133325,448950.0,684375.0,152.44
,2022-02-01,2022,202202,ТЦ Ивановский,Galosha,KA ice-7591,46,728824,282900.0,445924.0,157.63
,2022-03-01,2022,202203,ТЦ Ивановский,Galosha,KA ice-7591,37,595737,227550.0,368187.0,161.8
,2022-04-01,2022,202204,ТЦ Ивановский,Galosha,KA ice-7591,69,1192320,424350.0,767970.0,180.98
,2022-05-01,2022,202205,ТЦ Ивановский,Galosha,KA ice-7591,87,1506405,535050.0,971355.0,181.54
,2022-06-01,2022,202206,ТЦ Ивановский,Galosha,KA ice-7591,82,1376698,504300.0,872398.0,172.99
,2022-07-01,2022,202207,ТЦ Ивановский,Galosha,KA ice-7591,87,1258455,535050.0,723405.0,135.2
,2022-08-01,2022,202208,ТЦ Ивановский,Galosha,KA ice-7591,73,1151648,448950.0,702698.0,156.52
,2022-09-01,2022,202209,ТЦ Ивановский,Galosha,KA ice-7591,78,1264926,479700.0,785226.0,163.69
,2022-10-01,2022,202210,ТЦ Ивановский,Galosha,KA ice-7591,64,1039488,393600.0,645888.0,164.1
,2022-11-01,2022,202211,ТЦ Ивановский,Galosha,KA ice-7591,46,742532,282900.0,459632.0,162.47
,2022-12-01,2022,202212,ТЦ Ивановский,Galosha,KA ice-7591,55,879230,338250.0,540980.0,159.93
,2021-01-01,2021,202101,ТЦ Ивановский,Galosha,KA ai-2818,87,1078626,382800.0,695826.0,181.77
,2021-02-01,2021,202102,ТЦ Ивановский,Galosha,KA ai-2818,55,716485,242000.0,474485.0,196.07
,2021-03-01,2021,202103,ТЦ Ивановский,Galosha,KA ai-2818,44,491040,193600.0,297440.0,153.64
,2021-04-01,2021,202104,ТЦ Ивановский,Galosha,KA ai-2818,82,1063540,360800.0,702740.0,194.77
,2021-05-01,2021,202105,ТЦ Ивановский,Galosha,KA ai-2818,103,1318194,453200.0,864994.0,190.86
,2021-06-01,2021,202106,ТЦ Ивановский,Galosha,KA ai-2818,98,1223922,431200.0,792722.0,183.84
,2021-07-01,2021,202107,ТЦ Ивановский,Galosha,KA ai-2818,103,1096229,453200.0,643029.0,141.89
,2021-08-01,2021,202108,ТЦ Ивановский,Galosha,KA ai-2818,87,1039737,382800.0,656937.0,171.61
,2021-09-01,2021,202109,ТЦ Ивановский,Galosha,KA ai-2818,93,1065129,409200.0,655929.0,160.3
,2021-10-01,2021,202110,ТЦ Ивановский,Galosha,KA ai-2818,76,903412,334400.0,569012.0,170.16
,2021-11-01,2021,202111,ТЦ Ивановский,Galosha,KA ai-2818,55,672265,242000.0,430265.0,177.8
,2021-12-01,2021,202112,ТЦ Ивановский,Galosha,KA ai-2818,65,789750,286000.0,503750.0,176.14
,2022-01-01,2022,202201,ТЦ Ивановский,Galosha,KA ai-2818,96,1223136,422400.0,800736.0,189.57
,2022-02-01,2022,202202,ТЦ Ивановский,Galosha,KA ai-2818,60,759540,264000.0,495540.0,187.7
,2022-03-01,2022,202203,ТЦ Ивановский,Galosha,KA ai-2818,48,561936,211200.0,350736.0,166.07
,2022-04-01,2022,202204,ТЦ Ивановский,Galosha,KA ai-2818,90,1163430,396000.0,767430.0,193.8
,2022-05-01,2022,202205,ТЦ Ивановский,Galosha,KA ai-2818,114,1453842,501600.0,952242.0,189.84
,2022-06-01,2022,202206,ТЦ Ивановский,Galosha,KA ai-2818,108,1261548,475200.0,786348.0,165.48
,2022-07-01,2022,202207,ТЦ Ивановский,Galosha,KA ai-2818,114,1173516,501600.0,671916.0,133.95
,2022-08-01,2022,202208,ТЦ Ивановский,Galosha,KA ai-2818,96,1117824,422400.0,695424.0,164.64
,2022-09-01,2022,202209,ТЦ Ивановский,Galosha,KA ai-2818,102,1208598,448800.0,759798.0,169.3
,2022-10-01,2022,202210,ТЦ Ивановский,Galosha,KA ai-2818,84,1047144,369600.0,677544.0,183.32
,2022-11-01,2022,202211,ТЦ Ивановский,Galosha,KA ai-2818,60,711420,264000.0,447420.0,169.48
,2022-12-01,2022,202212,ТЦ Ивановский,Galosha,KA ai-2818,72,859680,316800.0,542880.0,171.36
,2021-01-01,2021,202101,ТЦ Ивановский,Babidas,BA air-5353,44,190476,79772.0,110704.0,138.78
,2021-02-01,2021,202102,ТЦ Ивановский,Babidas,BA air-5353,28,132048,50764.0,81284.0,160.12
,2021-03-01,2021,202103,ТЦ Ивановский,Babidas,BA air-5353,22,95634,39886.0,55748.0,139.77
,2021-04-01,2021,202104,ТЦ Ивановский,Babidas,BA air-5353,41,235012,74333.0,160679.0,216.16
,2021-05-01,2021,202105,ТЦ Ивановский,Babidas,BA air-5353,52,290524,94276.0,196248.0,208.16
,2021-06-01,2021,202106,ТЦ Ивановский,Babidas,BA air-5353,50,235350,90650.0,144700.0,159.62
,2021-07-01,2021,202107,ТЦ Ивановский,Babidas,BA air-5353,52,153868,94276.0,59592.0,63.21
,2021-08-01,2021,202108,ТЦ Ивановский,Babidas,BA air-5353,44,195668,79772.0,115896.0,145.28
,2021-09-01,2021,202109,ТЦ Ивановский,Babidas,BA air-5353,47,195426,85211.0,110215.0,129.34
,2021-10-01,2021,202110,ТЦ Ивановский,Babidas,BA air-5353,39,189657,70707.0,118950.0,168.23
,2021-11-01,2021,202111,ТЦ Ивановский,Babidas,BA air-5353,28,139944,50764.0,89180.0,175.68
,2021-12-01,2021,202112,ТЦ Ивановский,Babidas,BA air-5353,33,136158,59829.0,76329.0,127.58
,2022-01-01,2022,202201,ТЦ Ивановский,Babidas,BA air-5353,49,245784,88837.0,156947.0,176.67
,2022-02-01,2022,202202,ТЦ Ивановский,Babidas,BA air-5353,31,151342,56203.0,95139.0,169.28
,2022-03-01,2022,202203,ТЦ Ивановский,Babidas,BA air-5353,25,120675,45325.0,75350.0,166.24
,2022-04-01,2022,202204,ТЦ Ивановский,Babidas,BA air-5353,46,238004,83398.0,154606.0,185.38
,2022-05-01,2022,202205,ТЦ Ивановский,Babidas,BA air-5353,58,318014,105154.0,212860.0,202.43
,2022-06-01,2022,202206,ТЦ Ивановский,Babidas,BA air-5353,55,280445,99715.0,180730.0,181.25
,2022-07-01,2022,202207,ТЦ Ивановский,Babidas,BA air-5353,58,176668,105154.0,71514.0,68.01
,2022-08-01,2022,202208,ТЦ Ивановский,Babidas,BA air-5353,49,215012,88837.0,126175.0,142.03
,2022-09-01,2022,202209,ТЦ Ивановский,Babidas,BA air-5353,52,229788,94276.0,135512.0,143.74
,2022-10-01,2022,202210,ТЦ Ивановский,Babidas,BA air-5353,43,210141,77959.0,132182.0,169.55
,2022-11-01,2022,202211,ТЦ Ивановский,Babidas,BA air-5353,31,162440,56203.0,106237.0,189.02
,2022-12-01,2022,202212,ТЦ Ивановский,Babidas,BA air-5353,37,161468,67081.0,94387.0,140.71
,2021-01-01,2021,202101,ТЦ Ивановский,Babidas,BA grou-9248,35,141400,40250.0,101150.0,251.3
,2021-02-01,2021,202102,ТЦ Ивановский,Babidas,BA grou-9248,22,95062,25300.0,69762.0,275.74
,2021-03-01,2021,202103,ТЦ Ивановский,Babidas,BA grou-9248,18,68400,20700.0,47700.0,230.43
,2021-04-01,2021,202104,ТЦ Ивановский,Babidas,BA grou-9248,33,144606,37950.0,106656.0,281.04
,2021-05-01,2021,202105,ТЦ Ивановский,Babidas,BA grou-9248,41,195283,47150.0,148133.0,314.17
,2021-06-01,2021,202106,ТЦ Ивановский,Babidas,BA grou-9248,39,154635,44850.0,109785.0,244.78
,2021-07-01,2021,202107,ТЦ Ивановский,Babidas,BA grou-9248,41,81918,47150.0,34768.0,73.74
,2021-08-01,2021,202108,ТЦ Ивановский,Babidas,BA grou-9248,35,114870,40250.0,74620.0,185.39
,2021-09-01,2021,202109,ТЦ Ивановский,Babidas,BA grou-9248,37,131091,42550.0,88541.0,208.09
,2021-10-01,2021,202110,ТЦ Ивановский,Babidas,BA grou-9248,30,122700,34500.0,88200.0,255.65
,2021-11-01,2021,202111,ТЦ Ивановский,Babidas,BA grou-9248,22,76450,25300.0,51150.0,202.17
,2021-12-01,2021,202112,ТЦ Ивановский,Babidas,BA grou-9248,26,99970,29900.0,70070.0,234.35
,2022-01-01,2022,202201,ТЦ Ивановский,Babidas,BA grou-9248,38,121220,43700.0,77520.0,177.39
,2022-02-01,2022,202202,ТЦ Ивановский,Babidas,BA grou-9248,24,85920,27600.0,58320.0,211.3
,2022-03-01,2022,202203,ТЦ Ивановский,Babidas,BA grou-9248,19,49989,21850.0,28139.0,128.78
,2022-04-01,2022,202204,ТЦ Ивановский,Babidas,BA grou-9248,36,137484,41400.0,96084.0,232.09
,2022-05-01,2022,202205,ТЦ Ивановский,Babidas,BA grou-9248,45,222435,51750.0,170685.0,329.83
,2022-06-01,2022,202206,ТЦ Ивановский,Babidas,BA grou-9248,43,174279,49450.0,124829.0,252.43
,2022-07-01,2022,202207,ТЦ Ивановский,Babidas,BA grou-9248,45,113445,51750.0,61695.0,119.22
,2022-08-01,2022,202208,ТЦ Ивановский,Babidas,BA grou-9248,38,106362,43700.0,62662.0,143.39
,2022-09-01,2022,202209,ТЦ Ивановский,Babidas,BA grou-9248,40,155840,46000.0,109840.0,238.78
,2022-10-01,2022,202210,ТЦ Ивановский,Babidas,BA grou-9248,33,127578,37950.0,89628.0,236.17
,2022-11-01,2022,202211,ТЦ Ивановский,Babidas,BA grou-9248,24,85152,27600.0,57552.0,208.52
,2022-12-01,2022,202212,ТЦ Ивановский,Babidas,BA grou-9248,29,99296,33350.0,65946.0,197.74
,2021-01-01,2021,202101,ТЦ Ивановский,Babidas,BA gre-3658,45,178875,60030.0,118845.0,197.98
,2021-02-01,2021,202102,ТЦ Ивановский,Babidas,BA gre-3658,28,110544,37352.0,73192.0,195.95
,2021-03-01,2021,202103,ТЦ Ивановский,Babidas,BA gre-3658,23,93886,30682.0,63204.0,206.0
,2021-04-01,2021,202104,ТЦ Ивановский,Babidas,BA gre-3658,42,173250,56028.0,117222.0,209.22
,2021-05-01,2021,202105,ТЦ Ивановский,Babidas,BA gre-3658,53,240779,70702.0,170077.0,240.55
,2021-06-01,2021,202106,ТЦ Ивановский,Babidas,BA gre-3658,50,234050,66700.0,167350.0,250.9
,2021-07-01,2021,202107,ТЦ Ивановский,Babidas,BA gre-3658,53,114268,70702.0,43566.0,61.62
,2021-08-01,2021,202108,ТЦ Ивановский,Babidas,BA gre-3658,45,144225,60030.0,84195.0,140.25
,2021-09-01,2021,202109,ТЦ Ивановский,Babidas,BA gre-3658,47,204732,62698.0,142034.0,226.54
,2021-10-01,2021,202110,ТЦ Ивановский,Babidas,BA gre-3658,39,149565,52026.0,97539.0,187.48
,2021-11-01,2021,202111,ТЦ Ивановский,Babidas,BA gre-3658,28,137144,37352.0,99792.0,267.17
,2021-12-01,2021,202112,ТЦ Ивановский,Babidas,BA gre-3658,34,146506,45356.0,101150.0,223.01
,2022-01-01,2022,202201,ТЦ Ивановский,Babidas,BA gre-3658,49,186592,65366.0,121226.0,185.46
,2022-02-01,2022,202202,ТЦ Ивановский,Babidas,BA gre-3658,31,146909,41354.0,105555.0,255.25
,2022-03-01,2022,202203,ТЦ Ивановский,Babidas,BA gre-3658,25,92350,33350.0,59000.0,176.91
,2022-04-01,2022,202204,ТЦ Ивановский,Babidas,BA gre-3658,46,229678,61364.0,168314.0,274.29
,2022-05-01,2022,202205,ТЦ Ивановский,Babidas,BA gre-3658,58,261174,77372.0,183802.0,237.56
,2022-06-01,2022,202206,ТЦ Ивановский,Babidas,BA gre-3658,55,227040,73370.0,153670.0,209.45
,2022-07-01,2022,202207,ТЦ Ивановский,Babidas,BA gre-3658,58,130906,77372.0,53534.0,69.19
,2022-08-01,2022,202208,ТЦ Ивановский,Babidas,BA gre-3658,49,195853,65366.0,130487.0,199.63
,2022-09-01,2022,202209,ТЦ Ивановский,Babidas,BA gre-3658,52,180908,69368.0,111540.0,160.79
,2022-10-01,2022,202210,ТЦ Ивановский,Babidas,BA gre-3658,43,177332,57362.0,119970.0,209.15
,2022-11-01,2022,202211,ТЦ Ивановский,Babidas,BA gre-3658,31,130603,41354.0,89249.0,215.82
,2022-12-01,2022,202212,ТЦ Ивановский,Babidas,BA gre-3658,37,117179,49358.0,67821.0,137.41
,2021-01-01,2021,202101,ТЦ Ивановский,Babidas,BA earth-3530,37,185444,74592.0,110852.0,148.61
,2021-02-01,2021,202102,ТЦ Ивановский,Babidas,BA earth-3530,23,129697,46368.0,83329.0,179.71
,2021-03-01,2021,202103,ТЦ Ивановский,Babidas,BA earth-3530,19,92682,38304.0,54378.0,141.96
,2021-04-01,2021,202104,ТЦ Ивановский,Babidas,BA earth-3530,35,208215,70560.0,137655.0,195.09
,2021-05-01,2021,202105,ТЦ Ивановский,Babidas,BA earth-3530,44,266992,88704.0,178288.0,200.99
,2021-06-01,2021,202106,ТЦ Ивановский,Babidas,BA earth-3530,42,219366,84672.0,134694.0,159.08
,2021-07-01,2021,202107,ТЦ Ивановский,Babidas,BA earth-3530,44,170808,88704.0,82104.0,92.56
,2021-08-01,2021,202108,ТЦ Ивановский,Babidas,BA earth-3530,37,206201,74592.0,131609.0,176.44
,2021-09-01,2021,202109,ТЦ Ивановский,Babidas,BA earth-3530,39,203697,78624.0,125073.0,159.08
,2021-10-01,2021,202110,ТЦ Ивановский,Babidas,BA earth-3530,32,167968,64512.0,103456.0,160.37
,2021-11-01,2021,202111,ТЦ Ивановский,Babidas,BA earth-3530,23,129766,46368.0,83398.0,179.86
,2021-12-01,2021,202112,ТЦ Ивановский,Babidas,BA earth-3530,28,136108,56448.0,79660.0,141.12
,2022-01-01,2022,202201,ТЦ Ивановский,Babidas,BA earth-3530,41,220170,82656.0,137514.0,166.37
,2022-02-01,2022,202202,ТЦ Ивановский,Babidas,BA earth-3530,26,136448,52416.0,84032.0,160.32
,2022-03-01,2022,202203,ТЦ Ивановский,Babidas,BA earth-3530,21,100527,42336.0,58191.0,137.45
,2022-04-01,2022,202204,ТЦ Ивановский,Babidas,BA earth-3530,38,239058,76608.0,162450.0,212.05
,2022-05-01,2022,202205,ТЦ Ивановский,Babidas,BA earth-3530,48,272496,96768.0,175728.0,181.6
,2022-06-01,2022,202206,ТЦ Ивановский,Babidas,BA earth-3530,46,258382,92736.0,165646.0,178.62
,2022-07-01,2022,202207,ТЦ Ивановский,Babidas,BA earth-3530,48,210432,96768.0,113664.0,117.46
,2022-08-01,2022,202208,ТЦ Ивановский,Babidas,BA earth-3530,41,188764,82656.0,106108.0,128.37
,2022-09-01,2022,202209,ТЦ Ивановский,Babidas,BA earth-3530,43,221579,86688.0,134891.0,155.61
,2022-10-01,2022,202210,ТЦ Ивановский,Babidas,BA earth-3530,36,219312,72576.0,146736.0,202.18
,2022-11-01,2022,202211,ТЦ Ивановский,Babidas,BA earth-3530,26,150566,52416.0,98150.0,187.25
,2022-12-01,2022,202212,ТЦ Ивановский,Babidas,BA earth-3530,31,163463,62496.0,100967.0,161.56
,2021-01-01,2021,202101,ТЦ Ивановский,Babidas,BA ais-1740,34,95506,31790.000000000004,63716.0,200.43
,2021-02-01,2021,202102,ТЦ Ивановский,Babidas,BA ais-1740,21,77280,19635.000000000004,57645.0,293.58
,2021-03-01,2021,202103,ТЦ Ивановский,Babidas,BA ais-1740,17,35326,15895.000000000002,19431.0,122.25
,2021-04-01,2021,202104,ТЦ Ивановский,Babidas,BA ais-1740,31,90272,28985.000000000004,61287.0,211.44
,2021-05-01,2021,202105,ТЦ Ивановский,Babidas,BA ais-1740,40,163640,37400.00000000001,126240.0,337.54
,2021-06-01,2021,202106,ТЦ Ивановский,Babidas,BA ais-1740,38,120384,35530.00000000001,84854.0,238.82
,2021-07-01,2021,202107,ТЦ Ивановский,Babidas,BA ais-1740,40,78560,37400.00000000001,41159.99999999999,110.05
,2021-08-01,2021,202108,ТЦ Ивановский,Babidas,BA ais-1740,34,90644,31790.000000000004,58854.0,185.13
,2021-09-01,2021,202109,ТЦ Ивановский,Babidas,BA ais-1740,36,90216,33660.00000000001,56555.99999999999,168.02
,2021-10-01,2021,202110,ТЦ Ивановский,Babidas,BA ais-1740,29,93873,27115.000000000004,66758.0,246.2
,2021-11-01,2021,202111,ТЦ Ивановский,Babidas,BA ais-1740,21,55839,19635.000000000004,36204.0,184.39
,2021-12-01,2021,202112,ТЦ Ивановский,Babidas,BA ais-1740,25,54025,23375.000000000004,30649.999999999996,131.12
,2022-01-01,2022,202201,ТЦ Ивановский,Babidas,BA ais-1740,37,111666,34595.00000000001,77071.0,222.78
,2022-02-01,2022,202202,ТЦ Ивановский,Babidas,BA ais-1740,23,61410,21505.000000000004,39905.0,185.56
,2022-03-01,2022,202203,ТЦ Ивановский,Babidas,BA ais-1740,19,51205,17765.000000000004,33440.0,188.24
,2022-04-01,2022,202204,ТЦ Ивановский,Babidas,BA ais-1740,35,112000,32725.000000000004,79275.0,242.25
,2022-05-01,2022,202205,ТЦ Ивановский,Babidas,BA ais-1740,44,150348,41140.00000000001,109208.0,265.45
,2022-06-01,2022,202206,ТЦ Ивановский,Babidas,BA ais-1740,41,122262,38335.00000000001,83927.0,218.93
,2022-07-01,2022,202207,ТЦ Ивановский,Babidas,BA ais-1740,44,59312,41140.00000000001,18171.999999999993,44.17
,2022-08-01,2022,202208,ТЦ Ивановский,Babidas,BA ais-1740,37,89836,34595.00000000001,55240.99999999999,159.68
,2022-09-01,2022,202209,ТЦ Ивановский,Babidas,BA ais-1740,39,103935,36465.00000000001,67470.0,185.03
,2022-10-01,2022,202210,ТЦ Ивановский,Babidas,BA ais-1740,32,93152,29920.000000000004,63232.0,211.34
,2022-11-01,2022,202211,ТЦ Ивановский,Babidas,BA ais-1740,23,66148,21505.000000000004,44643.0,207.59
,2022-12-01,2022,202212,ТЦ Ивановский,Babidas,BA ais-1740,28,75348,26180.000000000004,49168.0,187.81
,2021-01-01,2021,202101,ТЦ Ивановский,Babidas,BA ice-4231,41,193520,81016.0,112504.0,138.87
,2021-02-01,2021,202102,ТЦ Ивановский,Babidas,BA ice-4231,26,130546,51376.0,79170.0,154.1
,2021-03-01,2021,202103,ТЦ Ивановский,Babidas,BA ice-4231,21,84315,41496.0,42819.0,103.19
,2021-04-01,2021,202104,ТЦ Ивановский,Babidas,BA ice-4231,39,226512,77064.0,149448.0,193.93
,2021-05-01,2021,202105,ТЦ Ивановский,Babidas,BA ice-4231,49,298214,96824.0,201390.0,208.0
,2021-06-01,2021,202106,ТЦ Ивановский,Babidas,BA ice-4231,46,256450,90896.0,165554.0,182.14
,2021-07-01,2021,202107,ТЦ Ивановский,Babidas,BA ice-4231,49,163905,96824.0,67081.0,69.28
,2021-08-01,2021,202108,ТЦ Ивановский,Babidas,BA ice-4231,41,164533,81016.0,83517.0,103.09
,2021-09-01,2021,202109,ТЦ Ивановский,Babidas,BA ice-4231,44,189332,86944.0,102388.0,117.76
,2021-10-01,2021,202110,ТЦ Ивановский,Babidas,BA ice-4231,36,185472,71136.0,114336.0,160.73
,2021-11-01,2021,202111,ТЦ Ивановский,Babidas,BA ice-4231,26,138320,51376.0,86944.0,169.23
,2021-12-01,2021,202112,ТЦ Ивановский,Babidas,BA ice-4231,31,135904,61256.0,74648.0,121.86
,2022-01-01,2022,202201,ТЦ Ивановский,Babidas,BA ice-4231,45,207450,88920.0,118530.0,133.3
,2022-02-01,2022,202202,ТЦ Ивановский,Babidas,BA ice-4231,28,133000,55328.0,77672.0,140.38
,2022-03-01,2022,202203,ТЦ Ивановский,Babidas,BA ice-4231,23,104742,45448.0,59294.0,130.47
,2022-04-01,2022,202204,ТЦ Ивановский,Babidas,BA ice-4231,42,257082,82992.0,174090.0,209.77
,2022-05-01,2022,202205,ТЦ Ивановский,Babidas,BA ice-4231,54,327672,106704.0,220968.0,207.09
,2022-06-01,2022,202206,ТЦ Ивановский,Babidas,BA ice-4231,51,239853,100776.0,139077.0,138.01
,2022-07-01,2022,202207,ТЦ Ивановский,Babidas,BA ice-4231,54,196236,106704.0,89532.0,83.91
,2022-08-01,2022,202208,ТЦ Ивановский,Babidas,BA ice-4231,45,224325,88920.0,135405.0,152.28
,2022-09-01,2022,202209,ТЦ Ивановский,Babidas,BA ice-4231,48,229776,94848.0,134928.0,142.26
,2022-10-01,2022,202210,ТЦ Ивановский,Babidas,BA ice-4231,40,203360,79040.0,124320.0,157.29
,2022-11-01,2022,202211,ТЦ Ивановский,Babidas,BA ice-4231,28,155876,55328.0,100548.0,181.73
,2022-12-01,2022,202212,ТЦ Ивановский,Babidas,BA ice-4231,34,146540,67184.0,79356.0,118.12
,2021-01-01,2021,202101,ТЦ Ивановский,Babidas,BA ai-2960,37,234654,66600.0,168054.0,252.33
,2021-02-01,2021,202102,ТЦ Ивановский,Babidas,BA ai-2960,23,136896,41400.0,95496.0,230.67
,2021-03-01,2021,202103,ТЦ Ивановский,Babidas,BA ai-2960,19,108110,34200.0,73910.0,216.11
,2021-04-01,2021,202104,ТЦ Ивановский,Babidas,BA ai-2960,35,211575,63000.0,148575.0,235.83
,2021-05-01,2021,202105,ТЦ Ивановский,Babidas,BA ai-2960,44,277288,79200.0,198088.0,250.11
,2021-06-01,2021,202106,ТЦ Ивановский,Babidas,BA ai-2960,42,243978,75600.0,168378.0,222.72
,2021-07-01,2021,202107,ТЦ Ивановский,Babidas,BA ai-2960,44,164076,79200.0,84876.0,107.17
,2021-08-01,2021,202108,ТЦ Ивановский,Babidas,BA ai-2960,37,210604,66600.0,144004.0,216.22
,2021-09-01,2021,202109,ТЦ Ивановский,Babidas,BA ai-2960,39,213486,70200.0,143286.0,204.11
,2021-10-01,2021,202110,ТЦ Ивановский,Babidas,BA ai-2960,32,194144,57600.0,136544.0,237.06
,2021-11-01,2021,202111,ТЦ Ивановский,Babidas,BA ai-2960,23,140806,41400.0,99406.0,240.11
,2021-12-01,2021,202112,ТЦ Ивановский,Babidas,BA ai-2960,28,156968,50400.0,106568.0,211.44
,2022-01-01,2022,202201,ТЦ Ивановский,Babidas,BA ai-2960,41,224516,73800.0,150716.0,204.22
,2022-02-01,2022,202202,ТЦ Ивановский,Babidas,BA ai-2960,26,165516,46800.0,118716.0,253.67
,2022-03-01,2022,202203,ТЦ Ивановский,Babidas,BA ai-2960,21,101640,37800.0,63840.0,168.89
,2022-04-01,2022,202204,ТЦ Ивановский,Babidas,BA ai-2960,38,244644,68400.0,176244.0,257.67
,2022-05-01,2022,202205,ТЦ Ивановский,Babidas,BA ai-2960,48,307248,86400.0,220848.0,255.61
,2022-06-01,2022,202206,ТЦ Ивановский,Babidas,BA ai-2960,46,280784,82800.0,197984.0,239.11
,2022-07-01,2022,202207,ТЦ Ивановский,Babidas,BA ai-2960,48,225456,86400.0,139056.0,160.94
,2022-08-01,2022,202208,ТЦ Ивановский,Babidas,BA ai-2960,41,211970,73800.0,138170.0,187.22
,2022-09-01,2022,202209,ТЦ Ивановский,Babidas,BA ai-2960,43,229706,77400.0,152306.0,196.78
,2022-10-01,2022,202210,ТЦ Ивановский,Babidas,BA ai-2960,36,222588,64800.0,157788.0,243.5
,2022-11-01,2022,202211,ТЦ Ивановский,Babidas,BA ai-2960,26,144716,46800.0,97916.0,209.22
,2022-12-01,2022,202212,ТЦ Ивановский,Babidas,BA ai-2960,31,152148,55800.0,96348.0,172.67
,2021-01-01,2021,202101,ТЦ Ивановский,Asic,AS air-7520,25,914725,516250.0,398475.0,77.19
,2021-02-01,2021,202102,ТЦ Ивановский,Asic,AS air-7520,16,584208,330400.0,253808.0,76.82
,2021-03-01,2021,202103,ТЦ Ивановский,Asic,AS air-7520,13,467012,268450.0,198562.0,73.97
,2021-04-01,2021,202104,ТЦ Ивановский,Asic,AS air-7520,23,857946,474950.0,382996.0,80.64
,2021-05-01,2021,202105,ТЦ Ивановский,Asic,AS air-7520,29,1089298,598850.0,490448.0,81.9
,2021-06-01,2021,202106,ТЦ Ивановский,Asic,AS air-7520,28,1018724,578200.0,440524.0,76.19
,2021-07-01,2021,202107,ТЦ Ивановский,Asic,AS air-7520,29,1003893,598850.0,405043.0,67.64
,2021-08-01,2021,202108,ТЦ Ивановский,Asic,AS air-7520,25,897450,516250.0,381200.0,73.84
,2021-09-01,2021,202109,ТЦ Ивановский,Asic,AS air-7520,26,921076,536900.0,384176.0,71.55
,2021-10-01,2021,202110,ТЦ Ивановский,Asic,AS air-7520,22,814132,454300.0,359832.0,79.21
,2021-11-01,2021,202111,ТЦ Ивановский,Asic,AS air-7520,16,577600,330400.0,247200.0,74.82
,2021-12-01,2021,202112,ТЦ Ивановский,Asic,AS air-7520,19,677407,392350.0,285057.0,72.65
,2022-01-01,2022,202201,ТЦ Ивановский,Asic,AS air-7520,27,997299,557550.0,439749.0,78.87
,2022-02-01,2022,202202,ТЦ Ивановский,Asic,AS air-7520,17,627368,351050.0,276318.0,78.71
,2022-03-01,2022,202203,ТЦ Ивановский,Asic,AS air-7520,14,497924,289100.0,208824.0,72.23
,2022-04-01,2022,202204,ТЦ Ивановский,Asic,AS air-7520,26,949780,536900.0,412880.0,76.9
,2022-05-01,2022,202205,ТЦ Ивановский,Asic,AS air-7520,32,1167872,660800.0,507072.0,76.74
,2022-06-01,2022,202206,ТЦ Ивановский,Asic,AS air-7520,31,1141885,640150.0,501735.0,78.38
,2022-07-01,2022,202207,ТЦ Ивановский,Asic,AS air-7520,32,1102592,660800.0,441792.0,66.86
,2022-08-01,2022,202208,ТЦ Ивановский,Asic,AS air-7520,27,974970,557550.0,417420.0,74.87
,2022-09-01,2022,202209,ТЦ Ивановский,Asic,AS air-7520,29,1038809,598850.0,439959.0,73.47
,2022-10-01,2022,202210,ТЦ Ивановский,Asic,AS air-7520,24,881904,495600.0,386304.0,77.95
,2022-11-01,2022,202211,ТЦ Ивановский,Asic,AS air-7520,17,607869,351050.0,256819.0,73.16
,2022-12-01,2022,202212,ТЦ Ивановский,Asic,AS air-7520,21,743988,433650.0,310338.0,71.56
,2021-01-01,2021,202101,ТЦ Ивановский,Asic,AS grou-3318,20,657460,313600.0,343860.0,109.65
,2021-02-01,2021,202102,ТЦ Ивановский,Asic,AS grou-3318,13,433277,203840.0,229437.0,112.56
,2021-03-01,2021,202103,ТЦ Ивановский,Asic,AS grou-3318,10,329800,156800.0,173000.0,110.33
,2021-04-01,2021,202104,ТЦ Ивановский,Asic,AS grou-3318,19,643606,297920.0,345686.0,116.03
,2021-05-01,2021,202105,ТЦ Ивановский,Asic,AS grou-3318,24,818352,376320.0,442032.0,117.46
,2021-06-01,2021,202106,ТЦ Ивановский,Asic,AS grou-3318,23,769488,360640.0,408848.0,113.37
,2021-07-01,2021,202107,ТЦ Ивановский,Asic,AS grou-3318,24,768480,376320.0,392160.0,104.21
,2021-08-01,2021,202108,ТЦ Ивановский,Asic,AS grou-3318,20,658340,313600.0,344740.0,109.93
,2021-09-01,2021,202109,ТЦ Ивановский,Asic,AS grou-3318,21,691782,329280.0,362502.0,110.09
,2021-10-01,2021,202110,ТЦ Ивановский,Asic,AS grou-3318,18,605232,282240.0,322992.0,114.44
,2021-11-01,2021,202111,ТЦ Ивановский,Asic,AS grou-3318,13,435994,203840.0,232154.0,113.89
,2021-12-01,2021,202112,ТЦ Ивановский,Asic,AS grou-3318,15,501255,235200.0,266055.0,113.12
,2022-01-01,2022,202201,ТЦ Ивановский,Asic,AS grou-3318,22,721622,344960.0,376662.0,109.19
,2022-02-01,2022,202202,ТЦ Ивановский,Asic,AS grou-3318,14,476770,219520.0,257250.0,117.19
,2022-03-01,2022,202203,ТЦ Ивановский,Asic,AS grou-3318,11,364661,172480.0,192181.0,111.42
,2022-04-01,2022,202204,ТЦ Ивановский,Asic,AS grou-3318,21,709884,329280.0,380604.0,115.59
,2022-05-01,2022,202205,ТЦ Ивановский,Asic,AS grou-3318,26,871988,407680.0,464308.0,113.89
,2022-06-01,2022,202206,ТЦ Ивановский,Asic,AS grou-3318,25,834825,392000.0,442825.0,112.97
,2022-07-01,2022,202207,ТЦ Ивановский,Asic,AS grou-3318,26,813280,407680.0,405600.0,99.49
,2022-08-01,2022,202208,ТЦ Ивановский,Asic,AS grou-3318,22,714230,344960.0,369270.0,107.05
,2022-09-01,2022,202209,ТЦ Ивановский,Asic,AS grou-3318,23,752169,360640.0,391529.0,108.57
,2022-10-01,2022,202210,ТЦ Ивановский,Asic,AS grou-3318,19,632624,297920.0,334704.0,112.35
,2022-11-01,2022,202211,ТЦ Ивановский,Asic,AS grou-3318,14,464716,219520.0,245196.0,111.7
,2022-12-01,2022,202212,ТЦ Ивановский,Asic,AS grou-3318,17,561204,266560.0,294644.0,110.54
,2021-01-01,2021,202101,ТЦ Ивановский,Asic,AS gre-2748,22,948134,397320.0,550814.0,138.63
,2021-02-01,2021,202102,ТЦ Ивановский,Asic,AS gre-2748,14,605542,252840.0,352702.0,139.5
,2021-03-01,2021,202103,ТЦ Ивановский,Asic,AS gre-2748,11,471284,198660.0,272624.0,137.23
,2021-04-01,2021,202104,ТЦ Ивановский,Asic,AS gre-2748,21,908292,379260.0,529032.0,139.49
,2021-05-01,2021,202105,ТЦ Ивановский,Asic,AS gre-2748,26,1152762,469560.0,683202.0,145.5
,2021-06-01,2021,202106,ТЦ Ивановский,Asic,AS gre-2748,25,1091175,451500.0,639675.0,141.68
,2021-07-01,2021,202107,ТЦ Ивановский,Asic,AS gre-2748,26,1092130,469560.0,622570.0,132.59
,2021-08-01,2021,202108,ТЦ Ивановский,Asic,AS gre-2748,22,947584,397320.0,550264.0,138.49
,2021-09-01,2021,202109,ТЦ Ивановский,Asic,AS gre-2748,24,1038432,433440.0,604992.0,139.58
,2021-10-01,2021,202110,ТЦ Ивановский,Asic,AS gre-2748,20,879320,361200.0,518120.0,143.44
,2021-11-01,2021,202111,ТЦ Ивановский,Asic,AS gre-2748,14,608874,252840.0,356034.0,140.81
,2021-12-01,2021,202112,ТЦ Ивановский,Asic,AS gre-2748,17,733703,307020.0,426683.0,138.98
,2022-01-01,2022,202201,ТЦ Ивановский,Asic,AS gre-2748,25,1081150,451500.0,629650.0,139.46
,2022-02-01,2022,202202,ТЦ Ивановский,Asic,AS gre-2748,16,702544,288960.0,413584.0,143.13
,2022-03-01,2022,202203,ТЦ Ивановский,Asic,AS gre-2748,13,563199,234780.0,328419.0,139.88
,2022-04-01,2022,202204,ТЦ Ивановский,Asic,AS gre-2748,23,1003950,415380.0,588570.0,141.69
,2022-05-01,2022,202205,ТЦ Ивановский,Asic,AS gre-2748,29,1276493,523740.0,752753.0,143.73
,2022-06-01,2022,202206,ТЦ Ивановский,Asic,AS gre-2748,28,1198092,505680.0,692412.0,136.93
,2022-07-01,2022,202207,ТЦ Ивановский,Asic,AS gre-2748,29,1213244,523740.0,689504.0,131.65
,2022-08-01,2022,202208,ТЦ Ивановский,Asic,AS gre-2748,25,1065250,451500.0,613750.0,135.94
,2022-09-01,2022,202209,ТЦ Ивановский,Asic,AS gre-2748,26,1112410,469560.0,642850.0,136.9
,2022-10-01,2022,202210,ТЦ Ивановский,Asic,AS gre-2748,22,948508,397320.0,551188.0,138.73
,2022-11-01,2022,202211,ТЦ Ивановский,Asic,AS gre-2748,16,686208,288960.0,397248.0,137.48
,2022-12-01,2022,202212,ТЦ Ивановский,Asic,AS gre-2748,19,807139,343140.0,463999.0,135.22
,2021-01-01,2021,202101,ТЦ Ивановский,Asic,AS earth-9544,20,579980,224000.0,355980.0,158.92
,2021-02-01,2021,202102,ТЦ Ивановский,Asic,AS earth-9544,13,388167,145600.0,242567.0,166.6
,2021-03-01,2021,202103,ТЦ Ивановский,Asic,AS earth-9544,10,286560,112000.0,174560.0,155.86
,2021-04-01,2021,202104,ТЦ Ивановский,Asic,AS earth-9544,19,565307,212800.0,352507.0,165.65
,2021-05-01,2021,202105,ТЦ Ивановский,Asic,AS earth-9544,24,733872,268800.0,465072.0,173.02
,2021-06-01,2021,202106,ТЦ Ивановский,Asic,AS earth-9544,23,672888,257600.0,415288.0,161.21
,2021-07-01,2021,202107,ТЦ Ивановский,Asic,AS earth-9544,24,668952,268800.0,400152.0,148.87
,2021-08-01,2021,202108,ТЦ Ивановский,Asic,AS earth-9544,20,577640,224000.0,353640.0,157.88
,2021-09-01,2021,202109,ТЦ Ивановский,Asic,AS earth-9544,22,641014,246400.0,394614.0,160.15
,2021-10-01,2021,202110,ТЦ Ивановский,Asic,AS earth-9544,18,529074,201600.0,327474.0,162.44
,2021-11-01,2021,202111,ТЦ Ивановский,Asic,AS earth-9544,13,378976,145600.0,233376.0,160.29
,2021-12-01,2021,202112,ТЦ Ивановский,Asic,AS earth-9544,15,437640,168000.0,269640.0,160.5
,2022-01-01,2022,202201,ТЦ Ивановский,Asic,AS earth-9544,22,634634,246400.0,388234.0,157.56
,2022-02-01,2022,202202,ТЦ Ивановский,Asic,AS earth-9544,14,411922,156800.0,255122.0,162.71
,2022-03-01,2022,202203,ТЦ Ивановский,Asic,AS earth-9544,11,321596,123200.0,198396.0,161.04
,2022-04-01,2022,202204,ТЦ Ивановский,Asic,AS earth-9544,21,620403,235200.0,385203.0,163.78
,2022-05-01,2022,202205,ТЦ Ивановский,Asic,AS earth-9544,26,778128,291200.0,486928.0,167.21
,2022-06-01,2022,202206,ТЦ Ивановский,Asic,AS earth-9544,25,741425,280000.0,461425.0,164.79
,2022-07-01,2022,202207,ТЦ Ивановский,Asic,AS earth-9544,26,735696,291200.0,444496.0,152.64
,2022-08-01,2022,202208,ТЦ Ивановский,Asic,AS earth-9544,22,623084,246400.0,376684.0,152.88
,2022-09-01,2022,202209,ТЦ Ивановский,Asic,AS earth-9544,24,697320,268800.0,428520.0,159.42
,2022-10-01,2022,202210,ТЦ Ивановский,Asic,AS earth-9544,20,597680,224000.0,373680.0,166.82
,2022-11-01,2022,202211,ТЦ Ивановский,Asic,AS earth-9544,14,408100,156800.0,251300.0,160.27
,2022-12-01,2022,202212,ТЦ Ивановский,Asic,AS earth-9544,17,485061,190400.0,294661.0,154.76
,2021-01-01,2021,202101,ТЦ Ивановский,Asic,AS ais-7331,26,1217268,655200.0000000001,562067.9999999999,85.79
,2021-02-01,2021,202102,ТЦ Ивановский,Asic,AS ais-7331,16,747280,403200.00000000006,344079.99999999994,85.34
,2021-03-01,2021,202103,ТЦ Ивановский,Asic,AS ais-7331,13,587106,327600.00000000006,259505.99999999994,79.21
,2021-04-01,2021,202104,ТЦ Ивановский,Asic,AS ais-7331,24,1119240,604800.0000000001,514439.9999999999,85.06
,2021-05-01,2021,202105,ТЦ Ивановский,Asic,AS ais-7331,30,1417830,756000.0000000001,661829.9999999999,87.54
,2021-06-01,2021,202106,ТЦ Ивановский,Asic,AS ais-7331,29,1362043,730800.0000000001,631242.9999999999,86.38
,2021-07-01,2021,202107,ТЦ Ивановский,Asic,AS ais-7331,30,1339230,756000.0000000001,583229.9999999999,77.15
,2021-08-01,2021,202108,ТЦ Ивановский,Asic,AS ais-7331,26,1182350,655200.0000000001,527149.9999999999,80.46
,2021-09-01,2021,202109,ТЦ Ивановский,Asic,AS ais-7331,27,1232901,680400.0000000001,552500.9999999999,81.2
,2021-10-01,2021,202110,ТЦ Ивановский,Asic,AS ais-7331,22,1017038,554400.0000000001,462637.9999999999,83.45
,2021-11-01,2021,202111,ТЦ Ивановский,Asic,AS ais-7331,16,739648,403200.00000000006,336447.99999999994,83.44
,2021-12-01,2021,202112,ТЦ Ивановский,Asic,AS ais-7331,19,867920,478800.00000000006,389119.99999999994,81.27
,2022-01-01,2022,202201,ТЦ Ивановский,Asic,AS ais-7331,28,1311772,705600.0000000001,606171.9999999999,85.91
,2022-02-01,2022,202202,ТЦ Ивановский,Asic,AS ais-7331,18,840618,453600.00000000006,387017.99999999994,85.32
,2022-03-01,2022,202203,ТЦ Ивановский,Asic,AS ais-7331,14,639324,352800.00000000006,286523.99999999994,81.21
,2022-04-01,2022,202204,ТЦ Ивановский,Asic,AS ais-7331,26,1212588,655200.0000000001,557387.9999999999,85.07
,2022-05-01,2022,202205,ТЦ Ивановский,Asic,AS ais-7331,33,1563078,831600.0000000001,731477.9999999999,87.96
,2022-06-01,2022,202206,ТЦ Ивановский,Asic,AS ais-7331,32,1485536,806400.0000000001,679135.9999999999,84.22
,2022-07-01,2022,202207,ТЦ Ивановский,Asic,AS ais-7331,33,1479060,831600.0000000001,647459.9999999999,77.86
,2022-08-01,2022,202208,ТЦ Ивановский,Asic,AS ais-7331,28,1277332,705600.0000000001,571731.9999999999,81.03
,2022-09-01,2022,202209,ТЦ Ивановский,Asic,AS ais-7331,30,1366050,756000.0000000001,610049.9999999999,80.69
,2022-10-01,2022,202210,ТЦ Ивановский,Asic,AS ais-7331,25,1145125,630000.0000000001,515124.9999999999,81.77
,2022-11-01,2022,202211,ТЦ Ивановский,Asic,AS ais-7331,18,826902,453600.00000000006,373301.99999999994,82.3
,2022-12-01,2022,202212,ТЦ Ивановский,Asic,AS ais-7331,21,959973,529200.0000000001,430772.9999999999,81.4
,2021-01-01,2021,202101,ТЦ Ивановский,Asic,AS ice-2172,26,472628,247520.0,225108.0,90.95
,2021-02-01,2021,202102,ТЦ Ивановский,Asic,AS ice-2172,16,294192,152320.0,141872.0,93.14
,2021-03-01,2021,202103,ТЦ Ивановский,Asic,AS ice-2172,13,234663,123760.0,110903.0,89.61
,2021-04-01,2021,202104,ТЦ Ивановский,Asic,AS ice-2172,24,451872,228480.0,223392.0,97.77
,2021-05-01,2021,202105,ТЦ Ивановский,Asic,AS ice-2172,30,575160,285600.0,289560.0,101.39
,2021-06-01,2021,202106,ТЦ Ивановский,Asic,AS ice-2172,29,522464,276080.0,246384.0,89.24
,2021-07-01,2021,202107,ТЦ Ивановский,Asic,AS ice-2172,30,513300,285600.0,227700.0,79.73
,2021-08-01,2021,202108,ТЦ Ивановский,Asic,AS ice-2172,26,449306,247520.0,201786.0,81.52
,2021-09-01,2021,202109,ТЦ Ивановский,Asic,AS ice-2172,27,488079,257040.0,231039.0,89.88
,2021-10-01,2021,202110,ТЦ Ивановский,Asic,AS ice-2172,22,415118,209440.0,205678.0,98.2
,2021-11-01,2021,202111,ТЦ Ивановский,Asic,AS ice-2172,16,294016,152320.0,141696.0,93.03
,2021-12-01,2021,202112,ТЦ Ивановский,Asic,AS ice-2172,19,344641,180880.0,163761.0,90.54
,2022-01-01,2022,202201,ТЦ Ивановский,Asic,AS ice-2172,28,505932,266560.0,239372.0,89.8
,2022-02-01,2022,202202,ТЦ Ивановский,Asic,AS ice-2172,18,337824,171360.0,166464.0,97.14
,2022-03-01,2022,202203,ТЦ Ивановский,Asic,AS ice-2172,14,252728,133280.0,119448.0,89.62
,2022-04-01,2022,202204,ТЦ Ивановский,Asic,AS ice-2172,26,494910,247520.0,247390.0,99.95
,2022-05-01,2022,202205,ТЦ Ивановский,Asic,AS ice-2172,33,634755,314160.0,320595.0,102.05
,2022-06-01,2022,202206,ТЦ Ивановский,Asic,AS ice-2172,32,582080,304640.0,277440.0,91.07
,2022-07-01,2022,202207,ТЦ Ивановский,Asic,AS ice-2172,33,550176,314160.0,236016.0,75.13
,2022-08-01,2022,202208,ТЦ Ивановский,Asic,AS ice-2172,28,504756,266560.0,238196.0,89.36
,2022-09-01,2022,202209,ТЦ Ивановский,Asic,AS ice-2172,30,541020,285600.0,255420.0,89.43
,2022-10-01,2022,202210,ТЦ Ивановский,Asic,AS ice-2172,25,461375,238000.0,223375.0,93.86
,2022-11-01,2022,202211,ТЦ Ивановский,Asic,AS ice-2172,18,333648,171360.0,162288.0,94.71
,2022-12-01,2022,202212,ТЦ Ивановский,Asic,AS ice-2172,21,360360,199920.0,160440.0,80.25
,2021-01-01,2021,202101,ТЦ Ивановский,Asic,AS ai-7676,21,854826,343980.0,510846.0,148.51
,2021-02-01,2021,202102,ТЦ Ивановский,Asic,AS ai-7676,13,525759,212940.0,312819.0,146.9
,2021-03-01,2021,202103,ТЦ Ивановский,Asic,AS ai-7676,11,438823,180180.0,258643.0,143.55
,2021-04-01,2021,202104,ТЦ Ивановский,Asic,AS ai-7676,19,760646,311220.0,449426.0,144.41
,2021-05-01,2021,202105,ТЦ Ивановский,Asic,AS ai-7676,24,975624,393120.0,582504.0,148.17
,2021-06-01,2021,202106,ТЦ Ивановский,Asic,AS ai-7676,23,939573,376740.0,562833.0,149.4
,2021-07-01,2021,202107,ТЦ Ивановский,Asic,AS ai-7676,24,921456,393120.0,528336.0,134.4
,2021-08-01,2021,202108,ТЦ Ивановский,Asic,AS ai-7676,21,838509,343980.0,494529.0,143.77
,2021-09-01,2021,202109,ТЦ Ивановский,Asic,AS ai-7676,22,880176,360360.0,519816.0,144.25
,2021-10-01,2021,202110,ТЦ Ивановский,Asic,AS ai-7676,18,730476,294840.0,435636.0,147.75
,2021-11-01,2021,202111,ТЦ Ивановский,Asic,AS ai-7676,13,520884,212940.0,307944.0,144.62
,2021-12-01,2021,202112,ТЦ Ивановский,Asic,AS ai-7676,16,626336,262080.0,364256.0,138.99
,2022-01-01,2022,202201,ТЦ Ивановский,Asic,AS ai-7676,23,923611,376740.0,546871.0,145.16
,2022-02-01,2022,202202,ТЦ Ивановский,Asic,AS ai-7676,14,564606,229320.0,335286.0,146.21
,2022-03-01,2022,202203,ТЦ Ивановский,Asic,AS ai-7676,12,479352,196560.0,282792.0,143.87
,2022-04-01,2022,202204,ТЦ Ивановский,Asic,AS ai-7676,21,859719,343980.0,515739.0,149.93
,2022-05-01,2022,202205,ТЦ Ивановский,Asic,AS ai-7676,27,1110429,442260.0,668169.0,151.08
,2022-06-01,2022,202206,ТЦ Ивановский,Asic,AS ai-7676,25,1014950,409500.0,605450.0,147.85
,2022-07-01,2022,202207,ТЦ Ивановский,Asic,AS ai-7676,27,1055754,442260.0,613494.0,138.72
,2022-08-01,2022,202208,ТЦ Ивановский,Asic,AS ai-7676,23,910570,376740.0,533830.0,141.7
,2022-09-01,2022,202209,ТЦ Ивановский,Asic,AS ai-7676,24,950856,393120.0,557736.0,141.87
,2022-10-01,2022,202210,ТЦ Ивановский,Asic,AS ai-7676,20,804120,327600.0,476520.0,145.46
,2022-11-01,2022,202211,ТЦ Ивановский,Asic,AS ai-7676,14,570346,229320.0,341026.0,148.71
,2022-12-01,2022,202212,ТЦ Ивановский,Asic,AS ai-7676,17,673693,278460.0,395233.0,141.94
,2021-01-01,2021,202101,ТЦ Ивановский,Gunverse,GU air-3053,63,394569,144900.0,249669.0,172.3
,2021-02-01,2021,202102,ТЦ Ивановский,Gunverse,GU air-3053,40,247400,92000.0,155400.0,168.91
,2021-03-01,2021,202103,ТЦ Ивановский,Gunverse,GU air-3053,32,188960,73600.0,115360.0,156.74
,2021-04-01,2021,202104,ТЦ Ивановский,Gunverse,GU air-3053,59,411997,135700.0,276297.0,203.61
,2021-05-01,2021,202105,ТЦ Ивановский,Gunverse,GU air-3053,75,490275,172500.0,317775.0,184.22
,2021-06-01,2021,202106,ТЦ Ивановский,Gunverse,GU air-3053,71,457666,163300.0,294366.0,180.26
,2021-07-01,2021,202107,ТЦ Ивановский,Gunverse,GU air-3053,75,384450,172500.0,211950.0,122.87
,2021-08-01,2021,202108,ТЦ Ивановский,Gunverse,GU air-3053,63,356139,144900.0,211239.0,145.78
,2021-09-01,2021,202109,ТЦ Ивановский,Gunverse,GU air-3053,67,375870,154100.0,221770.0,143.91
,2021-10-01,2021,202110,ТЦ Ивановский,Gunverse,GU air-3053,55,330385,126500.0,203885.0,161.17
,2021-11-01,2021,202111,ТЦ Ивановский,Gunverse,GU air-3053,40,269400,92000.0,177400.0,192.83
,2021-12-01,2021,202112,ТЦ Ивановский,Gunverse,GU air-3053,47,286136,108100.0,178036.0,164.7
,2022-01-01,2022,202201,ТЦ Ивановский,Gunverse,GU air-3053,69,411930,158700.0,253230.0,159.57
,2022-02-01,2022,202202,ТЦ Ивановский,Gunverse,GU air-3053,44,293920,101200.0,192720.0,190.43
,2022-03-01,2022,202203,ТЦ Ивановский,Gunverse,GU air-3053,35,187705,80500.0,107205.0,133.17
,2022-04-01,2022,202204,ТЦ Ивановский,Gunverse,GU air-3053,65,446940,149500.0,297440.0,198.96
,2022-05-01,2022,202205,ТЦ Ивановский,Gunverse,GU air-3053,82,572688,188600.0,384088.0,203.65
,2022-06-01,2022,202206,ТЦ Ивановский,Gunverse,GU air-3053,78,465348,179400.0,285948.0,159.39
,2022-07-01,2022,202207,ТЦ Ивановский,Gunverse,GU air-3053,82,372034,188600.0,183434.0,97.26
,2022-08-01,2022,202208,ТЦ Ивановский,Gunverse,GU air-3053,69,393576,158700.0,234876.0,148.0
,2022-09-01,2022,202209,ТЦ Ивановский,Gunverse,GU air-3053,74,421652,170200.0,251452.0,147.74
,2022-10-01,2022,202210,ТЦ Ивановский,Gunverse,GU air-3053,61,360022,140300.0,219722.0,156.61
,2022-11-01,2022,202211,ТЦ Ивановский,Gunverse,GU air-3053,44,252164,101200.0,150964.0,149.17
,2022-12-01,2022,202212,ТЦ Ивановский,Gunverse,GU air-3053,52,275548,119600.0,155948.0,130.39
,2021-01-01,2021,202101,ТЦ Ивановский,Gunverse,GU grou-6409,56,560672,226800.0,333872.0,147.21
,2021-02-01,2021,202102,ТЦ Ивановский,Gunverse,GU grou-6409,35,368375,141750.0,226625.0,159.88
,2021-03-01,2021,202103,ТЦ Ивановский,Gunverse,GU grou-6409,28,263004,113400.0,149604.0,131.93
,2021-04-01,2021,202104,ТЦ Ивановский,Gunverse,GU grou-6409,52,544908,210600.0,334308.0,158.74
,2021-05-01,2021,202105,ТЦ Ивановский,Gunverse,GU grou-6409,66,696234,267300.0,428934.0,160.47
,2021-06-01,2021,202106,ТЦ Ивановский,Gunverse,GU grou-6409,63,648963,255150.0,393813.0,154.35
,2021-07-01,2021,202107,ТЦ Ивановский,Gunverse,GU grou-6409,66,616704,267300.0,349404.0,130.72
,2021-08-01,2021,202108,ТЦ Ивановский,Gunverse,GU grou-6409,56,550200,226800.0,323400.0,142.59
,2021-09-01,2021,202109,ТЦ Ивановский,Gunverse,GU grou-6409,59,568170,238950.0,329220.0,137.78
,2021-10-01,2021,202110,ТЦ Ивановский,Gunverse,GU grou-6409,49,505043,198450.0,306593.0,154.49
,2021-11-01,2021,202111,ТЦ Ивановский,Gunverse,GU grou-6409,35,371000,141750.0,229250.0,161.73
,2021-12-01,2021,202112,ТЦ Ивановский,Gunverse,GU grou-6409,42,422898,170100.0,252798.0,148.62
,2022-01-01,2022,202201,ТЦ Ивановский,Gunverse,GU grou-6409,61,652334,247050.0,405284.0,164.05
,2022-02-01,2022,202202,ТЦ Ивановский,Gunverse,GU grou-6409,39,401778,157950.0,243828.0,154.37
,2022-03-01,2022,202203,ТЦ Ивановский,Gunverse,GU grou-6409,31,309752,125550.0,184202.0,146.72
,2022-04-01,2022,202204,ТЦ Ивановский,Gunverse,GU grou-6409,58,619614,234900.0,384714.0,163.78
,2022-05-01,2022,202205,ТЦ Ивановский,Gunverse,GU grou-6409,73,789568,295650.0,493918.0,167.06
,2022-06-01,2022,202206,ТЦ Ивановский,Gunverse,GU grou-6409,69,684204,279450.0,404754.0,144.84
,2022-07-01,2022,202207,ТЦ Ивановский,Gunverse,GU grou-6409,73,602980,295650.0,307330.0,103.95
,2022-08-01,2022,202208,ТЦ Ивановский,Gunverse,GU grou-6409,61,590907,247050.0,343857.0,139.19
,2022-09-01,2022,202209,ТЦ Ивановский,Gunverse,GU grou-6409,65,658645,263250.0,395395.0,150.2
,2022-10-01,2022,202210,ТЦ Ивановский,Gunverse,GU grou-6409,54,581040,218700.0,362340.0,165.68
,2022-11-01,2022,202211,ТЦ Ивановский,Gunverse,GU grou-6409,39,416286,157950.0,258336.0,163.56
,2022-12-01,2022,202212,ТЦ Ивановский,Gunverse,GU grou-6409,46,445878,186300.0,259578.0,139.33
,2021-01-01,2021,202101,ТЦ Ивановский,Gunverse,GU gre-2865,63,534177,251369.99999999997,282807.0,112.51
,2021-02-01,2021,202102,ТЦ Ивановский,Gunverse,GU gre-2865,40,327600,159599.99999999997,168000.00000000003,105.26
,2021-03-01,2021,202103,ТЦ Ивановский,Gunverse,GU gre-2865,32,249440,127679.99999999999,121760.00000000001,95.36
,2021-04-01,2021,202104,ТЦ Ивановский,Gunverse,GU gre-2865,59,548346,235409.99999999997,312936.0,132.93
,2021-05-01,2021,202105,ТЦ Ивановский,Gunverse,GU gre-2865,75,721575,299249.99999999994,422325.00000000006,141.13
,2021-06-01,2021,202106,ТЦ Ивановский,Gunverse,GU gre-2865,71,572047,283289.99999999994,288757.00000000006,101.93
,2021-07-01,2021,202107,ТЦ Ивановский,Gunverse,GU gre-2865,75,503550,299249.99999999994,204300.00000000006,68.27
,2021-08-01,2021,202108,ТЦ Ивановский,Gunverse,GU gre-2865,63,462609,251369.99999999997,211239.00000000003,84.04
,2021-09-01,2021,202109,ТЦ Ивановский,Gunverse,GU gre-2865,67,542566,267329.99999999994,275236.00000000006,102.96
,2021-10-01,2021,202110,ТЦ Ивановский,Gunverse,GU gre-2865,55,468710,219449.99999999997,249260.00000000003,113.58
,2021-11-01,2021,202111,ТЦ Ивановский,Gunverse,GU gre-2865,40,318560,159599.99999999997,158960.00000000003,99.6
,2021-12-01,2021,202112,ТЦ Ивановский,Gunverse,GU gre-2865,47,361759,187529.99999999997,174229.00000000003,92.91
,2022-01-01,2022,202201,ТЦ Ивановский,Gunverse,GU gre-2865,69,581463,275309.99999999994,306153.00000000006,111.2
,2022-02-01,2022,202202,ТЦ Ивановский,Gunverse,GU gre-2865,44,355300,175559.99999999997,179740.00000000003,102.38
,2022-03-01,2022,202203,ТЦ Ивановский,Gunverse,GU gre-2865,35,273140,139649.99999999997,133490.00000000003,95.59
,2022-04-01,2022,202204,ТЦ Ивановский,Gunverse,GU gre-2865,65,570570,259349.99999999997,311220.0,120.0
,2022-05-01,2022,202205,ТЦ Ивановский,Gunverse,GU gre-2865,82,750792,327179.99999999994,423612.00000000006,129.47
,2022-06-01,2022,202206,ТЦ Ивановский,Gunverse,GU gre-2865,78,664404,311219.99999999994,353184.00000000006,113.48
,2022-07-01,2022,202207,ТЦ Ивановский,Gunverse,GU gre-2865,82,524390,327179.99999999994,197210.00000000006,60.28
,2022-08-01,2022,202208,ТЦ Ивановский,Gunverse,GU gre-2865,69,551862,275309.99999999994,276552.00000000006,100.45
,2022-09-01,2022,202209,ТЦ Ивановский,Gunverse,GU gre-2865,74,618862,295259.99999999994,323602.00000000006,109.6
,2022-10-01,2022,202210,ТЦ Ивановский,Gunverse,GU gre-2865,61,546621,243389.99999999997,303231.0,124.59
,2022-11-01,2022,202211,ТЦ Ивановский,Gunverse,GU gre-2865,44,355256,175559.99999999997,179696.00000000003,102.36
,2022-12-01,2022,202212,ТЦ Ивановский,Gunverse,GU gre-2865,52,406588,207479.99999999997,199108.00000000003,95.96
,2021-01-01,2021,202101,ТЦ Ивановский,Gunverse,GU earth-4729,55,544830,229075.0,315755.0,137.84
,2021-02-01,2021,202102,ТЦ Ивановский,Gunverse,GU earth-4729,35,344050,145775.0,198275.0,136.01
,2021-03-01,2021,202103,ТЦ Ивановский,Gunverse,GU earth-4729,28,268240,116620.0,151620.0,130.01
,2021-04-01,2021,202104,ТЦ Ивановский,Gunverse,GU earth-4729,52,537732,216580.0,321152.0,148.28
,2021-05-01,2021,202105,ТЦ Ивановский,Gunverse,GU earth-4729,65,664625,270725.0,393900.0,145.5
,2021-06-01,2021,202106,ТЦ Ивановский,Gunverse,GU earth-4729,62,628618,258230.0,370388.0,143.43
,2021-07-01,2021,202107,ТЦ Ивановский,Gunverse,GU earth-4729,65,537680,270725.0,266955.0,98.61
,2021-08-01,2021,202108,ТЦ Ивановский,Gunverse,GU earth-4729,55,502260,229075.0,273185.0,119.26
,2021-09-01,2021,202109,ТЦ Ивановский,Gunverse,GU earth-4729,59,542151,245735.0,296416.0,120.62
,2021-10-01,2021,202110,ТЦ Ивановский,Gunverse,GU earth-4729,48,463056,199920.0,263136.0,131.62
,2021-11-01,2021,202111,ТЦ Ивановский,Gunverse,GU earth-4729,35,349265,145775.0,203490.0,139.59
,2021-12-01,2021,202112,ТЦ Ивановский,Gunverse,GU earth-4729,42,392154,174930.0,217224.0,124.18
,2022-01-01,2022,202201,ТЦ Ивановский,Gunverse,GU earth-4729,61,579134,254065.0,325069.0,127.95
,2022-02-01,2022,202202,ТЦ Ивановский,Gunverse,GU earth-4729,38,388018,158270.0,229748.0,145.16
,2022-03-01,2022,202203,ТЦ Ивановский,Gunverse,GU earth-4729,31,293384,129115.0,164269.0,127.23
,2022-04-01,2022,202204,ТЦ Ивановский,Gunverse,GU earth-4729,57,571995,237405.0,334590.0,140.94
,2022-05-01,2022,202205,ТЦ Ивановский,Gunverse,GU earth-4729,72,727200,299880.0,427320.0,142.5
,2022-06-01,2022,202206,ТЦ Ивановский,Gunverse,GU earth-4729,68,682108,283220.0,398888.0,140.84
,2022-07-01,2022,202207,ТЦ Ивановский,Gunverse,GU earth-4729,72,560088,299880.0,260208.0,86.77
,2022-08-01,2022,202208,ТЦ Ивановский,Gunverse,GU earth-4729,61,575474,254065.0,321409.0,126.51
,2022-09-01,2022,202209,ТЦ Ивановский,Gunverse,GU earth-4729,64,606976,266560.0,340416.0,127.71
,2022-10-01,2022,202210,ТЦ Ивановский,Gunverse,GU earth-4729,53,508111,220745.0,287366.0,130.18
,2022-11-01,2022,202211,ТЦ Ивановский,Gunverse,GU earth-4729,38,358112,158270.0,199842.0,126.27
,2022-12-01,2022,202212,ТЦ Ивановский,Gunverse,GU earth-4729,46,416392,191590.0,224802.0,117.33
,2021-01-01,2021,202101,ТЦ Ивановский,Gunverse,GU ais-4465,55,426745,168300.0,258445.0,153.56
,2021-02-01,2021,202102,ТЦ Ивановский,Gunverse,GU ais-4465,35,258195,107100.0,151095.0,141.08
,2021-03-01,2021,202103,ТЦ Ивановский,Gunverse,GU ais-4465,28,183372,85680.0,97692.0,114.02
,2021-04-01,2021,202104,ТЦ Ивановский,Gunverse,GU ais-4465,52,418808,159120.0,259688.0,163.2
,2021-05-01,2021,202105,ТЦ Ивановский,Gunverse,GU ais-4465,65,530725,198900.0,331825.0,166.83
,2021-06-01,2021,202106,ТЦ Ивановский,Gunverse,GU ais-4465,62,461528,189720.0,271808.0,143.27
,2021-07-01,2021,202107,ТЦ Ивановский,Gunverse,GU ais-4465,65,384605,198900.0,185705.0,93.37
,2021-08-01,2021,202108,ТЦ Ивановский,Gunverse,GU ais-4465,55,361460,168300.0,193160.0,114.77
,2021-09-01,2021,202109,ТЦ Ивановский,Gunverse,GU ais-4465,59,380609,180540.0,200069.0,110.82
,2021-10-01,2021,202110,ТЦ Ивановский,Gunverse,GU ais-4465,48,367584,146880.0,220704.0,150.26
,2021-11-01,2021,202111,ТЦ Ивановский,Gunverse,GU ais-4465,35,247555,107100.0,140455.0,131.14
,2021-12-01,2021,202112,ТЦ Ивановский,Gunverse,GU ais-4465,42,299586,128520.0,171066.0,133.1
,2022-01-01,2022,202201,ТЦ Ивановский,Gunverse,GU ais-4465,61,449082,186660.0,262422.0,140.59
,2022-02-01,2022,202202,ТЦ Ивановский,Gunverse,GU ais-4465,38,277552,116280.0,161272.0,138.69
,2022-03-01,2022,202203,ТЦ Ивановский,Gunverse,GU ais-4465,31,194556,94860.0,99696.0,105.1
,2022-04-01,2022,202204,ТЦ Ивановский,Gunverse,GU ais-4465,57,456171,174420.0,281751.0,161.54
,2022-05-01,2022,202205,ТЦ Ивановский,Gunverse,GU ais-4465,72,534024,220320.0,313704.0,142.39
,2022-06-01,2022,202206,ТЦ Ивановский,Gunverse,GU ais-4465,68,469200,208080.0,261120.0,125.49
,2022-07-01,2022,202207,ТЦ Ивановский,Gunverse,GU ais-4465,72,391896,220320.0,171576.0,77.88
,2022-08-01,2022,202208,ТЦ Ивановский,Gunverse,GU ais-4465,61,409005,186660.0,222345.0,119.12
,2022-09-01,2022,202209,ТЦ Ивановский,Gunverse,GU ais-4465,64,434176,195840.0,238336.0,121.7
,2022-10-01,2022,202210,ТЦ Ивановский,Gunverse,GU ais-4465,53,368456,162180.0,206276.0,127.19
,2022-11-01,2022,202211,ТЦ Ивановский,Gunverse,GU ais-4465,38,275652,116280.0,159372.0,137.06
,2022-12-01,2022,202212,ТЦ Ивановский,Gunverse,GU ais-4465,46,305256,140760.0,164496.0,116.86
,2021-01-01,2021,202101,ТЦ Ивановский,Gunverse,GU ice-8917,58,510748,200448.0,310300.0,154.8
,2021-02-01,2021,202102,ТЦ Ивановский,Gunverse,GU ice-8917,36,291528,124416.0,167112.0,134.32
,2021-03-01,2021,202103,ТЦ Ивановский,Gunverse,GU ice-8917,29,246210,100224.0,145986.0,145.66
,2021-04-01,2021,202104,ТЦ Ивановский,Gunverse,GU ice-8917,54,487080,186624.0,300456.0,161.0
,2021-05-01,2021,202105,ТЦ Ивановский,Gunverse,GU ice-8917,68,656472,235008.0,421464.0,179.34
,2021-06-01,2021,202106,ТЦ Ивановский,Gunverse,GU ice-8917,65,542360,224640.0,317720.0,141.44
,2021-07-01,2021,202107,ТЦ Ивановский,Gunverse,GU ice-8917,68,462468,235008.0,227460.0,96.79
,2021-08-01,2021,202108,ТЦ Ивановский,Gunverse,GU ice-8917,58,477398,200448.0,276950.0,138.17
,2021-09-01,2021,202109,ТЦ Ивановский,Gunverse,GU ice-8917,61,463234,210816.0,252418.0,119.73
,2021-10-01,2021,202110,ТЦ Ивановский,Gunverse,GU ice-8917,51,454665,176256.0,278409.0,157.96
,2021-11-01,2021,202111,ТЦ Ивановский,Gunverse,GU ice-8917,36,292428,124416.0,168012.0,135.04
,2021-12-01,2021,202112,ТЦ Ивановский,Gunverse,GU ice-8917,43,333637,148608.0,185029.0,124.51
,2022-01-01,2022,202201,ТЦ Ивановский,Gunverse,GU ice-8917,63,529893,217728.0,312165.0,143.37
,2022-02-01,2022,202202,ТЦ Ивановский,Gunverse,GU ice-8917,40,357520,138240.0,219280.0,158.62
,2022-03-01,2022,202203,ТЦ Ивановский,Gunverse,GU ice-8917,32,242944,110592.0,132352.0,119.68
,2022-04-01,2022,202204,ТЦ Ивановский,Gunverse,GU ice-8917,59,550824,203904.0,346920.0,170.14
,2022-05-01,2022,202205,ТЦ Ивановский,Gunverse,GU ice-8917,75,714900,259200.0,455700.0,175.81
,2022-06-01,2022,202206,ТЦ Ивановский,Gunverse,GU ice-8917,71,604068,245376.0,358692.0,146.18
,2022-07-01,2022,202207,ТЦ Ивановский,Gunverse,GU ice-8917,75,531900,259200.0,272700.0,105.21
,2022-08-01,2022,202208,ТЦ Ивановский,Gunverse,GU ice-8917,63,505071,217728.0,287343.0,131.97
,2022-09-01,2022,202209,ТЦ Ивановский,Gunverse,GU ice-8917,67,577942,231552.0,346390.0,149.59
,2022-10-01,2022,202210,ТЦ Ивановский,Gunverse,GU ice-8917,56,465192,193536.0,271656.0,140.36
,2022-11-01,2022,202211,ТЦ Ивановский,Gunverse,GU ice-8917,40,347640,138240.0,209400.0,151.48
,2022-12-01,2022,202212,ТЦ Ивановский,Gunverse,GU ice-8917,48,411264,165888.0,245376.0,147.92
,2021-01-01,2021,202101,ТЦ Ивановский,Gunverse,GU ai-3849,59,637908,306033.0,331875.0,108.44
,2021-02-01,2021,202102,ТЦ Ивановский,Gunverse,GU ai-3849,37,416805,191919.0,224886.0,117.18
,2021-03-01,2021,202103,ТЦ Ивановский,Gunverse,GU ai-3849,30,287130,155610.0,131520.0,84.52
,2021-04-01,2021,202104,ТЦ Ивановский,Gunverse,GU ai-3849,56,610680,290472.0,320208.0,110.24
,2021-05-01,2021,202105,ТЦ Ивановский,Gunverse,GU ai-3849,71,806702,368277.0,438425.0,119.05
,2021-06-01,2021,202106,ТЦ Ивановский,Gunverse,GU ai-3849,67,694924,347529.0,347395.0,99.96
,2021-07-01,2021,202107,ТЦ Ивановский,Gunverse,GU ai-3849,71,628279,368277.0,260002.0,70.6
,2021-08-01,2021,202108,ТЦ Ивановский,Gunverse,GU ai-3849,59,584041,306033.0,278008.0,90.84
,2021-09-01,2021,202109,ТЦ Ивановский,Gunverse,GU ai-3849,63,626409,326781.0,299628.0,91.69
,2021-10-01,2021,202110,ТЦ Ивановский,Gunverse,GU ai-3849,52,540540,269724.0,270816.0,100.4
,2021-11-01,2021,202111,ТЦ Ивановский,Gunverse,GU ai-3849,37,364339,191919.0,172420.0,89.84
,2021-12-01,2021,202112,ТЦ Ивановский,Gunverse,GU ai-3849,45,442530,233415.0,209115.0,89.59
,2022-01-01,2022,202201,ТЦ Ивановский,Gunverse,GU ai-3849,65,679380,337155.0,342225.0,101.5
,2022-02-01,2022,202202,ТЦ Ивановский,Gunverse,GU ai-3849,41,418610,212667.0,205943.0,96.84
,2022-03-01,2022,202203,ТЦ Ивановский,Gunverse,GU ai-3849,33,324390,171171.0,153219.0,89.51
,2022-04-01,2022,202204,ТЦ Ивановский,Gunverse,GU ai-3849,61,670573,316407.0,354166.0,111.93
,2022-05-01,2022,202205,ТЦ Ивановский,Gunverse,GU ai-3849,78,841776,404586.0,437190.0,108.06
,2022-06-01,2022,202206,ТЦ Ивановский,Gunverse,GU ai-3849,73,804533,378651.0,425882.0,112.47
,2022-07-01,2022,202207,ТЦ Ивановский,Gunverse,GU ai-3849,78,742326,404586.0,337740.0,83.48
,2022-08-01,2022,202208,ТЦ Ивановский,Gunverse,GU ai-3849,65,623090,337155.0,285935.0,84.81
,2022-09-01,2022,202209,ТЦ Ивановский,Gunverse,GU ai-3849,69,714909,357903.0,357006.0,99.75
,2022-10-01,2022,202210,ТЦ Ивановский,Gunverse,GU ai-3849,57,621642,295659.0,325983.0,110.26
,2022-11-01,2022,202211,ТЦ Ивановский,Gunverse,GU ai-3849,41,416642,212667.0,203975.0,95.91
,2022-12-01,2022,202212,ТЦ Ивановский,Gunverse,GU ai-3849,49,480592,254163.0,226429.0,89.09
,2021-01-01,2021,202101,ТЦ Ивановский,Nuke,NK air-4421,64,839872,384000.0,455872.0,118.72
,2021-02-01,2021,202102,ТЦ Ивановский,Nuke,NK air-4421,40,524320,240000.0,284320.0,118.47
,2021-03-01,2021,202103,ТЦ Ивановский,Nuke,NK air-4421,32,413120,192000.0,221120.0,115.17
,2021-04-01,2021,202104,ТЦ Ивановский,Nuke,NK air-4421,60,831180,360000.0,471180.0,130.88
,2021-05-01,2021,202105,ТЦ Ивановский,Nuke,NK air-4421,76,1104660,456000.0,648660.0,142.25
,2021-06-01,2021,202106,ТЦ Ивановский,Nuke,NK air-4421,72,939168,432000.0,507168.0,117.4
,2021-07-01,2021,202107,ТЦ Ивановский,Nuke,NK air-4421,76,872556,456000.0,416556.0,91.35
,2021-08-01,2021,202108,ТЦ Ивановский,Nuke,NK air-4421,64,835840,384000.0,451840.0,117.67
,2021-09-01,2021,202109,ТЦ Ивановский,Nuke,NK air-4421,68,857684,408000.0,449684.0,110.22
,2021-10-01,2021,202110,ТЦ Ивановский,Nuke,NK air-4421,56,757848,336000.0,421848.0,125.55
,2021-11-01,2021,202111,ТЦ Ивановский,Nuke,NK air-4421,40,518600,240000.0,278600.0,116.08
,2021-12-01,2021,202112,ТЦ Ивановский,Nuke,NK air-4421,48,611856,288000.0,323856.0,112.45
,2022-01-01,2022,202201,ТЦ Ивановский,Nuke,NK air-4421,70,935130,420000.0,515130.0,122.65
,2022-02-01,2022,202202,ТЦ Ивановский,Nuke,NK air-4421,44,600204,264000.0,336204.0,127.35
,2022-03-01,2022,202203,ТЦ Ивановский,Nuke,NK air-4421,35,438795,210000.0,228795.0,108.95
,2022-04-01,2022,202204,ТЦ Ивановский,Nuke,NK air-4421,66,931524,396000.0,535524.0,135.23
,2022-05-01,2022,202205,ТЦ Ивановский,Nuke,NK air-4421,83,1115935,498000.0,617935.0,124.08
,2022-06-01,2022,202206,ТЦ Ивановский,Nuke,NK air-4421,79,1074795,474000.0,600795.0,126.75
,2022-07-01,2022,202207,ТЦ Ивановский,Nuke,NK air-4421,83,951927,498000.0,453927.0,91.15
,2022-08-01,2022,202208,ТЦ Ивановский,Nuke,NK air-4421,70,868210,420000.0,448210.0,106.72
,2022-09-01,2022,202209,ТЦ Ивановский,Nuke,NK air-4421,74,919080,444000.0,475080.0,107.0
,2022-10-01,2022,202210,ТЦ Ивановский,Nuke,NK air-4421,61,807884,366000.0,441884.0,120.73
,2022-11-01,2022,202211,ТЦ Ивановский,Nuke,NK air-4421,44,573804,264000.0,309804.0,117.35
,2022-12-01,2022,202212,ТЦ Ивановский,Nuke,NK air-4421,53,689371,318000.0,371371.0,116.78
,2021-01-01,2021,202101,ТЦ Ивановский,Nuke,NK grou-9880,46,500158,244260.0,255898.0,104.76
,2021-02-01,2021,202102,ТЦ Ивановский,Nuke,NK grou-9880,29,310242,153990.0,156252.0,101.47
,2021-03-01,2021,202103,ТЦ Ивановский,Nuke,NK grou-9880,23,225009,122130.0,102879.0,84.24
,2021-04-01,2021,202104,ТЦ Ивановский,Nuke,NK grou-9880,43,470205,228330.0,241875.0,105.93
,2021-05-01,2021,202105,ТЦ Ивановский,Nuke,NK grou-9880,55,585640,292050.0,293590.0,100.53
,2021-06-01,2021,202106,ТЦ Ивановский,Nuke,NK grou-9880,52,521820,276120.0,245700.0,88.98
,2021-07-01,2021,202107,ТЦ Ивановский,Nuke,NK grou-9880,55,468875,292050.0,176825.0,60.55
,2021-08-01,2021,202108,ТЦ Ивановский,Nuke,NK grou-9880,46,472420,244260.0,228160.0,93.41
,2021-09-01,2021,202109,ТЦ Ивановский,Nuke,NK grou-9880,49,479024,260190.0,218834.0,84.11
,2021-10-01,2021,202110,ТЦ Ивановский,Nuke,NK grou-9880,41,407540,217710.0,189830.0,87.19
,2021-11-01,2021,202111,ТЦ Ивановский,Nuke,NK grou-9880,29,302963,153990.0,148973.0,96.74
,2021-12-01,2021,202112,ТЦ Ивановский,Nuke,NK grou-9880,35,332360,185850.0,146510.0,78.83
,2022-01-01,2022,202201,ТЦ Ивановский,Nuke,NK grou-9880,51,545598,270810.0,274788.0,101.47
,2022-02-01,2022,202202,ТЦ Ивановский,Nuke,NK grou-9880,32,337952,169920.0,168032.0,98.89
,2022-03-01,2022,202203,ТЦ Ивановский,Nuke,NK grou-9880,26,255190,138060.0,117130.0,84.84
,2022-04-01,2022,202204,ТЦ Ивановский,Nuke,NK grou-9880,48,509904,254880.0,255024.0,100.06
,2022-05-01,2022,202205,ТЦ Ивановский,Nuke,NK grou-9880,60,654540,318600.0,335940.0,105.44
,2022-06-01,2022,202206,ТЦ Ивановский,Nuke,NK grou-9880,57,599868,302670.0,297198.0,98.19
,2022-07-01,2022,202207,ТЦ Ивановский,Nuke,NK grou-9880,60,500040,318600.0,181440.0,56.95
,2022-08-01,2022,202208,ТЦ Ивановский,Nuke,NK grou-9880,51,494496,270810.0,223686.0,82.6
,2022-09-01,2022,202209,ТЦ Ивановский,Nuke,NK grou-9880,54,529200,286740.0,242460.0,84.56
,2022-10-01,2022,202210,ТЦ Ивановский,Nuke,NK grou-9880,45,472860,238950.0,233910.0,97.89
,2022-11-01,2022,202211,ТЦ Ивановский,Nuke,NK grou-9880,32,334016,169920.0,164096.0,96.57
,2022-12-01,2022,202212,ТЦ Ивановский,Nuke,NK grou-9880,38,388398,201780.0,186618.0,92.49
,2021-01-01,2021,202101,ТЦ Ивановский,Nuke,NK gre-7983,44,358732,141680.0,217052.0,153.2
,2021-02-01,2021,202102,ТЦ Ивановский,Nuke,NK gre-7983,28,231280,90160.0,141120.0,156.52
,2021-03-01,2021,202103,ТЦ Ивановский,Nuke,NK gre-7983,22,168278,70840.0,97438.0,137.55
,2021-04-01,2021,202104,ТЦ Ивановский,Nuke,NK gre-7983,41,355552,132020.0,223532.0,169.32
,2021-05-01,2021,202105,ТЦ Ивановский,Nuke,NK gre-7983,52,455780,167440.0,288340.0,172.2
,2021-06-01,2021,202106,ТЦ Ивановский,Nuke,NK gre-7983,50,428300,161000.0,267300.0,166.02
,2021-07-01,2021,202107,ТЦ Ивановский,Nuke,NK gre-7983,52,333736,167440.0,166296.0,99.32
,2021-08-01,2021,202108,ТЦ Ивановский,Nuke,NK gre-7983,44,351648,141680.0,209968.0,148.2
,2021-09-01,2021,202109,ТЦ Ивановский,Nuke,NK gre-7983,47,364955,151340.0,213615.0,141.15
,2021-10-01,2021,202110,ТЦ Ивановский,Nuke,NK gre-7983,39,338676,125580.0,213096.0,169.69
,2021-11-01,2021,202111,ТЦ Ивановский,Nuke,NK gre-7983,28,223860,90160.0,133700.0,148.29
,2021-12-01,2021,202112,ТЦ Ивановский,Nuke,NK gre-7983,33,256542,106260.0,150282.0,141.43
,2022-01-01,2022,202201,ТЦ Ивановский,Nuke,NK gre-7983,48,399168,154560.0,244608.0,158.26
,2022-02-01,2022,202202,ТЦ Ивановский,Nuke,NK gre-7983,30,268950,96600.0,172350.0,178.42
,2022-03-01,2022,202203,ТЦ Ивановский,Nuke,NK gre-7983,24,194952,77280.0,117672.0,152.27
,2022-04-01,2022,202204,ТЦ Ивановский,Nuke,NK gre-7983,45,380115,144900.0,235215.0,162.33
,2022-05-01,2022,202205,ТЦ Ивановский,Nuke,NK gre-7983,57,496242,183540.0,312702.0,170.37
,2022-06-01,2022,202206,ТЦ Ивановский,Nuke,NK gre-7983,54,466020,173880.0,292140.0,168.01
,2022-07-01,2022,202207,ТЦ Ивановский,Nuke,NK gre-7983,57,386859,183540.0,203319.0,110.78
,2022-08-01,2022,202208,ТЦ Ивановский,Nuke,NK gre-7983,48,366336,154560.0,211776.0,137.02
,2022-09-01,2022,202209,ТЦ Ивановский,Nuke,NK gre-7983,51,390915,164220.0,226695.0,138.04
,2022-10-01,2022,202210,ТЦ Ивановский,Nuke,NK gre-7983,42,344232,135240.0,208992.0,154.53
,2022-11-01,2022,202211,ТЦ Ивановский,Nuke,NK gre-7983,30,238860,96600.0,142260.0,147.27
,2022-12-01,2022,202212,ТЦ Ивановский,Nuke,NK gre-7983,36,284400,115920.0,168480.0,145.34
,2021-01-01,2021,202101,ТЦ Ивановский,Nuke,NK earth-5320,55,418330,182325.0,236005.0,129.44
,2021-02-01,2021,202102,ТЦ Ивановский,Nuke,NK earth-5320,34,287504,112710.0,174794.0,155.08
,2021-03-01,2021,202103,ТЦ Ивановский,Nuke,NK earth-5320,28,212128,92820.0,119308.0,128.54
,2021-04-01,2021,202104,ТЦ Ивановский,Nuke,NK earth-5320,51,424677,169065.0,255612.0,151.19
,2021-05-01,2021,202105,ТЦ Ивановский,Nuke,NK earth-5320,65,535080,215475.0,319605.0,148.33
,2021-06-01,2021,202106,ТЦ Ивановский,Nuke,NK earth-5320,62,512492,205530.0,306962.0,149.35
,2021-07-01,2021,202107,ТЦ Ивановский,Nuke,NK earth-5320,65,404300,215475.0,188825.0,87.63
,2021-08-01,2021,202108,ТЦ Ивановский,Nuke,NK earth-5320,55,408155,182325.0,225830.0,123.86
,2021-09-01,2021,202109,ТЦ Ивановский,Nuke,NK earth-5320,58,447180,192270.0,254910.0,132.58
,2021-10-01,2021,202110,ТЦ Ивановский,Nuke,NK earth-5320,48,386736,159120.0,227616.0,143.05
,2021-11-01,2021,202111,ТЦ Ивановский,Nuke,NK earth-5320,34,270028,112710.0,157318.0,139.58
,2021-12-01,2021,202112,ТЦ Ивановский,Nuke,NK earth-5320,41,280153,135915.0,144238.0,106.12
,2022-01-01,2022,202201,ТЦ Ивановский,Nuke,NK earth-5320,60,473520,198900.0,274620.0,138.07
,2022-02-01,2022,202202,ТЦ Ивановский,Nuke,NK earth-5320,38,310954,125970.0,184984.0,146.85
,2022-03-01,2022,202203,ТЦ Ивановский,Nuke,NK earth-5320,30,224040,99450.0,124590.0,125.28
,2022-04-01,2022,202204,ТЦ Ивановский,Nuke,NK earth-5320,56,421680,185640.0,236040.0,127.15
,2022-05-01,2022,202205,ТЦ Ивановский,Nuke,NK earth-5320,71,578082,235365.0,342717.0,145.61
,2022-06-01,2022,202206,ТЦ Ивановский,Nuke,NK earth-5320,68,505648,225420.0,280228.0,124.31
,2022-07-01,2022,202207,ТЦ Ивановский,Nuke,NK earth-5320,71,420888,235365.0,185523.0,78.82
,2022-08-01,2022,202208,ТЦ Ивановский,Nuke,NK earth-5320,60,432540,198900.0,233640.0,117.47
,2022-09-01,2022,202209,ТЦ Ивановский,Nuke,NK earth-5320,64,461440,212160.0,249280.0,117.5
,2022-10-01,2022,202210,ТЦ Ивановский,Nuke,NK earth-5320,53,420767,175695.0,245072.0,139.49
,2022-11-01,2022,202211,ТЦ Ивановский,Nuke,NK earth-5320,38,311372,125970.0,185402.0,147.18
,2022-12-01,2022,202212,ТЦ Ивановский,Nuke,NK earth-5320,45,306180,149175.0,157005.0,105.25
,2021-01-01,2021,202101,ТЦ Ивановский,Nuke,NK ais-5028,60,672720,282000.0,390720.0,138.55
,2021-02-01,2021,202102,ТЦ Ивановский,Nuke,NK ais-5028,38,441142,178600.0,262542.0,147.0
,2021-03-01,2021,202103,ТЦ Ивановский,Nuke,NK ais-5028,30,316230,141000.0,175230.0,124.28
,2021-04-01,2021,202104,ТЦ Ивановский,Nuke,NK ais-5028,56,674968,263200.0,411768.0,156.45
,2021-05-01,2021,202105,ТЦ Ивановский,Nuke,NK ais-5028,71,870886,333700.0,537186.0,160.98
,2021-06-01,2021,202106,ТЦ Ивановский,Nuke,NK ais-5028,68,813824,319600.0,494224.0,154.64
,2021-07-01,2021,202107,ТЦ Ивановский,Nuke,NK ais-5028,71,707231,333700.0,373531.0,111.94
,2021-08-01,2021,202108,ТЦ Ивановский,Nuke,NK ais-5028,60,622440,282000.0,340440.0,120.72
,2021-09-01,2021,202109,ТЦ Ивановский,Nuke,NK ais-5028,64,678592,300800.0,377792.0,125.6
,2021-10-01,2021,202110,ТЦ Ивановский,Nuke,NK ais-5028,53,607380,249100.0,358280.0,143.83
,2021-11-01,2021,202111,ТЦ Ивановский,Nuke,NK ais-5028,38,429590,178600.0,250990.0,140.53
,2021-12-01,2021,202112,ТЦ Ивановский,Nuke,NK ais-5028,45,457200,211500.0,245700.0,116.17
,2022-01-01,2022,202201,ТЦ Ивановский,Nuke,NK ais-5028,66,761574,310200.0,451374.0,145.51
,2022-02-01,2022,202202,ТЦ Ивановский,Nuke,NK ais-5028,41,497945,192700.0,305245.0,158.4
,2022-03-01,2022,202203,ТЦ Ивановский,Nuke,NK ais-5028,33,342474,155100.0,187374.0,120.81
,2022-04-01,2022,202204,ТЦ Ивановский,Nuke,NK ais-5028,62,727694,291400.0,436294.0,149.72
,2022-05-01,2022,202205,ТЦ Ивановский,Nuke,NK ais-5028,78,959556,366600.0,592956.0,161.74
,2022-06-01,2022,202206,ТЦ Ивановский,Nuke,NK ais-5028,74,797350,347800.0,449550.0,129.26
,2022-07-01,2022,202207,ТЦ Ивановский,Nuke,NK ais-5028,78,762996,366600.0,396396.0,108.13
,2022-08-01,2022,202208,ТЦ Ивановский,Nuke,NK ais-5028,66,726726,310200.0,416526.0,134.28
,2022-09-01,2022,202209,ТЦ Ивановский,Nuke,NK ais-5028,70,753060,329000.0,424060.0,128.89
,2022-10-01,2022,202210,ТЦ Ивановский,Nuke,NK ais-5028,58,644844,272600.0,372244.0,136.55
,2022-11-01,2022,202211,ТЦ Ивановский,Nuke,NK ais-5028,41,462521,192700.0,269821.0,140.02
,2022-12-01,2022,202212,ТЦ Ивановский,Nuke,NK ais-5028,50,549350,235000.0,314350.0,133.77
,2021-01-01,2021,202101,ТЦ Ивановский,Nuke,NK ice-4908,63,617841,338247.0,279594.0,82.66
,2021-02-01,2021,202102,ТЦ Ивановский,Nuke,NK ice-4908,40,441120,214760.0,226360.0,105.4
,2021-03-01,2021,202103,ТЦ Ивановский,Nuke,NK ice-4908,32,331296,171808.0,159488.0,92.83
,2021-04-01,2021,202104,ТЦ Ивановский,Nuke,NK ice-4908,59,660918,316771.0,344147.0,108.64
,2021-05-01,2021,202105,ТЦ Ивановский,Nuke,NK ice-4908,75,805875,402675.0,403200.0,100.13
,2021-06-01,2021,202106,ТЦ Ивановский,Nuke,NK ice-4908,71,728957,381199.0,347758.0,91.23
,2021-07-01,2021,202107,ТЦ Ивановский,Nuke,NK ice-4908,75,660225,402675.0,257550.0,63.96
,2021-08-01,2021,202108,ТЦ Ивановский,Nuke,NK ice-4908,63,585018,338247.0,246771.0,72.96
,2021-09-01,2021,202109,ТЦ Ивановский,Nuke,NK ice-4908,67,635428,359723.0,275705.0,76.64
,2021-10-01,2021,202110,ТЦ Ивановский,Nuke,NK ice-4908,55,593175,295295.0,297880.0,100.88
,2021-11-01,2021,202111,ТЦ Ивановский,Nuke,NK ice-4908,40,425240,214760.0,210480.0,98.01
,2021-12-01,2021,202112,ТЦ Ивановский,Nuke,NK ice-4908,48,495984,257712.0,238272.0,92.46
,2022-01-01,2022,202201,ТЦ Ивановский,Nuke,NK ice-4908,70,770630,375830.0,394800.0,105.05
,2022-02-01,2022,202202,ТЦ Ивановский,Nuke,NK ice-4908,44,470008,236236.0,233772.0,98.96
,2022-03-01,2022,202203,ТЦ Ивановский,Nuke,NK ice-4908,35,331730,187915.0,143815.0,76.53
,2022-04-01,2022,202204,ТЦ Ивановский,Nuke,NK ice-4908,65,706160,348985.0,357175.0,102.35
,2022-05-01,2022,202205,ТЦ Ивановский,Nuke,NK ice-4908,83,930015,445627.0,484388.0,108.7
,2022-06-01,2022,202206,ТЦ Ивановский,Nuke,NK ice-4908,78,833664,418782.0,414882.0,99.07
,2022-07-01,2022,202207,ТЦ Ивановский,Nuke,NK ice-4908,83,751233,445627.0,305606.0,68.58
,2022-08-01,2022,202208,ТЦ Ивановский,Nuke,NK ice-4908,70,673890,375830.0,298060.0,79.31
,2022-09-01,2022,202209,ТЦ Ивановский,Nuke,NK ice-4908,74,744366,397306.0,347060.0,87.35
,2022-10-01,2022,202210,ТЦ Ивановский,Nuke,NK ice-4908,61,664900,327509.0,337391.0,103.02
,2022-11-01,2022,202211,ТЦ Ивановский,Nuke,NK ice-4908,44,451264,236236.0,215028.0,91.02
,2022-12-01,2022,202212,ТЦ Ивановский,Nuke,NK ice-4908,52,501384,279188.0,222196.0,79.59
,2021-01-01,2021,202101,ТЦ Ивановский,Nuke,NK ai-2826,45,545265,247500.0,297765.0,120.31
,2021-02-01,2021,202102,ТЦ Ивановский,Nuke,NK ai-2826,28,337960,154000.0,183960.0,119.45
,2021-03-01,2021,202103,ТЦ Ивановский,Nuke,NK ai-2826,23,273976,126500.0,147476.0,116.58
,2021-04-01,2021,202104,ТЦ Ивановский,Nuke,NK ai-2826,42,527646,231000.0,296646.0,128.42
,2021-05-01,2021,202105,ТЦ Ивановский,Nuke,NK ai-2826,54,720198,297000.0,423198.0,142.49
,2021-06-01,2021,202106,ТЦ Ивановский,Nuke,NK ai-2826,51,648975,280500.0,368475.0,131.36
,2021-07-01,2021,202107,ТЦ Ивановский,Nuke,NK ai-2826,54,597456,297000.0,300456.0,101.16
,2021-08-01,2021,202108,ТЦ Ивановский,Nuke,NK ai-2826,45,507645,247500.0,260145.0,105.11
,2021-09-01,2021,202109,ТЦ Ивановский,Nuke,NK ai-2826,48,588048,264000.0,324048.0,122.75
,2021-10-01,2021,202110,ТЦ Ивановский,Nuke,NK ai-2826,40,519360,220000.0,299360.0,136.07
,2021-11-01,2021,202111,ТЦ Ивановский,Nuke,NK ai-2826,28,360024,154000.0,206024.0,133.78
,2021-12-01,2021,202112,ТЦ Ивановский,Nuke,NK ai-2826,34,419084,187000.0,232084.0,124.11
,2022-01-01,2022,202201,ТЦ Ивановский,Nuke,NK ai-2826,50,603350,275000.0,328350.0,119.4
,2022-02-01,2022,202202,ТЦ Ивановский,Nuke,NK ai-2826,31,378200,170500.0,207700.0,121.82
,2022-03-01,2022,202203,ТЦ Ивановский,Nuke,NK ai-2826,25,305625,137500.0,168125.0,122.27
,2022-04-01,2022,202204,ТЦ Ивановский,Nuke,NK ai-2826,47,588017,258500.0,329517.0,127.47
,2022-05-01,2022,202205,ТЦ Ивановский,Nuke,NK ai-2826,59,744285,324500.0,419785.0,129.36
,2022-06-01,2022,202206,ТЦ Ивановский,Nuke,NK ai-2826,56,666232,308000.0,358232.0,116.31
,2022-07-01,2022,202207,ТЦ Ивановский,Nuke,NK ai-2826,59,611122,324500.0,286622.0,88.33
,2022-08-01,2022,202208,ТЦ Ивановский,Nuke,NK ai-2826,50,603850,275000.0,328850.0,119.58
,2022-09-01,2022,202209,ТЦ Ивановский,Nuke,NK ai-2826,53,617185,291500.0,325685.0,111.73
,2022-10-01,2022,202210,ТЦ Ивановский,Nuke,NK ai-2826,44,532444,242000.0,290444.0,120.02
,2022-11-01,2022,202211,ТЦ Ивановский,Nuke,NK ai-2826,31,371473,170500.0,200973.0,117.87
,2022-12-01,2022,202212,ТЦ Ивановский,Nuke,NK ai-2826,37,416435,203500.0,212935.0,104.64
,2021-01-01,2021,202101,ТЦ Ивановский,Rubok,RB air-7636,14,54264,21168.0,33096.0,156.35
,2021-02-01,2021,202102,ТЦ Ивановский,Rubok,RB air-7636,9,40338,13608.0,26730.0,196.43
,2021-03-01,2021,202103,ТЦ Ивановский,Rubok,RB air-7636,7,22022,10584.0,11438.0,108.07
,2021-04-01,2021,202104,ТЦ Ивановский,Rubok,RB air-7636,13,58370,19656.0,38714.0,196.96
,2021-05-01,2021,202105,ТЦ Ивановский,Rubok,RB air-7636,17,75616,25704.0,49912.0,194.18
,2021-06-01,2021,202106,ТЦ Ивановский,Rubok,RB air-7636,16,70096,24192.0,45904.0,189.75
,2021-07-01,2021,202107,ТЦ Ивановский,Rubok,RB air-7636,17,43911,25704.0,18207.0,70.83
,2021-08-01,2021,202108,ТЦ Ивановский,Rubok,RB air-7636,14,57596,21168.0,36428.0,172.09
,2021-09-01,2021,202109,ТЦ Ивановский,Rubok,RB air-7636,15,58275,22680.0,35595.0,156.94
,2021-10-01,2021,202110,ТЦ Ивановский,Rubok,RB air-7636,12,50700,18144.0,32556.0,179.43
,2021-11-01,2021,202111,ТЦ Ивановский,Rubok,RB air-7636,9,35604,13608.0,21996.0,161.64
,2021-12-01,2021,202112,ТЦ Ивановский,Rubok,RB air-7636,11,36113,16632.0,19481.0,117.13
,2022-01-01,2022,202201,ТЦ Ивановский,Rubok,RB air-7636,16,65600,24192.0,41408.0,171.16
,2022-02-01,2022,202202,ТЦ Ивановский,Rubok,RB air-7636,10,42500,15120.0,27380.0,181.08
,2022-03-01,2022,202203,ТЦ Ивановский,Rubok,RB air-7636,8,24816,12096.0,12720.0,105.16
,2022-04-01,2022,202204,ТЦ Ивановский,Rubok,RB air-7636,15,71565,22680.0,48885.0,215.54
,2022-05-01,2022,202205,ТЦ Ивановский,Rubok,RB air-7636,18,84132,27216.0,56916.0,209.13
,2022-06-01,2022,202206,ТЦ Ивановский,Rubok,RB air-7636,17,70482,25704.0,44778.0,174.21
,2022-07-01,2022,202207,ТЦ Ивановский,Rubok,RB air-7636,18,55458,27216.0,28242.0,103.77
,2022-08-01,2022,202208,ТЦ Ивановский,Rubok,RB air-7636,16,61872,24192.0,37680.0,155.75
,2022-09-01,2022,202209,ТЦ Ивановский,Rubok,RB air-7636,16,67184,24192.0,42992.0,177.71
,2022-10-01,2022,202210,ТЦ Ивановский,Rubok,RB air-7636,14,59598,21168.0,38430.0,181.55
,2022-11-01,2022,202211,ТЦ Ивановский,Rubok,RB air-7636,10,38270,15120.0,23150.0,153.11
,2022-12-01,2022,202212,ТЦ Ивановский,Rubok,RB air-7636,12,46968,18144.0,28824.0,158.86
,2021-01-01,2021,202101,ТЦ Ивановский,Rubok,RB grou-5163,17,48756,13294.0,35462.0,266.75
,2021-02-01,2021,202102,ТЦ Ивановский,Rubok,RB grou-5163,11,39127,8602.0,30525.0,354.86
,2021-03-01,2021,202103,ТЦ Ивановский,Rubok,RB grou-5163,9,16695,7038.0,9657.0,137.21
,2021-04-01,2021,202104,ТЦ Ивановский,Rubok,RB grou-5163,16,61312,12512.0,48800.0,390.03
,2021-05-01,2021,202105,ТЦ Ивановский,Rubok,RB grou-5163,21,73836,16422.0,57414.0,349.62
,2021-06-01,2021,202106,ТЦ Ивановский,Rubok,RB grou-5163,19,58615,14858.0,43757.0,294.5
,2021-07-01,2021,202107,ТЦ Ивановский,Rubok,RB grou-5163,21,37485,16422.0,21063.0,128.26
,2021-08-01,2021,202108,ТЦ Ивановский,Rubok,RB grou-5163,17,42789,13294.0,29495.0,221.87
,2021-09-01,2021,202109,ТЦ Ивановский,Rubok,RB grou-5163,18,43380,14076.0,29304.0,208.18
,2021-10-01,2021,202110,ТЦ Ивановский,Rubok,RB grou-5163,15,48915,11730.0,37185.0,317.01
,2021-11-01,2021,202111,ТЦ Ивановский,Rubok,RB grou-5163,11,30305,8602.0,21703.0,252.3
,2021-12-01,2021,202112,ТЦ Ивановский,Rubok,RB grou-5163,13,26455,10166.0,16289.0,160.23
,2022-01-01,2022,202201,ТЦ Ивановский,Rubok,RB grou-5163,19,62206,14858.0,47348.0,318.67
,2022-02-01,2022,202202,ТЦ Ивановский,Rubok,RB grou-5163,12,35784,9384.0,26400.0,281.33
,2022-03-01,2022,202203,ТЦ Ивановский,Rubok,RB grou-5163,10,23380,7820.0,15560.0,198.98
,2022-04-01,2022,202204,ТЦ Ивановский,Rubok,RB grou-5163,18,57636,14076.0,43560.0,309.46
,2022-05-01,2022,202205,ТЦ Ивановский,Rubok,RB grou-5163,23,90413,17986.0,72427.0,402.69
,2022-06-01,2022,202206,ТЦ Ивановский,Rubok,RB grou-5163,21,74004,16422.0,57582.0,350.64
,2022-07-01,2022,202207,ТЦ Ивановский,Rubok,RB grou-5163,23,29394,17986.0,11408.0,63.43
,2022-08-01,2022,202208,ТЦ Ивановский,Rubok,RB grou-5163,19,42674,14858.0,27816.0,187.21
,2022-09-01,2022,202209,ТЦ Ивановский,Rubok,RB grou-5163,20,54920,15640.0,39280.0,251.15
,2022-10-01,2022,202210,ТЦ Ивановский,Rubok,RB grou-5163,17,53006,13294.0,39712.0,298.72
,2022-11-01,2022,202211,ТЦ Ивановский,Rubok,RB grou-5163,12,32316,9384.0,22932.0,244.37
,2022-12-01,2022,202212,ТЦ Ивановский,Rubok,RB grou-5163,14,36764,10948.0,25816.0,235.81
,2021-01-01,2021,202101,ТЦ Ивановский,Rubok,RB gre-1678,16,79344,28000.0,51344.0,183.37
,2021-02-01,2021,202102,ТЦ Ивановский,Rubok,RB gre-1678,10,50940,17500.0,33440.0,191.09
,2021-03-01,2021,202103,ТЦ Ивановский,Rubok,RB gre-1678,8,31792,14000.0,17792.0,127.09
,2021-04-01,2021,202104,ТЦ Ивановский,Rubok,RB gre-1678,15,84300,26250.0,58050.0,221.14
,2021-05-01,2021,202105,ТЦ Ивановский,Rubok,RB gre-1678,19,92929,33250.0,59679.0,179.49
,2021-06-01,2021,202106,ТЦ Ивановский,Rubok,RB gre-1678,18,88740,31500.0,57240.0,181.71
,2021-07-01,2021,202107,ТЦ Ивановский,Rubok,RB gre-1678,19,54758,33250.0,21508.0,64.69
,2021-08-01,2021,202108,ТЦ Ивановский,Rubok,RB gre-1678,16,65872,28000.0,37872.0,135.26
,2021-09-01,2021,202109,ТЦ Ивановский,Rubok,RB gre-1678,17,74783,29750.0,45033.0,151.37
,2021-10-01,2021,202110,ТЦ Ивановский,Rubok,RB gre-1678,14,64456,24500.0,39956.0,163.09
,2021-11-01,2021,202111,ТЦ Ивановский,Rubok,RB gre-1678,10,47760,17500.0,30260.0,172.91
,2021-12-01,2021,202112,ТЦ Ивановский,Rubok,RB gre-1678,12,51444,21000.0,30444.0,144.97
,2022-01-01,2022,202201,ТЦ Ивановский,Rubok,RB gre-1678,17,74222,29750.0,44472.0,149.49
,2022-02-01,2022,202202,ТЦ Ивановский,Rubok,RB gre-1678,11,51975,19250.0,32725.0,170.0
,2022-03-01,2022,202203,ТЦ Ивановский,Rubok,RB gre-1678,9,40680,15750.0,24930.0,158.29
,2022-04-01,2022,202204,ТЦ Ивановский,Rubok,RB gre-1678,16,82640,28000.0,54640.0,195.14
,2022-05-01,2022,202205,ТЦ Ивановский,Rubok,RB gre-1678,20,99840,35000.0,64840.0,185.26
,2022-06-01,2022,202206,ТЦ Ивановский,Rubok,RB gre-1678,19,90554,33250.0,57304.0,172.34
,2022-07-01,2022,202207,ТЦ Ивановский,Rubok,RB gre-1678,20,68080,35000.0,33080.0,94.51
,2022-08-01,2022,202208,ТЦ Ивановский,Rubok,RB gre-1678,17,61710,29750.0,31960.0,107.43
,2022-09-01,2022,202209,ТЦ Ивановский,Rubok,RB gre-1678,18,89982,31500.0,58482.0,185.66
,2022-10-01,2022,202210,ТЦ Ивановский,Rubok,RB gre-1678,15,74685,26250.0,48435.0,184.51
,2022-11-01,2022,202211,ТЦ Ивановский,Rubok,RB gre-1678,11,56584,19250.0,37334.0,193.94
,2022-12-01,2022,202212,ТЦ Ивановский,Rubok,RB gre-1678,13,53573,22750.0,30823.0,135.49
,2021-01-01,2021,202101,ТЦ Ивановский,Rubok,RB earth-5369,14,81396,35280.0,46116.0,130.71
,2021-02-01,2021,202102,ТЦ Ивановский,Rubok,RB earth-5369,9,55251,22680.0,32571.0,143.61
,2021-03-01,2021,202103,ТЦ Ивановский,Rubok,RB earth-5369,7,37135,17640.0,19495.0,110.52
,2021-04-01,2021,202104,ТЦ Ивановский,Rubok,RB earth-5369,13,81042,32760.0,48282.0,147.38
,2021-05-01,2021,202105,ТЦ Ивановский,Rubok,RB earth-5369,17,104329,42840.0,61489.0,143.53
,2021-06-01,2021,202106,ТЦ Ивановский,Rubok,RB earth-5369,16,90192,40320.0,49872.0,123.69
,2021-07-01,2021,202107,ТЦ Ивановский,Rubok,RB earth-5369,17,76041,42840.0,33201.0,77.5
,2021-08-01,2021,202108,ТЦ Ивановский,Rubok,RB earth-5369,14,73150,35280.0,37870.0,107.34
,2021-09-01,2021,202109,ТЦ Ивановский,Rubok,RB earth-5369,15,69645,37800.0,31845.0,84.25
,2021-10-01,2021,202110,ТЦ Ивановский,Rubok,RB earth-5369,12,69444,30240.0,39204.0,129.64
,2021-11-01,2021,202111,ТЦ Ивановский,Rubok,RB earth-5369,9,44235,22680.0,21555.0,95.04
,2021-12-01,2021,202112,ТЦ Ивановский,Rubok,RB earth-5369,11,52228,27720.0,24508.0,88.41
,2022-01-01,2022,202201,ТЦ Ивановский,Rubok,RB earth-5369,16,81216,40320.0,40896.0,101.43
,2022-02-01,2022,202202,ТЦ Ивановский,Rubok,RB earth-5369,10,58090,25200.0,32890.0,130.52
,2022-03-01,2022,202203,ТЦ Ивановский,Rubok,RB earth-5369,8,35400,20160.0,15240.0,75.6
,2022-04-01,2022,202204,ТЦ Ивановский,Rubok,RB earth-5369,15,84180,37800.0,46380.0,122.7
,2022-05-01,2022,202205,ТЦ Ивановский,Rubok,RB earth-5369,18,114102,45360.0,68742.0,151.55
,2022-06-01,2022,202206,ТЦ Ивановский,Rubok,RB earth-5369,17,99552,42840.0,56712.0,132.38
,2022-07-01,2022,202207,ТЦ Ивановский,Rubok,RB earth-5369,18,63414,45360.0,18054.0,39.8
,2022-08-01,2022,202208,ТЦ Ивановский,Rubok,RB earth-5369,16,83872,40320.0,43552.0,108.02
,2022-09-01,2022,202209,ТЦ Ивановский,Rubok,RB earth-5369,16,78512,40320.0,38192.0,94.72
,2022-10-01,2022,202210,ТЦ Ивановский,Rubok,RB earth-5369,14,72618,35280.0,37338.0,105.83
,2022-11-01,2022,202211,ТЦ Ивановский,Rubok,RB earth-5369,10,56610,25200.0,31410.0,124.64
,2022-12-01,2022,202212,ТЦ Ивановский,Rubok,RB earth-5369,12,66240,30240.0,36000.0,119.05
,2021-01-01,2021,202101,ТЦ Ивановский,Rubok,RB ais-8935,18,56178,16632.0,39546.0,237.77
,2021-02-01,2021,202102,ТЦ Ивановский,Rubok,RB ais-8935,11,34419,10164.0,24255.0,238.64
,2021-03-01,2021,202103,ТЦ Ивановский,Rubok,RB ais-8935,9,25641,8316.0,17325.0,208.33
,2021-04-01,2021,202104,ТЦ Ивановский,Rubok,RB ais-8935,17,61132,15708.0,45424.0,289.18
,2021-05-01,2021,202105,ТЦ Ивановский,Rubok,RB ais-8935,21,86688,19404.0,67284.0,346.75
,2021-06-01,2021,202106,ТЦ Ивановский,Rubok,RB ais-8935,20,78580,18480.0,60100.0,325.22
,2021-07-01,2021,202107,ТЦ Ивановский,Rubok,RB ais-8935,21,43113,19404.0,23709.0,122.19
,2021-08-01,2021,202108,ТЦ Ивановский,Rubok,RB ais-8935,18,56898,16632.0,40266.0,242.1
,2021-09-01,2021,202109,ТЦ Ивановский,Rubok,RB ais-8935,19,56335,17556.0,38779.0,220.89
,2021-10-01,2021,202110,ТЦ Ивановский,Rubok,RB ais-8935,16,52080,14784.0,37296.0,252.27
,2021-11-01,2021,202111,ТЦ Ивановский,Rubok,RB ais-8935,11,38269,10164.0,28105.0,276.52
,2021-12-01,2021,202112,ТЦ Ивановский,Rubok,RB ais-8935,14,44338,12936.0,31402.0,242.75
,2022-01-01,2022,202201,ТЦ Ивановский,Rubok,RB ais-8935,20,59840,18480.0,41360.0,223.81
,2022-02-01,2022,202202,ТЦ Ивановский,Rubok,RB ais-8935,13,50882,12012.0,38870.0,323.59
,2022-03-01,2022,202203,ТЦ Ивановский,Rubok,RB ais-8935,10,35770,9240.0,26530.0,287.12
,2022-04-01,2022,202204,ТЦ Ивановский,Rubok,RB ais-8935,19,74727,17556.0,57171.0,325.65
,2022-05-01,2022,202205,ТЦ Ивановский,Rubok,RB ais-8935,23,107916,21252.0,86664.0,407.79
,2022-06-01,2022,202206,ТЦ Ивановский,Rubok,RB ais-8935,22,78628,20328.0,58300.0,286.8
,2022-07-01,2022,202207,ТЦ Ивановский,Rubok,RB ais-8935,23,34339,21252.0,13087.0,61.58
,2022-08-01,2022,202208,ТЦ Ивановский,Rubok,RB ais-8935,20,59660,18480.0,41180.0,222.84
,2022-09-01,2022,202209,ТЦ Ивановский,Rubok,RB ais-8935,21,65037,19404.0,45633.0,235.17
,2022-10-01,2022,202210,ТЦ Ивановский,Rubok,RB ais-8935,17,60520,15708.0,44812.0,285.28
,2022-11-01,2022,202211,ТЦ Ивановский,Rubok,RB ais-8935,13,50960,12012.0,38948.0,324.24
,2022-12-01,2022,202212,ТЦ Ивановский,Rubok,RB ais-8935,15,46050,13860.0,32190.0,232.25
,2021-01-01,2021,202101,ТЦ Ивановский,Rubok,RB ice-6256,14,60284,15288.0,44996.0,294.32
,2021-02-01,2021,202102,ТЦ Ивановский,Rubok,RB ice-6256,9,40779,9828.0,30951.0,314.93
,2021-03-01,2021,202103,ТЦ Ивановский,Rubok,RB ice-6256,7,23758,7644.0,16114.0,210.81
,2021-04-01,2021,202104,ТЦ Ивановский,Rubok,RB ice-6256,14,56392,15288.0,41104.0,268.86
,2021-05-01,2021,202105,ТЦ Ивановский,Rubok,RB ice-6256,17,84269,18564.0,65705.0,353.94
,2021-06-01,2021,202106,ТЦ Ивановский,Rubok,RB ice-6256,16,64208,17472.0,46736.0,267.49
,2021-07-01,2021,202107,ТЦ Ивановский,Rubok,RB ice-6256,17,47770,18564.0,29206.0,157.33
,2021-08-01,2021,202108,ТЦ Ивановский,Rubok,RB ice-6256,14,43694,15288.0,28406.0,185.81
,2021-09-01,2021,202109,ТЦ Ивановский,Rubok,RB ice-6256,15,60720,16380.0,44340.0,270.7
,2021-10-01,2021,202110,ТЦ Ивановский,Rubok,RB ice-6256,13,44265,14196.0,30069.0,211.81
,2021-11-01,2021,202111,ТЦ Ивановский,Rubok,RB ice-6256,9,38322,9828.0,28494.0,289.93
,2021-12-01,2021,202112,ТЦ Ивановский,Rubok,RB ice-6256,11,39303,12012.0,27291.0,227.2
,2022-01-01,2022,202201,ТЦ Ивановский,Rubok,RB ice-6256,16,67840,17472.0,50368.0,288.28
,2022-02-01,2022,202202,ТЦ Ивановский,Rubok,RB ice-6256,10,36040,10920.0,25120.0,230.04
,2022-03-01,2022,202203,ТЦ Ивановский,Rubok,RB ice-6256,8,28296,8736.0,19560.0,223.9
,2022-04-01,2022,202204,ТЦ Ивановский,Rubok,RB ice-6256,15,63990,16380.0,47610.0,290.66
,2022-05-01,2022,202205,ТЦ Ивановский,Rubok,RB ice-6256,19,83866,20748.0,63118.0,304.21
,2022-06-01,2022,202206,ТЦ Ивановский,Rubok,RB ice-6256,18,80388,19656.0,60732.0,308.97
,2022-07-01,2022,202207,ТЦ Ивановский,Rubok,RB ice-6256,19,51718,20748.0,30970.0,149.27
,2022-08-01,2022,202208,ТЦ Ивановский,Rubok,RB ice-6256,16,53920,17472.0,36448.0,208.61
,2022-09-01,2022,202209,ТЦ Ивановский,Rubok,RB ice-6256,17,62628,18564.0,44064.0,237.36
,2022-10-01,2022,202210,ТЦ Ивановский,Rubok,RB ice-6256,14,50456,15288.0,35168.0,230.04
,2022-11-01,2022,202211,ТЦ Ивановский,Rubok,RB ice-6256,10,40170,10920.0,29250.0,267.86
,2022-12-01,2022,202212,ТЦ Ивановский,Rubok,RB ice-6256,12,46236,13104.0,33132.0,252.84
,2021-01-01,2021,202101,ТЦ Ивановский,Rubok,RB ai-9349,18,53712,15732.0,37980.0,241.42
,2021-02-01,2021,202102,ТЦ Ивановский,Rubok,RB ai-9349,12,35820,10488.0,25332.0,241.53
,2021-03-01,2021,202103,ТЦ Ивановский,Rubok,RB ai-9349,9,24840,7866.0,16974.0,215.79
,2021-04-01,2021,202104,ТЦ Ивановский,Rubok,RB ai-9349,17,71604,14858.0,56746.0,381.92
,2021-05-01,2021,202105,ТЦ Ивановский,Rubok,RB ai-9349,22,91080,19228.0,71852.0,373.68
,2021-06-01,2021,202106,ТЦ Ивановский,Rubok,RB ai-9349,21,54999,18354.0,36645.0,199.66
,2021-07-01,2021,202107,ТЦ Ивановский,Rubok,RB ai-9349,22,41140,19228.0,21912.0,113.96
,2021-08-01,2021,202108,ТЦ Ивановский,Rubok,RB ai-9349,18,48348,15732.0,32616.0,207.32
,2021-09-01,2021,202109,ТЦ Ивановский,Rubok,RB ai-9349,20,61540,17480.0,44060.0,252.06
,2021-10-01,2021,202110,ТЦ Ивановский,Rubok,RB ai-9349,16,57344,13984.0,43360.0,310.07
,2021-11-01,2021,202111,ТЦ Ивановский,Rubok,RB ai-9349,12,43308,10488.0,32820.0,312.93
,2021-12-01,2021,202112,ТЦ Ивановский,Rubok,RB ai-9349,14,44772,12236.0,32536.0,265.9
,2022-01-01,2022,202201,ТЦ Ивановский,Rubok,RB ai-9349,20,68180,17480.0,50700.0,290.05
,2022-02-01,2022,202202,ТЦ Ивановский,Rubok,RB ai-9349,13,44330,11362.0,32968.0,290.16
,2022-03-01,2022,202203,ТЦ Ивановский,Rubok,RB ai-9349,10,25050,8740.0,16310.0,186.61
,2022-04-01,2022,202204,ТЦ Ивановский,Rubok,RB ai-9349,19,80294,16606.0,63688.0,383.52
,2022-05-01,2022,202205,ТЦ Ивановский,Rubok,RB ai-9349,24,86688,20976.0,65712.0,313.27
,2022-06-01,2022,202206,ТЦ Ивановский,Rubok,RB ai-9349,23,74336,20102.0,54234.0,269.79
,2022-07-01,2022,202207,ТЦ Ивановский,Rubok,RB ai-9349,24,40320,20976.0,19344.0,92.22
,2022-08-01,2022,202208,ТЦ Ивановский,Rubok,RB ai-9349,20,50760,17480.0,33280.0,190.39
,2022-09-01,2022,202209,ТЦ Ивановский,Rubok,RB ai-9349,21,49476,18354.0,31122.0,169.57
,2022-10-01,2022,202210,ТЦ Ивановский,Rubok,RB ai-9349,18,61182,15732.0,45450.0,288.9
,2022-11-01,2022,202211,ТЦ Ивановский,Rubok,RB ai-9349,13,42588,11362.0,31226.0,274.83
,2022-12-01,2022,202212,ТЦ Ивановский,Rubok,RB ai-9349,15,33480,13110.0,20370.0,155.38
